,Adjusted Close
2006-12-28,138.52
2006-12-29,137.68
2007-01-03,136.64
2007-01-04,139.28
2007-01-05,134.6
2007-01-08,132.68
2007-01-09,131.68
2007-01-10,132.76
2007-01-11,132.96
2007-01-12,131.08
2007-01-16,129.0
2007-01-17,129.52
2007-01-18,120.76
2007-01-19,122.44
2007-01-22,120.08
2007-01-23,120.2
2007-01-24,122.44
2007-01-25,119.84
2007-01-26,121.0
2007-01-29,120.76
2007-01-30,121.64
2007-01-31,123.32
2007-02-01,124.56
2007-02-02,125.48
2007-02-05,126.64
2007-02-06,126.64
2007-02-07,127.24
2007-02-08,125.44
2007-02-09,123.52
2007-02-12,122.68
2007-02-13,124.44
2007-02-14,125.6
2007-02-15,127.56
2007-02-16,126.88
2007-02-20,126.52
2007-02-21,127.08
2007-02-22,129.04
2007-02-23,129.04
2007-02-26,130.96
2007-02-27,127.04
2007-02-28,128.8
2007-03-01,127.2
2007-03-02,124.84
2007-03-05,124.4
2007-03-06,127.0
2007-03-07,127.52
2007-03-08,129.2
2007-03-09,129.12
2007-03-12,131.72
2007-03-13,132.32
2007-03-14,131.48
2007-03-15,132.72
2007-03-16,130.96
2007-03-19,129.48
2007-03-20,130.8
2007-03-21,131.72
2007-03-22,131.04
2007-03-23,130.72
2007-03-26,131.36
2007-03-27,130.2
2007-03-28,130.6
2007-03-29,128.8
2007-03-30,128.08
2007-04-02,129.16
2007-04-03,130.48
2007-04-04,131.2
2007-04-05,132.4
2007-04-09,130.52
2007-04-10,132.28
2007-04-11,134.24
2007-04-12,135.4
2007-04-13,132.0
2007-04-16,132.96
2007-04-17,128.36
2007-04-18,130.84
2007-04-19,123.2
2007-04-20,126.56
2007-04-23,127.4
2007-04-24,128.44
2007-04-25,128.68
2007-04-26,130.24
2007-04-27,129.36
2007-04-30,129.48
2007-05-01,129.24
2007-05-02,132.76
2007-05-03,133.36
2007-05-04,135.4
2007-05-07,135.04
2007-05-08,133.08
2007-05-09,134.4
2007-05-10,128.84
2007-05-11,128.68
2007-05-14,126.8
2007-05-15,124.48
2007-05-16,123.6
2007-05-17,122.48
2007-05-18,122.44
2007-05-21,122.04
2007-05-22,122.92
2007-05-23,122.6
2007-05-24,120.64
2007-05-25,120.8
2007-05-29,121.28
2007-05-30,119.64
2007-05-31,122.76
2007-06-01,122.0
2007-06-04,120.96
2007-06-05,119.28
2007-06-06,116.56
2007-06-07,114.16
2007-06-08,117.12
2007-06-11,115.88
2007-06-12,114.48
2007-06-13,118.84
2007-06-14,120.08
2007-06-15,121.08
2007-06-18,123.28
2007-06-19,121.04
2007-06-20,119.92
2007-06-21,123.72
2007-06-22,121.76
2007-06-25,118.72
2007-06-26,116.96
2007-06-27,119.6
2007-06-28,115.56
2007-06-29,113.48
2007-07-02,114.64
2007-07-03,114.48
2007-07-05,115.08
2007-07-06,116.56
2007-07-09,117.16
2007-07-10,116.0
2007-07-11,115.16
2007-07-12,118.0
2007-07-13,116.64
2007-07-16,118.76
2007-07-17,132.12
2007-07-18,128.44
2007-07-19,129.28
2007-07-20,126.16
2007-07-23,124.32
2007-07-24,120.56
2007-07-25,120.08
2007-07-26,117.44
2007-07-27,114.4
2007-07-30,117.0
2007-07-31,114.08
2007-08-01,114.64
2007-08-02,112.92
2007-08-03,108.44
2007-08-06,109.12
2007-08-07,108.76
2007-08-08,107.24
2007-08-09,103.6
2007-08-10,108.44
2007-08-13,107.12
2007-08-14,103.88
2007-08-15,104.0
2007-08-16,106.6
2007-08-17,109.04
2007-08-20,112.44
2007-08-21,109.84
2007-08-22,111.68
2007-08-23,109.48
2007-08-24,109.32
2007-08-27,107.8
2007-08-28,105.0
2007-08-29,108.96
2007-08-30,108.64
2007-08-31,109.48
2007-09-04,111.68
2007-09-05,110.64
2007-09-06,111.84
2007-09-07,108.6
2007-09-10,108.08
2007-09-11,108.44
2007-09-12,107.68
2007-09-13,106.16
2007-09-14,106.92
2007-09-17,107.56
2007-09-18,109.28
2007-09-19,110.2
2007-09-20,108.32
2007-09-21,110.2
2007-09-24,106.24
2007-09-25,108.64
2007-09-26,105.4
2007-09-27,107.64
2007-09-28,109.04
2007-10-01,111.52
2007-10-02,110.92
2007-10-03,110.28
2007-10-04,112.08
2007-10-05,112.76
2007-10-08,113.24
2007-10-09,112.0
2007-10-10,108.52
2007-10-11,107.28
2007-10-12,111.96
2007-10-15,111.84
2007-10-16,111.52
2007-10-17,114.88
2007-10-18,113.0
2007-10-19,110.0
2007-10-22,109.52
2007-10-23,110.52
2007-10-24,112.16
2007-10-25,111.04
2007-10-26,109.24
2007-10-29,113.4
2007-10-30,112.24
2007-10-31,113.64
2007-11-01,110.84
2007-11-02,110.76
2007-11-05,108.36
2007-11-06,106.56
2007-11-07,102.84
2007-11-08,104.8
2007-11-09,105.16
2007-11-12,106.0
2007-11-13,106.0
2007-11-14,104.96
2007-11-15,106.12
2007-11-16,103.76
2007-11-19,103.0
2007-11-20,103.0
2007-11-21,104.04
2007-11-23,106.92
2007-11-26,103.24
2007-11-27,103.24
2007-11-28,107.72
2007-11-29,106.8
2007-11-30,104.04
2007-12-03,103.76
2007-12-04,102.6
2007-12-05,103.4
2007-12-06,104.2
2007-12-07,104.8
2007-12-10,109.12
2007-12-11,105.4
2007-12-12,105.04
2007-12-13,104.6
2007-12-14,104.04
2007-12-17,104.04
2007-12-18,107.72
2007-12-19,106.4
2007-12-20,107.6
2007-12-21,110.2
2007-12-24,111.2
2007-12-26,111.04
2007-12-27,109.88
2007-12-28,110.64
2007-12-31,110.28
2008-01-02,106.52
2008-01-03,103.04
2008-01-04,98.48
2008-01-07,99.12
2008-01-08,94.28
2008-01-09,95.44
2008-01-10,96.0
2008-01-11,94.08
2008-01-14,95.12
2008-01-15,93.12
2008-01-16,97.44
2008-01-17,98.24
2008-01-18,100.08
2008-01-22,95.16
2008-01-23,94.24
2008-01-24,98.8
2008-01-25,96.92
2008-01-28,97.68
2008-01-29,96.92
2008-01-30,93.64
2008-01-31,95.04
2008-02-01,99.84
2008-02-04,100.12
2008-02-05,95.52
2008-02-06,93.72
2008-02-07,93.68
2008-02-08,94.4
2008-02-11,96.32
2008-02-12,96.0
2008-02-13,98.84
2008-02-14,94.68
2008-02-15,92.48
2008-02-19,90.92
2008-02-20,92.84
2008-02-21,92.12
2008-02-22,92.28
2008-02-25,92.32
2008-02-26,95.08
2008-02-27,96.28
2008-02-28,92.16
2008-02-29,88.32
2008-03-03,87.92
2008-03-04,88.96
2008-03-05,89.28
2008-03-06,86.08
2008-03-07,87.2
2008-03-10,85.72
2008-03-11,88.44
2008-03-12,87.76
2008-03-13,89.88
2008-03-14,86.92
2008-03-17,86.32
2008-03-18,89.96
2008-03-19,85.64
2008-03-20,85.72
2008-03-24,89.36
2008-03-25,88.96
2008-03-26,86.64
2008-03-27,85.12
2008-03-28,83.96
2008-03-31,84.2
2008-04-01,86.04
2008-04-02,88.16
2008-04-03,94.16
2008-04-04,94.0
2008-04-07,95.24
2008-04-08,87.52
2008-04-09,86.28
2008-04-10,88.52
2008-04-11,85.48
2008-04-14,84.2
2008-04-15,84.68
2008-04-16,89.52
2008-04-17,88.52
2008-04-18,89.72
2008-04-21,90.12
2008-04-22,81.16
2008-04-23,83.52
2008-04-24,87.68
2008-04-25,87.32
2008-04-28,88.64
2008-04-29,89.36
2008-04-30,87.44
2008-05-01,92.12
2008-05-02,91.2
2008-05-05,89.88
2008-05-06,91.52
2008-05-07,89.64
2008-05-08,89.04
2008-05-09,88.12
2008-05-12,88.4
2008-05-13,87.44
2008-05-14,93.04
2008-05-15,94.28
2008-05-16,93.64
2008-05-19,93.08
2008-05-20,91.28
2008-05-21,91.24
2008-05-22,92.56
2008-05-23,90.32
2008-05-27,93.2
2008-05-28,93.4
2008-05-29,93.0
2008-05-30,95.56
2008-06-02,93.6
2008-06-03,91.64
2008-06-04,92.88
2008-06-05,93.0
2008-06-06,90.08
2008-06-09,88.6
2008-06-10,87.28
2008-06-11,83.68
2008-06-12,84.88
2008-06-13,86.48
2008-06-16,89.24
2008-06-17,87.92
2008-06-18,85.68
2008-06-19,87.28
2008-06-20,85.72
2008-06-23,84.88
2008-06-24,85.92
2008-06-25,88.08
2008-06-26,83.76
2008-06-27,85.04
2008-06-30,84.76
2008-07-01,87.48
2008-07-02,85.72
2008-07-03,83.92
2008-07-07,82.8
2008-07-08,82.68
2008-07-09,79.68
2008-07-10,80.2
2008-07-11,76.64
2008-07-14,77.96
2008-07-15,80.0
2008-07-16,83.24
2008-07-17,84.76
2008-07-18,83.24
2008-07-21,82.6
2008-07-22,80.84
2008-07-23,84.64
2008-07-24,80.04
2008-07-25,79.72
2008-07-28,77.84
2008-07-29,79.88
2008-07-30,83.8
2008-07-31,81.48
2008-08-01,81.44
2008-08-04,82.56
2008-08-05,84.24
2008-08-06,85.16
2008-08-07,86.48
2008-08-08,88.88
2008-08-11,90.2
2008-08-12,89.52
2008-08-13,91.28
2008-08-14,91.68
2008-08-15,92.04
2008-08-18,88.92
2008-08-19,87.52
2008-08-20,89.08
2008-08-21,89.88
2008-08-22,90.72
2008-08-25,90.56
2008-08-26,89.56
2008-08-27,89.6
2008-08-28,91.08
2008-08-29,90.68
2008-09-02,91.64
2008-09-03,87.28
2008-09-04,85.84
2008-09-05,86.4
2008-09-08,88.36
2008-09-09,85.76
2008-09-10,86.4
2008-09-11,85.0
2008-09-12,84.0
2008-09-15,81.12
2008-09-16,82.44
2008-09-17,80.56
2008-09-18,83.56
2008-09-19,83.92
2008-09-22,80.28
2008-09-23,79.24
2008-09-24,80.4
2008-09-25,81.72
2008-09-26,82.68
2008-09-29,74.76
2008-09-30,78.56
2008-10-01,76.84
2008-10-02,72.32
2008-10-03,70.16
2008-10-06,67.92
2008-10-07,62.52
2008-10-08,62.72
2008-10-09,60.84
2008-10-10,61.2
2008-10-13,66.68
2008-10-14,62.72
2008-10-15,57.92
2008-10-16,60.92
2008-10-17,60.84
2008-10-20,62.52
2008-10-21,60.52
2008-10-22,56.76
2008-10-23,56.16
2008-10-24,56.12
2008-10-27,55.44
2008-10-28,60.32
2008-10-29,58.04
2008-10-30,59.48
2008-10-31,63.2
2008-11-03,62.84
2008-11-04,64.28
2008-11-05,60.64
2008-11-06,56.76
2008-11-07,56.8
2008-11-10,53.44
2008-11-11,51.92
2008-11-12,49.04
2008-11-13,52.48
2008-11-14,48.72
2008-11-17,46.8
2008-11-18,46.04
2008-11-19,41.84
2008-11-20,42.48
2008-11-21,45.12
2008-11-24,47.76
2008-11-25,46.48
2008-11-26,50.52
2008-11-28,49.56
2008-12-01,46.24
2008-12-02,46.48
2008-12-03,49.04
2008-12-04,47.0
2008-12-05,48.6
2008-12-08,48.72
2008-12-09,50.52
2008-12-10,50.76
2008-12-11,49.48
2008-12-12,52.12
2008-12-15,50.12
2008-12-16,52.36
2008-12-17,52.52
2008-12-18,49.88
2008-12-19,51.08
2008-12-22,48.88
2008-12-23,47.6
2008-12-24,47.88
2008-12-26,47.4
2008-12-29,47.0
2008-12-30,48.96
2008-12-31,49.36
2009-01-02,51.84
2009-01-05,50.8
2009-01-06,54.8
2009-01-07,52.96
2009-01-08,55.76
2009-01-09,55.08
2009-01-12,54.52
2009-01-13,54.56
2009-01-14,52.28
2009-01-15,52.6
2009-01-16,55.52
2009-01-20,51.6
2009-01-21,52.4
2009-01-22,51.12
2009-01-23,53.52
2009-01-26,54.92
2009-01-27,58.28
2009-01-28,60.16
2009-01-29,55.56
2009-01-30,55.16
2009-02-02,54.88
2009-02-03,54.76
2009-02-04,55.08
2009-02-05,54.88
2009-02-06,57.44
2009-02-09,57.0
2009-02-10,54.64
2009-02-11,54.48
2009-02-12,54.88
2009-02-13,55.24
2009-02-17,51.28
2009-02-18,51.68
2009-02-19,48.28
2009-02-20,49.0
2009-02-23,47.24
2009-02-24,49.8
2009-02-25,51.52
2009-02-26,51.0
2009-02-27,51.0
2009-03-02,48.48
2009-03-03,48.24
2009-03-04,49.96
2009-03-05,49.24
2009-03-06,46.76
2009-03-09,46.2
2009-03-10,49.04
2009-03-11,50.04
2009-03-12,53.2
2009-03-13,56.24
2009-03-16,54.08
2009-03-17,55.88
2009-03-18,58.76
2009-03-19,58.8
2009-03-20,57.28
2009-03-23,61.32
2009-03-24,58.68
2009-03-25,60.96
2009-03-26,65.2
2009-03-27,67.84
2009-03-30,65.44
2009-03-31,66.52
2009-04-01,67.6
2009-04-02,69.24
2009-04-03,71.0
2009-04-06,68.56
2009-04-07,65.4
2009-04-08,68.44
2009-04-09,72.0
2009-04-13,71.24
2009-04-14,71.12
2009-04-15,69.2
2009-04-16,71.72
2009-04-17,71.52
2009-04-20,66.32
2009-04-21,66.6
2009-04-22,69.04
2009-04-23,71.36
2009-04-24,72.36
2009-04-27,72.64
2009-04-28,71.84
2009-04-29,72.12
2009-04-30,72.24
2009-05-01,71.72
2009-05-04,73.52
2009-05-05,71.8
2009-05-06,71.8
2009-05-07,67.12
2009-05-08,66.84
2009-05-11,65.88
2009-05-12,64.96
2009-05-13,63.04
2009-05-14,67.52
2009-05-15,67.4
2009-05-18,70.76
2009-05-19,72.0
2009-05-20,70.72
2009-05-21,68.2
2009-05-22,67.96
2009-05-26,70.92
2009-05-27,70.96
2009-05-28,71.6
2009-05-29,71.72
2009-06-01,75.88
2009-06-02,73.64
2009-06-03,71.76
2009-06-04,73.24
2009-06-05,72.04
2009-06-08,70.48
2009-06-09,72.8
2009-06-10,73.04
2009-06-11,73.64
2009-06-12,72.92
2009-06-15,69.68
2009-06-16,67.6
2009-06-17,68.12
2009-06-18,67.12
2009-06-19,66.52
2009-06-22,64.4
2009-06-23,64.8
2009-06-24,65.96
2009-06-25,65.8
2009-06-26,66.04
2009-06-29,66.56
2009-06-30,66.8
2009-07-01,69.76
2009-07-02,70.52
2009-07-06,70.76
2009-07-07,69.2
2009-07-08,68.0
2009-07-09,71.08
2009-07-10,71.96
2009-07-13,74.36
2009-07-14,75.6
2009-07-15,76.28
2009-07-16,77.4
2009-07-17,78.56
2009-07-20,77.56
2009-07-21,77.2
2009-07-22,78.96
2009-07-23,80.04
2009-07-24,80.04
2009-07-27,79.6
2009-07-28,79.0
2009-07-29,78.76
2009-07-30,77.76
2009-07-31,78.28
2009-08-03,77.64
2009-08-04,76.72
2009-08-05,74.6
2009-08-06,73.52
2009-08-07,73.04
2009-08-10,71.68
2009-08-11,70.08
2009-08-12,70.44
2009-08-13,71.8
2009-08-14,69.2
2009-08-17,67.0
2009-08-18,68.44
2009-08-19,68.92
2009-08-20,69.68
2009-08-21,70.08
2009-08-24,70.88
2009-08-25,73.52
2009-08-26,75.84
2009-08-27,75.68
2009-08-28,78.2
2009-08-31,76.64
2009-09-01,75.24
2009-09-02,75.04
2009-09-03,76.32
2009-09-04,78.52
2009-09-08,78.24
2009-09-09,79.56
2009-09-10,81.08
2009-09-11,80.28
2009-09-14,81.32
2009-09-15,82.44
2009-09-16,82.12
2009-09-17,80.28
2009-09-18,82.04
2009-09-21,83.64
2009-09-22,85.28
2009-09-23,84.76
2009-09-24,83.24
2009-09-25,82.88
2009-09-28,84.72
2009-09-29,83.4
2009-09-30,83.92
2009-10-01,79.56
2009-10-02,78.2
2009-10-05,80.12
2009-10-06,82.24
2009-10-07,81.56
2009-10-08,81.32
2009-10-09,84.92
2009-10-12,87.08
2009-10-13,85.44
2009-10-14,85.16
2009-10-15,85.0
2009-10-16,84.96
2009-10-19,87.16
2009-10-20,87.32
2009-10-21,86.44
2009-10-22,92.32
2009-10-23,90.32
2009-10-26,89.24
2009-10-27,86.48
2009-10-28,83.28
2009-10-29,85.12
2009-10-30,82.32
2009-11-02,83.12
2009-11-03,78.84
2009-11-04,79.24
2009-11-05,81.08
2009-11-06,81.48
2009-11-09,84.28
2009-11-10,84.64
2009-11-11,86.2
2009-11-12,85.08
2009-11-13,86.52
2009-11-16,89.28
2009-11-17,88.68
2009-11-18,87.2
2009-11-19,83.56
2009-11-20,83.84
2009-11-23,84.88
2009-11-24,83.84
2009-11-25,84.24
2009-11-27,82.88
2009-11-30,82.76
2009-12-01,85.12
2009-12-02,86.96
2009-12-03,89.4
2009-12-04,93.44
2009-12-07,94.08
2009-12-08,95.24
2009-12-09,96.12
2009-12-10,95.4
2009-12-11,95.2
2009-12-14,96.44
2009-12-15,96.48
2009-12-16,97.96
2009-12-17,95.72
2009-12-18,95.76
2009-12-21,96.36
2009-12-22,95.44
2009-12-23,94.2
2009-12-24,94.4
2009-12-28,94.04
2009-12-29,93.64
2009-12-30,93.84
2009-12-31,93.36
2010-01-04,94.8
2010-01-05,94.96
2010-01-06,93.68
2010-01-07,93.52
2010-01-08,96.24
2010-01-11,96.08
2010-01-12,91.2
2010-01-13,93.12
2010-01-14,92.2
2010-01-15,88.52
2010-01-19,89.72
2010-01-20,89.72
2010-01-21,88.36
2010-01-22,83.88
2010-01-25,85.76
2010-01-26,88.28
2010-01-27,89.12
2010-01-28,86.0
2010-01-29,83.6
2010-02-01,86.36
2010-02-02,87.04
2010-02-03,88.2
2010-02-04,84.2
2010-02-05,86.4
2010-02-08,85.92
2010-02-09,87.12
2010-02-10,87.2
2010-02-11,89.32
2010-02-12,89.88
2010-02-16,92.36
2010-02-17,90.92
2010-02-18,90.6
2010-02-19,90.84
2010-02-22,90.6
2010-02-23,86.92
2010-02-24,89.08
2010-02-25,88.52
2010-02-26,88.48
2010-03-01,90.16
2010-03-02,91.24
2010-03-03,91.08
2010-03-04,89.92
2010-03-05,91.28
2010-03-08,92.0
2010-03-09,91.52
2010-03-10,93.24
2010-03-11,94.32
2010-03-12,93.72
2010-03-15,91.48
2010-03-16,93.44
2010-03-17,95.08
2010-03-18,94.16
2010-03-19,92.92
2010-03-22,96.88
2010-03-23,99.76
2010-03-24,99.0
2010-03-25,101.24
2010-03-26,99.64
2010-03-29,99.68
2010-03-30,100.68
2010-03-31,100.0
2010-04-01,100.64
2010-04-05,102.12
2010-04-06,101.24
2010-04-07,101.76
2010-04-08,99.6
2010-04-09,100.84
2010-04-12,101.6
2010-04-13,102.56
2010-04-14,107.64
2010-04-15,107.44
2010-04-16,106.4
2010-04-19,105.92
2010-04-20,106.4
2010-04-21,106.6
2010-04-22,110.64
2010-04-23,111.0
2010-04-26,109.28
2010-04-27,105.96
2010-04-28,106.8
2010-04-29,108.68
2010-04-30,104.8
2010-05-03,106.76
2010-05-04,101.4
2010-05-05,98.92
2010-05-06,98.36
2010-05-07,95.72
2010-05-10,100.76
2010-05-11,100.56
2010-05-12,102.96
2010-05-13,100.24
2010-05-14,97.76
2010-05-17,99.2
2010-05-18,97.16
2010-05-19,98.2
2010-05-20,96.56
2010-05-21,99.72
2010-05-24,98.6
2010-05-25,99.08
2010-05-26,99.44
2010-05-27,103.76
2010-05-28,103.28
2010-06-01,101.24
2010-06-02,104.48
2010-06-03,106.88
2010-06-04,102.72
2010-06-07,98.0
2010-06-08,97.72
2010-06-09,98.48
2010-06-10,105.28
2010-06-11,106.64
2010-06-14,107.96
2010-06-15,114.04
2010-06-16,113.24
2010-06-17,113.56
2010-06-18,113.76
2010-06-21,112.28
2010-06-22,110.68
2010-06-23,110.2
2010-06-24,107.24
2010-06-25,107.56
2010-06-28,107.68
2010-06-29,102.92
2010-06-30,101.44
2010-07-01,100.44
2010-07-02,100.08
2010-07-06,100.24
2010-07-07,104.2
2010-07-08,105.36
2010-07-09,105.96
2010-07-12,106.76
2010-07-13,113.04
2010-07-14,110.96
2010-07-15,109.12
2010-07-16,104.48
2010-07-19,107.04
2010-07-20,107.44
2010-07-21,105.2
2010-07-22,108.44
2010-07-23,109.92
2010-07-26,111.56
2010-07-27,110.88
2010-07-28,108.96
2010-07-29,107.8
2010-07-30,106.84
2010-08-02,108.24
2010-08-03,105.24
2010-08-04,106.36
2010-08-05,106.24
2010-08-06,105.84
2010-08-09,106.8
2010-08-10,103.56
2010-08-11,100.44
2010-08-12,99.04
2010-08-13,98.64
2010-08-16,99.0
2010-08-17,100.16
2010-08-18,101.24
2010-08-19,100.12
2010-08-20,99.24
2010-08-23,98.68
2010-08-24,96.44
2010-08-25,97.28
2010-08-26,94.84
2010-08-27,96.44
2010-08-30,93.0
2010-08-31,93.2
2010-09-01,94.6
2010-09-02,97.8
2010-09-03,99.4
2010-09-07,96.08
2010-09-08,93.84
2010-09-09,95.16
2010-09-10,94.04
2010-09-13,96.56
2010-09-14,97.76
2010-09-15,97.96
2010-09-16,99.8
2010-09-17,101.12
2010-09-20,102.92
2010-09-21,103.4
2010-09-22,101.36
2010-09-23,101.88
2010-09-24,106.2
2010-09-27,105.6
2010-09-28,107.12
2010-09-29,107.2
2010-09-30,106.32
2010-10-01,105.76
2010-10-04,104.0
2010-10-05,108.16
2010-10-06,105.48
2010-10-07,106.04
2010-10-08,103.12
2010-10-11,105.4
2010-10-12,107.12
2010-10-13,108.04
2010-10-14,107.8
2010-10-15,108.52
2010-10-18,108.36
2010-10-19,107.48
2010-10-20,107.84
2010-10-21,107.64
2010-10-22,110.4
2010-10-25,111.24
2010-10-26,109.52
2010-10-27,114.4
2010-10-28,114.16
2010-10-29,116.84
2010-11-01,116.36
2010-11-02,117.08
2010-11-03,119.8
2010-11-04,122.28
2010-11-05,122.52
2010-11-08,123.36
2010-11-09,120.8
2010-11-10,121.4
2010-11-11,120.12
2010-11-12,120.24
2010-11-15,120.08
2010-11-16,119.68
2010-11-17,117.56
2010-11-18,118.72
2010-11-19,119.16
2010-11-22,121.68
2010-11-23,121.76
2010-11-24,124.52
2010-11-26,123.52
2010-11-29,123.04
2010-11-30,120.6
2010-12-01,124.32
2010-12-02,126.92
2010-12-03,128.8
2010-12-06,127.0
2010-12-07,127.08
2010-12-08,129.6
2010-12-09,130.96
2010-12-10,132.0
2010-12-13,130.88
2010-12-14,130.08
2010-12-15,129.76
2010-12-16,132.0
2010-12-17,131.36
2010-12-20,130.16
2010-12-21,130.56
2010-12-22,130.4
2010-12-23,130.04
2010-12-27,130.44
2010-12-28,129.52
2010-12-29,131.4
2010-12-30,130.12
2010-12-31,129.28
2011-01-03,127.28
2011-01-04,126.16
2011-01-05,125.64
2011-01-06,127.6
2011-01-07,123.48
2011-01-10,127.12
2011-01-11,129.68
2011-01-12,130.48
2011-01-13,131.24
2011-01-14,147.48
2011-01-18,145.6
2011-01-19,142.92
2011-01-20,141.52
2011-01-21,139.76
2011-01-24,142.16
2011-01-25,142.44
2011-01-26,144.68
2011-01-27,147.96
2011-01-28,143.12
2011-01-31,144.28
2011-02-01,152.56
2011-02-02,152.0
2011-02-03,152.2
2011-02-04,155.2
2011-02-07,154.56
2011-02-08,154.8
2011-02-09,155.56
2011-02-10,158.04
2011-02-11,159.72
2011-02-14,158.56
2011-02-15,157.6
2011-02-16,159.08
2011-02-17,160.56
2011-02-18,159.44
2011-02-22,154.52
2011-02-23,152.12
2011-02-24,155.28
2011-02-25,161.2
2011-02-28,159.84
2011-03-01,159.16
2011-03-02,163.84
2011-03-03,166.76
2011-03-04,165.52
2011-03-07,159.08
2011-03-08,159.56
2011-03-09,150.32
2011-03-10,145.72
2011-03-11,145.8
2011-03-14,145.24
2011-03-15,144.12
2011-03-16,139.56
2011-03-17,142.2
2011-03-18,141.0
2011-03-21,144.56
2011-03-22,142.56
2011-03-23,144.16
2011-03-24,146.84
2011-03-25,146.16
2011-03-28,146.28
2011-03-29,146.8
2011-03-30,148.0
2011-03-31,148.52
2011-04-01,146.1
2011-04-04,144.68
2011-04-05,144.8
2011-04-06,145.8
2011-04-07,140.6
2011-04-08,139.48
2011-04-11,136.24
2011-04-12,136.0
2011-04-13,135.6
2011-04-14,135.44
2011-04-15,136.56
2011-04-18,134.2
2011-04-19,134.84
2011-04-20,140.68
2011-04-21,138.6
2011-04-25,138.08
2011-04-26,139.4
2011-04-27,138.72
2011-04-28,127.68
2011-04-29,128.4
2011-05-02,125.12
2011-05-03,123.64
2011-05-04,131.76
2011-05-05,141.66
2011-05-06,142.32
2011-05-09,142.0
2011-05-10,142.96
2011-05-11,142.52
2011-05-12,149.18
2011-05-13,149.84
2011-05-16,143.92
2011-05-17,143.72
2011-05-18,147.2
2011-05-19,144.16
2011-05-20,146.2
2011-05-23,143.68
2011-05-24,142.32
2011-05-25,142.72
2011-05-26,143.12
2011-05-27,143.48
2011-05-31,145.08
2011-06-01,144.08
2011-06-02,144.2
2011-06-03,141.48
2011-06-06,140.2
2011-06-07,140.4
2011-06-08,135.56
2011-06-09,136.96
2011-06-10,135.4
2011-06-13,133.32
2011-06-14,136.68
2011-06-15,141.28
2011-06-16,132.44
2011-06-17,130.92
2011-06-20,131.56
2011-06-21,133.44
2011-06-22,133.36
2011-06-23,136.84
2011-06-24,137.48
2011-06-27,137.6
2011-06-28,140.36
2011-06-29,139.96
2011-06-30,144.56
2011-07-01,147.68
2011-07-05,146.04
2011-07-06,144.96
2011-07-07,147.28
2011-07-08,143.88
2011-07-11,143.08
2011-07-12,127.0
2011-07-13,127.96
2011-07-14,126.32
2011-07-15,127.56
2011-07-18,126.32
2011-07-19,129.32
2011-07-20,128.44
2011-07-21,129.88
2011-07-22,132.2
2011-07-25,131.28
2011-07-26,131.92
2011-07-27,126.08
2011-07-28,125.06
2011-07-29,124.16
2011-08-01,124.72
2011-08-02,120.72
2011-08-03,123.64
2011-08-04,115.08
2011-08-05,112.28
2011-08-08,109.16
2011-08-09,115.6
2011-08-10,112.8
2011-08-11,118.04
2011-08-12,117.28
2011-08-15,118.52
2011-08-16,114.84
2011-08-17,112.2
2011-08-18,105.96
2011-08-19,104.96
2011-08-22,105.84
2011-08-23,110.4
2011-08-24,109.68
2011-08-25,107.56
2011-08-26,109.72
2011-08-29,113.88
2011-08-30,111.32
2011-08-31,111.88
2011-09-01,108.2
2011-09-02,108.68
2011-09-06,107.08
2011-09-07,112.32
2011-09-08,111.0
2011-09-09,112.48
2011-09-12,114.56
2011-09-13,117.76
2011-09-14,119.76
2011-09-15,120.88
2011-09-16,120.12
2011-09-19,119.48
2011-09-20,117.84
2011-09-21,116.12
2011-09-22,113.44
2011-09-23,114.36
2011-09-26,114.16
2011-09-27,117.04
2011-09-28,113.4
2011-09-29,112.24
2011-09-30,109.04
2011-10-03,104.88
2011-10-04,109.28
2011-10-05,114.32
2011-10-06,116.2
2011-10-07,118.92
2011-10-10,121.8
2011-10-11,122.0
2011-10-12,126.32
2011-10-13,127.68
2011-10-14,127.36
2011-10-17,125.0
2011-10-18,127.2
2011-10-19,125.4
2011-10-20,124.48
2011-10-21,127.4
2011-10-24,129.2
2011-10-25,131.0
2011-10-26,130.2
2011-10-27,142.2
2011-10-28,141.04
2011-10-31,138.2
2011-11-01,135.28
2011-11-02,137.04
2011-11-03,141.76
2011-11-04,142.4
2011-11-07,141.24
2011-11-08,142.76
2011-11-09,136.28
2011-11-10,137.6
2011-11-11,142.56
2011-11-14,141.36
2011-11-15,142.44
2011-11-16,141.88
2011-11-17,137.12
2011-11-18,138.52
2011-11-21,135.92
2011-11-22,129.16
2011-11-23,127.52
2011-11-25,126.28
2011-11-28,129.88
2011-11-29,128.56
2011-11-30,138.48
2011-12-01,139.68
2011-12-02,140.72
2011-12-05,142.4
2011-12-06,148.16
2011-12-07,148.28
2011-12-08,145.32
2011-12-09,148.92
2011-12-12,143.72
2011-12-13,141.24
2011-12-14,138.8
2011-12-15,161.48
2011-12-16,160.72
2011-12-19,155.52
2011-12-20,159.92
2011-12-21,163.08
2011-12-22,163.96
2011-12-23,164.48
2011-12-27,165.6
2011-12-28,163.36
2011-12-29,165.48
2011-12-30,165.16
2012-01-03,163.44
2012-01-04,163.72
2012-01-05,166.16
2012-01-06,167.36
2012-01-09,171.44
2012-01-10,172.6
2012-01-11,177.36
2012-01-12,176.52
2012-01-13,170.52
2012-01-17,176.72
2012-01-18,183.48
2012-01-19,187.0
2012-01-20,186.64
2012-01-23,186.08
2012-01-24,191.76
2012-01-25,192.52
2012-01-26,187.2
2012-01-27,190.68
2012-01-30,187.76
2012-01-31,188.6
2012-02-01,194.8
2012-02-02,197.36
2012-02-03,195.96
2012-02-06,191.88
2012-02-07,192.8
2012-02-08,193.76
2012-02-09,191.64
2012-02-10,188.2
2012-02-13,188.44
2012-02-14,186.8
2012-02-15,185.96
2012-02-16,191.28
2012-02-17,186.96
2012-02-21,180.92
2012-02-22,180.4
2012-02-23,180.92
2012-02-24,180.96
2012-02-27,181.32
2012-02-28,188.08
2012-02-29,185.92
2012-03-01,186.16
2012-03-02,182.92
2012-03-05,176.44
2012-03-06,176.4
2012-03-07,180.2
2012-03-08,183.64
2012-03-09,187.76
2012-03-12,186.76
2012-03-13,191.92
2012-03-14,190.28
2012-03-15,193.72
2012-03-16,193.4
2012-03-19,194.72
2012-03-20,196.68
2012-03-21,195.36
2012-03-22,194.08
2012-03-23,195.44
2012-03-26,198.8
2012-03-27,200.44
2012-03-28,196.04
2012-03-29,197.88
2012-03-30,199.64
2012-04-02,197.4
2012-04-03,194.64
2012-04-04,189.56
2012-04-05,190.24
2012-04-09,187.48
2012-04-10,185.0
2012-04-11,190.4
2012-04-12,194.2
2012-04-13,188.68
2012-04-16,188.52
2012-04-17,191.6
2012-04-18,188.12
2012-04-19,185.56
2012-04-20,180.88
2012-04-23,178.68
2012-04-24,179.2
2012-04-25,182.1
2012-04-26,187.08
2012-04-27,188.44
2012-04-30,187.0
2012-05-01,189.24
2012-05-02,188.32
2012-05-03,184.8
2012-05-04,180.4
2012-05-07,179.96
2012-05-08,179.76
2012-05-09,182.0
2012-05-10,181.64
2012-05-11,185.76
2012-05-14,184.72
2012-05-15,183.32
2012-05-16,174.2
2012-05-17,169.44
2012-05-18,168.48
2012-05-21,171.2
2012-05-22,171.6
2012-05-23,171.08
2012-05-24,168.8
2012-05-25,172.16
2012-05-29,174.0
2012-05-30,169.12
2012-05-31,167.32
2012-06-01,162.32
2012-06-04,161.56
2015-06-17,59.68
2015-06-18,59.0
2015-06-19,59.0
2015-06-22,59.52
2015-06-23,59.48
2015-06-24,59.12
2015-06-25,59.28
2015-06-26,59.96
2015-06-29,60.0
2015-06-30,60.6
2015-07-01,63.76
2015-07-02,64.36
2015-07-06,63.92
2015-07-07,63.92
2015-07-08,63.44
2015-07-09,63.96
2015-07-10,66.4
2015-07-13,65.64
2015-07-14,66.4
2015-07-15,65.96
2015-07-16,69.96
2015-07-17,76.04
2015-07-20,72.48
2015-07-21,72.56
2015-07-22,73.44
2015-07-23,71.0
2015-07-24,72.4
2015-07-27,72.8
2015-07-28,71.44
2015-07-29,71.24
2015-07-30,69.6
2015-07-31,67.88
2015-08-03,66.88
2015-08-04,69.2
2015-08-05,70.76
2015-08-06,70.48
2015-08-07,70.84
2015-08-10,69.96
2015-08-11,71.48
2015-08-12,69.28
2015-08-13,67.32
2015-08-14,68.96
2015-08-17,72.68
2015-08-18,73.04
2015-08-19,74.16
2015-08-20,74.6
2015-08-21,80.64
2015-08-24,70.28
2015-08-25,65.64
2015-08-26,61.6
2015-08-27,61.8
2015-08-28,60.84
2015-08-31,58.16
2015-09-01,57.68
2015-09-02,57.72
2015-09-03,57.28
2015-09-04,57.52
2015-09-08,57.48
2015-09-09,57.44
2015-09-10,58.8
2015-09-11,61.12
2015-09-14,62.88
2015-09-15,64.12
2015-09-16,62.48
2015-09-17,72.04
2015-09-18,69.44
2015-09-21,68.08
2015-09-22,61.0
2015-09-23,57.9
2015-09-24,56.12
2015-09-25,54.72
2015-09-28,50.96
2015-09-29,51.04
2015-09-30,51.88
2015-10-01,49.88
2015-10-02,47.08
2015-10-05,45.76
2015-10-06,45.4
2015-10-07,45.6
2015-10-08,40.2
2015-10-09,37.48
2015-10-12,33.56
2015-10-13,34.12
2015-10-14,32.36
2015-10-15,34.48
2015-10-16,33.2
2015-10-19,33.24
2015-10-20,31.96
2015-10-21,31.08
2015-10-22,31.96
2015-10-23,32.52
2015-10-26,32.04
2015-10-27,32.08
2015-10-28,33.0
2015-10-29,31.96
2015-10-30,32.08
2015-11-02,33.12
2015-11-03,33.04
2015-11-04,34.96
2015-11-05,33.8
2015-11-06,33.6
2015-11-09,34.68
2015-11-10,33.32
2015-11-11,32.4
2015-11-12,32.48
2015-11-13,32.04
2015-11-16,32.16
2015-11-17,32.04
2015-11-18,33.0
2015-11-19,32.36
2015-11-20,32.52
2015-11-23,33.16
2015-11-24,34.4
2015-11-25,34.36
2015-11-27,33.88
2015-11-30,33.2
2015-12-01,32.4
2015-12-02,32.64
2015-12-03,32.0
2015-12-04,32.08
2015-12-07,32.08
2015-12-08,32.24
2015-12-09,31.76
2015-12-10,31.72
2015-12-11,31.84
2015-12-14,31.68
2015-12-15,31.52
2015-12-16,31.28
2015-12-17,32.16
2015-12-18,33.88
2015-12-21,36.0
2015-12-22,35.24
2015-12-23,35.04
2015-12-24,34.0
2015-12-28,32.48
2015-12-29,33.84
2015-12-30,32.52
2015-12-31,30.96
2016-01-04,29.16
2016-01-05,28.52
2016-01-06,27.48
2016-01-07,27.0
2016-01-08,26.6
2016-01-11,25.36
2016-01-12,23.64
2016-01-13,20.24
2016-01-14,19.92
2016-01-15,23.0
2016-01-19,21.4
2016-01-20,22.4
2016-01-21,22.52
2016-01-22,22.64
2016-01-25,21.68
2016-01-26,21.8
2016-01-27,20.6
2016-01-28,18.64
2016-01-29,18.76
2016-02-01,19.4
2016-02-02,20.0
2016-02-03,20.08
2016-02-04,20.2
2016-02-05,19.44
2016-02-08,17.72
2016-02-09,17.88
2016-02-10,18.6
2016-02-11,17.92
2016-02-12,18.88
2016-02-16,19.68
2016-02-17,19.16
2016-02-18,19.16
2016-02-19,19.0
2016-02-22,18.76
2016-02-23,18.0
2016-02-24,18.08
2016-02-25,17.72
2016-02-26,18.52
2016-02-29,18.12
2016-03-01,18.76
2016-03-02,19.2
2016-03-03,19.32
2016-03-04,20.44
2016-03-07,22.6
2016-03-08,20.64
2016-03-09,19.72
2016-03-10,19.24
2016-03-11,19.52
2016-03-14,19.12
2016-03-15,18.44
2016-03-16,17.96
2016-03-17,18.08
2016-03-18,18.08
2016-03-21,17.6
2016-03-22,17.28
2016-03-23,16.28
2016-03-24,16.88
2016-03-28,16.12
2016-03-29,16.0
2016-03-30,15.72
2016-03-31,16.68
2016-04-01,17.4
2016-04-04,17.24
2016-04-05,16.56
2016-04-06,17.92
2016-04-07,17.88
2016-04-08,17.32
2016-04-11,16.68
2016-04-12,17.4
2016-04-13,18.68
2016-04-14,18.68
2016-04-15,18.48
2016-04-18,18.72
2016-04-19,18.32
2016-04-20,18.04
2016-04-21,18.48
2016-04-22,18.92
2016-04-25,19.16
2016-04-26,17.92
2016-04-27,17.4
2016-04-28,17.4
2016-04-29,16.92
2016-05-02,16.76
2016-05-03,18.0
2016-05-04,17.84
2016-05-05,17.72
2016-05-06,17.88
2016-05-09,16.72
2016-05-10,16.92
2016-05-11,16.04
2016-05-12,15.6
2016-05-13,16.64
2016-05-16,18.24
2016-05-17,16.96
2016-05-18,17.36
2016-05-19,16.92
2016-05-20,17.6
2016-05-23,18.0
2016-05-24,18.44
2016-05-25,20.08
2016-05-26,18.68
2016-05-27,19.12
2016-05-31,19.96
2016-06-01,20.56
2016-06-02,20.6
2016-06-03,19.6
2016-06-06,20.2
2016-06-07,19.4
2016-06-08,18.4
2016-06-09,17.76
2016-06-10,17.64
2016-06-13,16.88
2016-06-14,16.52
2016-06-15,16.12
2016-06-16,15.72
2016-06-17,15.92
2016-06-20,15.96
2016-06-21,15.76
2016-06-22,16.68
2016-06-23,17.08
2016-06-24,17.44
2016-06-27,16.52
2016-06-28,17.92
2016-06-29,17.96
2016-06-30,18.4
2016-07-01,19.0
2016-07-05,18.6
2016-07-06,17.52
2016-07-07,17.88
2016-07-08,18.48
2016-07-11,18.92
2016-07-12,19.16
2016-07-13,17.88
2016-07-14,17.92
2016-07-15,18.64
2016-07-18,18.0
2016-07-19,17.68
2016-07-20,18.22
2016-07-21,18.96
2016-07-22,18.64
2016-07-25,18.48
2016-07-26,18.2
2016-07-27,18.64
2016-07-28,19.12
2016-07-29,18.72
2016-08-01,19.04
2016-08-02,19.24
2016-08-03,19.32
2016-08-04,20.0
2016-08-05,20.12
2016-08-08,21.6
2016-08-09,21.6
2016-08-10,21.84
2016-08-11,23.56
2016-08-12,23.04
2016-08-15,23.12
2016-08-16,24.48
2016-08-17,25.2
2016-08-18,24.44
2016-08-19,23.16
2016-08-22,24.36
2016-08-23,24.12
2016-08-24,23.96
2016-08-25,24.8
2016-08-26,25.6
2016-08-29,24.64
2016-08-30,25.24
2016-08-31,25.56
2016-09-01,25.16
2016-09-02,25.52
2016-09-06,27.12
2016-09-07,30.16
2016-09-08,31.6
2016-09-09,30.76
2016-09-12,31.08
2016-09-13,32.88
2016-09-14,29.84
2016-09-15,29.76
2016-09-16,30.48
2016-09-19,32.72
2016-09-20,35.96
2016-09-21,34.96
2016-09-22,34.64
2016-09-23,33.52
2016-09-26,33.44
2016-09-27,33.52
2016-09-28,33.12
2016-09-29,32.84
2016-09-30,32.52
2016-10-03,31.88
2016-10-04,30.92
2016-10-05,31.04
2016-10-06,29.92
2016-10-07,29.32
2016-10-10,29.4
2016-10-11,29.52
2016-10-12,29.84
2016-10-13,30.4
2016-10-14,30.4
2016-10-17,30.76
2016-10-18,30.8
2016-10-19,30.4
2016-10-20,30.52
2016-10-21,30.04
2016-10-24,28.0
2016-10-25,25.92
2016-10-26,24.48
2016-10-27,22.8
2016-10-28,23.68
2016-10-31,23.72
2016-11-01,23.52
2016-11-02,22.4796
2016-11-03,20.76
2016-11-04,20.88
2016-11-07,20.64
2016-11-08,20.48
2016-11-09,22.4
2016-11-10,25.16
2016-11-11,25.52
2016-11-14,24.72
2016-11-15,24.76
2016-11-16,25.2
2016-11-17,26.04
2016-11-18,25.68
2016-11-21,25.52
2016-11-22,25.12
2016-11-23,25.0
2016-11-25,25.12
2016-11-28,25.0
2016-11-29,10.28
2016-11-30,8.68
2016-12-01,8.28
2016-12-02,8.28
2016-12-05,8.16
2016-12-06,9.48
2016-12-07,8.68
2016-12-08,8.44
2016-12-09,8.56
2016-12-12,8.56
2016-12-13,8.68
2016-12-14,8.32
2016-12-15,8.32
2016-12-16,8.54
2016-12-19,8.48
2016-12-20,8.44
2016-12-21,8.28
2016-12-22,8.16
2016-12-23,8.32
2016-12-27,8.64
2016-12-28,8.64
2016-12-29,8.4
2016-12-30,8.96
2017-01-03,8.82
2017-01-04,9.6
2017-01-05,9.32
2017-01-06,8.96
2017-01-09,9.08
2017-01-10,9.24
2017-01-11,9.08
2017-01-12,8.84
2017-01-13,8.88
2017-01-17,9.0
2017-01-18,8.96
2017-01-19,8.84
2017-01-20,8.36
2017-01-23,8.64
2017-01-24,8.68
2017-01-25,9.04
2017-01-26,9.0
2017-01-27,8.84
2017-01-30,8.68
2017-01-31,8.8
2017-02-01,9.26
2017-02-02,9.12
2017-02-03,9.76
2017-02-06,9.36
2017-02-07,9.32
2017-02-08,9.64
2017-02-09,9.56
2017-02-10,9.56
2017-02-13,9.48
2017-02-14,10.0
2017-02-15,10.2
2017-02-16,10.48
2017-02-17,10.52
2017-02-21,10.28
2017-02-22,10.0
2017-02-23,9.96
2017-02-24,10.36
2017-02-27,11.16
2017-02-28,10.92
2017-03-01,11.04
2017-03-02,11.0
2017-03-03,10.78
2017-03-06,10.6004
2017-03-07,10.72
2017-03-08,10.84
2017-03-09,10.88
2017-03-10,11.2
2017-03-13,11.68
2017-03-14,11.84
2017-03-15,11.6
2017-03-16,12.0
2017-03-17,12.08
2017-03-20,11.76
2017-03-21,11.2
2017-03-22,10.96
2017-03-23,10.96
2017-03-24,11.36
2017-03-27,11.8
2017-03-28,11.52
2017-03-29,11.6
2017-03-30,11.32
2017-03-31,11.68
2017-04-03,11.56
2017-04-04,11.48
2017-04-05,11.12
2017-04-06,11.24
2017-04-07,11.36
2017-04-10,11.28
2017-04-11,11.24
2017-04-12,11.08
2017-04-13,11.04
2017-04-17,11.08
2017-04-18,10.56
2017-04-19,9.48
2017-04-20,9.72
2017-04-21,9.04
2017-04-24,8.4
2017-04-25,8.6
2017-04-26,9.04
2017-04-27,8.88
2017-04-28,9.04
2017-05-01,9.0
2017-05-02,9.24
2017-05-03,9.12
2017-05-04,9.24
2017-05-05,9.2
2017-05-08,9.28
2017-05-09,9.44
2017-05-10,9.68
2017-05-11,9.76
2017-05-12,9.6
2017-05-15,9.8
2017-05-16,9.48
2017-05-17,9.2
2017-05-18,9.24
2017-05-19,9.28
2017-05-22,9.6
2017-05-23,9.52
2017-05-24,9.4
2017-05-25,9.52
2017-05-26,9.32
2017-05-30,9.24
2017-05-31,9.2
2017-06-01,9.16
2017-06-02,9.32
2017-06-05,9.16
2017-06-06,9.16
2017-06-07,9.16
2017-06-08,9.08
2017-06-09,9.08
2017-06-12,9.04
2017-06-13,8.92
2017-06-14,8.84
2017-06-15,8.96
2017-06-16,8.8
2017-06-19,9.04
2017-06-20,9.04
2017-06-21,9.16
2017-06-22,9.24
2017-06-23,9.36
2017-06-26,9.4
2017-06-27,9.56
2017-06-28,9.48
2017-06-29,9.56
2017-06-30,9.64
2017-07-03,9.72
2017-07-05,9.56
2017-07-06,9.6
2017-07-07,9.64
2017-07-10,9.56
2017-07-11,9.64
2017-07-12,9.68
2017-07-13,9.56
2017-07-14,9.52
2017-07-17,9.48
2017-07-18,9.4
2017-07-19,9.28
2017-07-20,9.56
2017-07-21,9.4
2017-07-24,2.4
