,ALLE
2013-11-18,4654080000
2013-11-19,4396800000
2013-11-20,4286400000
2013-11-21,4203840000
2013-11-22,4223040000
2013-11-25,4241280000
2013-11-26,4147200000
2013-11-27,4151040000
2013-11-29,4151040000
2013-12-02,4141440000
2013-12-03,4118400000
2013-12-04,4015680000
2013-12-05,3940799999
2013-12-06,3907200000
2013-12-09,3953280000
2013-12-10,4085760000
2013-12-11,4076160000
2013-12-12,4125120000
2013-12-13,4152000000
2013-12-16,4194240000
2013-12-17,4200000000
2013-12-18,4249920000
2013-12-19,4267200000
2013-12-20,4248960000
2013-12-23,4286400000
2013-12-24,4279680000
2013-12-26,4291200000
2013-12-27,4285440000
2013-12-30,4235519999
2013-12-31,4255497000
2014-01-02,4203495000
2014-01-03,4233348000
2014-01-06,4206384000
2014-01-07,4224680999
2014-01-08,4225644000
2014-01-09,4249719000
2014-01-10,4403799000
2014-01-13,4529952000
2014-01-14,4603140000
2014-01-15,4574250000
2014-01-16,4564620000
2014-01-17,4622400000
2014-01-21,4638771000
2014-01-22,4671513000
2014-01-23,4595436000
2014-01-24,4510692000
2014-01-27,4487580000
2014-01-28,4596399000
2014-01-29,4601214000
2014-01-30,4759146000
2014-01-31,4752405000
2014-02-03,4568472000
2014-02-04,4627215000
2014-02-05,4583880000
2014-02-06,4741812000
2014-02-07,4809222000
2014-02-10,4799592000
2014-02-11,4804407000
2014-02-12,4815000000
2014-02-13,4826556000
2014-02-14,4779369000
2014-02-18,4825593000
2014-02-19,4734108000
2014-02-20,4961376000
2014-02-21,5043231000
2014-02-24,5090418000
2014-02-25,5254128000
2014-02-26,5263758000
2014-02-27,5330205000
2014-02-28,5233905000
2014-03-03,5151087000
2014-03-04,5200200000
2014-03-05,5195385000
2014-03-06,5122197000
2014-03-07,5141457000
2014-03-10,5131827000
2014-03-11,5248350000
2014-03-12,5227164000
2014-03-13,5161680000
2014-03-14,5132790000
2014-03-17,5100048000
2014-03-18,5130864000
2014-03-19,5130864000
2014-03-20,5216571000
2014-03-21,5181903000
2014-03-24,5149161000
2014-03-25,5124123000
2014-03-26,5011452000
2014-03-27,4954635000
2014-03-28,5023008000
2014-03-31,5023971000
2014-04-01,5192496000
2014-04-02,5264721000
2014-04-03,5291685000
2014-04-04,5174199000
2014-04-07,4971006000
2014-04-08,4950783000
2014-04-09,4959450000
2014-04-10,4880484000
2014-04-11,4815963000
2014-04-14,4792851000
2014-04-15,4811148000
2014-04-16,4837149000
2014-04-17,4829445000
2014-04-21,4875669000
2014-04-22,4911300000
2014-04-23,4853520000
2014-04-24,4838112000
2014-04-25,4770702000
2014-04-28,4701366000
2014-04-29,4709070000
2014-04-30,4752405000
2014-05-01,4935375000
2014-05-02,4882410000
2014-05-05,4820778000
2014-05-06,4804407000
2014-05-07,4808259000
2014-05-08,4753368000
2014-05-09,4815000000
2014-05-12,4861224000
2014-05-13,4861224000
2014-05-14,4794777000
2014-05-15,4650327000
2014-05-16,4745664000
2014-05-19,4835223000
2014-05-20,4863150000
2014-05-21,4883373000
2014-05-22,4958487000
2014-05-23,5051898000
2014-05-27,5052861000
2014-05-28,5098122000
2014-05-29,5153976000
2014-05-30,5045157000
2014-06-02,5014341000
2014-06-03,5047083000
2014-06-04,5118345000
2014-06-05,5230053000
2014-06-06,5376429000
2014-06-09,5426505000
2014-06-10,5463099000
2014-06-11,5425542000
2014-06-12,5404356000
2014-06-13,5401467000
2014-06-16,5501619000
2014-06-17,5513175000
2014-06-18,5521842000
2014-06-19,5515101000
2014-06-20,5548806000
2014-06-23,5543028000
2014-06-24,5458284000
2014-06-25,5459247000
2014-06-26,5423616000
2014-06-27,5352354000
2014-06-30,5435612000
2014-07-01,5472054000
2014-07-02,5501783000
2014-07-03,5481644000
2014-07-07,5374236000
2014-07-08,5323409000
2014-07-09,5332999000
2014-07-10,5332040000
2014-07-11,5373277000
2014-07-14,5368482000
2014-07-15,5332999000
2014-07-16,5315737000
2014-07-17,5204493000
2014-07-18,5263951000
2014-07-21,5251484000
2014-07-22,5264910000
2014-07-23,5221755000
2014-07-24,5271623000
2014-07-25,5284090000
2014-07-28,5137363000
2014-07-29,5029955000
2014-07-30,5145994000
2014-07-31,4932137000
2014-08-01,4829524000
2014-08-04,4806508000
2014-08-05,4833360000
2014-08-06,4806508000
2014-08-07,4782533000
2014-08-08,4853499000
2014-08-11,4829524000
2014-08-12,4887064000
2014-08-13,5009816000
2014-08-14,4988718000
2014-08-15,5011734000
2014-08-18,5048176000
2014-08-19,5045299000
2014-08-20,5036668000
2014-08-21,5000226000
2014-08-22,4983923000
2014-08-25,5031873000
2014-08-26,5023242000
2014-08-27,4987759000
2014-08-28,4943645000
2014-08-29,4932137000
2014-09-02,5012693000
2014-09-03,5005021000
2014-09-04,5018447000
2014-09-05,5032832000
2014-09-08,5007898000
2014-09-09,4961866000
2014-09-10,4982005000
2014-09-11,4992554000
2014-09-12,4878433000
2014-09-15,4871720000
2014-09-16,4900490000
2014-09-17,4896654000
2014-09-18,4854458000
2014-09-19,4781574000
2014-09-22,4718280000
2014-09-23,4691428000
2014-09-24,4699100000
2014-09-25,4623339000
2014-09-26,4641560000
2014-09-29,4603200000
2014-09-30,4563912000
2014-10-01,4576366000
2014-10-02,4585946000
2014-10-03,4707612000
2014-10-06,4654922000
2014-10-07,4463322000
2014-10-08,4525592000
2014-10-09,4473860000
2014-10-10,4430750000
2014-10-13,4341656000
2014-10-14,4316748000
2014-10-15,4379976000
2014-10-16,4438414000
2014-10-17,4478650000
2014-10-20,4493020000
2014-10-21,4620434000
2014-10-22,4512180000
2014-10-23,4641510000
2014-10-24,4705696000
2014-10-27,4708570000
2014-10-28,4809160000
2014-10-29,4817782000
2014-10-30,5042912000
2014-10-31,5086022000
2014-11-03,5118594000
2014-11-04,5088896000
2014-11-05,5082190000
2014-11-06,5117636000
2014-11-07,5073568000
2014-11-10,5046744000
2014-11-11,5031416000
2014-11-12,5029500000
2014-11-13,4993096000
2014-11-14,5007466000
2014-11-17,5062072000
2014-11-18,5160746000
2014-11-19,5173200000
2014-11-20,5181822000
2014-11-21,5192360000
2014-11-24,5168410000
2014-11-25,5132006000
2014-11-26,5083148000
2014-11-28,5158830000
2014-12-01,5144460000
2014-12-02,5207688000
2014-12-03,5239302000
2014-12-04,5229722000
2014-12-05,5321690000
2014-12-08,5260378000
2014-12-09,5269000000
2014-12-10,5187570000
2014-12-11,5191402000
2014-12-12,5154998000
2014-12-15,5144460000
2014-12-16,5118594000
2014-12-17,5183738000
2014-12-18,5264210000
2014-12-19,5268042000
2014-12-22,5327438000
2014-12-23,5334144000
2014-12-24,5338934000
2014-12-26,5331270000
2014-12-29,5356178000
2014-12-30,5332228000
2014-12-31,5318614000
2015-01-02,5279295000
2015-01-05,5268746000
2015-01-06,5260115000
2015-01-07,5332040000
2015-01-08,5403965000
2015-01-09,5358892000
2015-01-12,5273541000
2015-01-13,5284090000
2015-01-14,5306147000
2015-01-15,5159420000
2015-01-16,5118183000
2015-01-20,5062561000
2015-01-21,5075028000
2015-01-22,5213124000
2015-01-23,5224632000
2015-01-26,5169969000
2015-01-27,5159420000
2015-01-28,5212165000
2015-01-29,5254361000
2015-01-30,5179559000
2015-02-02,5225591000
2015-02-03,5279295000
2015-02-04,5334917000
2015-02-05,5466300000
2015-02-06,5519045000
2015-02-09,5457669000
2015-02-10,5454792000
2015-02-11,5439448000
2015-02-12,5539184000
2015-02-13,5625494000
2015-02-17,5615904000
2015-02-18,5370400000
2015-02-19,5525758000
2015-02-20,5619740000
2015-02-23,5594806000
2015-02-24,5600560000
2015-02-25,5614945000
2015-02-26,5590011000
2015-02-27,5536307000
2015-03-02,5640838000
2015-03-03,5610150000
2015-03-04,5605355000
2015-03-05,5572749000
2015-03-06,5509455000
2015-03-09,5561241000
2015-03-10,5524799000
2015-03-11,5553569000
2015-03-12,5600560000
2015-03-13,5577544000
2015-03-16,5633166000
2015-03-17,5594806000
2015-03-18,5738656000
2015-03-19,5754959000
2015-03-20,5863326000
2015-03-23,5840310000
2015-03-24,5840310000
2015-03-25,5783729000
2015-03-26,5802909000
2015-03-27,5871957000
2015-03-30,5937169000
2015-03-31,5860086000
2015-04-01,5851464000
2015-04-02,5886910000
2015-04-06,5906070000
2015-04-07,5898406000
2015-04-08,5909902000
2015-04-09,5885952000
2015-04-10,5866792000
2015-04-13,5774824000
2015-04-14,5745126000
2015-04-15,5794942000
2015-04-16,5763328000
2015-04-17,5661780000
2015-04-20,5681898000
2015-04-21,5729798000
2015-04-22,5782488000
2015-04-23,5723092000
2015-04-24,5839968000
2015-04-27,5804522000
2015-04-28,5825598000
2015-04-29,5800690000
2015-04-30,5858170000
2015-05-01,5886910000
2015-05-04,5963550000
2015-05-05,5891700000
2015-05-06,5870624000
2015-05-07,5890742000
2015-05-08,5976004000
2015-05-11,6052644000
2015-05-12,5918524000
2015-05-13,5914692000
2015-05-14,5927146000
2015-05-15,5919482000
2015-05-18,5929062000
2015-05-19,5923314000
2015-05-20,5895532000
2015-05-21,5882120000
2015-05-22,5868708000
2015-05-26,5833262000
2015-05-27,5922356000
2015-05-28,5933852000
2015-05-29,5981752000
2015-06-01,5943432000
2015-06-02,5976962000
2015-06-03,6017198000
2015-06-04,5923314000
2015-06-05,5930020000
2015-06-08,5882120000
2015-06-09,5839010000
2015-06-10,5903196000
2015-06-11,5906070000
2015-06-12,5853380000
2015-06-15,5830388000
2015-06-16,5806438000
2015-06-17,5860086000
2015-06-18,5883078000
2015-06-19,5907986000
2015-06-22,5947264000
2015-06-23,5947264000
2015-06-24,5944390000
2015-06-25,5913734000
2015-06-26,5904154000
2015-06-29,5738420000
2015-06-30,5767426000
2015-07-01,5774139000
2015-07-02,5731943000
2015-07-06,5711804000
2015-07-07,5720435000
2015-07-08,5608232000
2015-07-09,5676321000
2015-07-10,5779893000
2015-07-13,5848941000
2015-07-14,5899768000
2015-07-15,5839351000
2015-07-16,5875793000
2015-07-17,5887301000
2015-07-20,5914153000
2015-07-21,5832638000
2015-07-22,5856613000
2015-07-23,5857572000
2015-07-24,5891137000
2015-07-27,5869080000
2015-07-28,5983201000
2015-07-29,6113625000
2015-07-30,6060880000
2015-07-31,6062798000
2015-08-03,6011971000
2015-08-04,6006217000
2015-08-05,6030192000
2015-08-06,5973611000
2015-08-07,6010053000
2015-08-10,6078142000
2015-08-11,6057044000
2015-08-12,6048413000
2015-08-13,6069511000
2015-08-14,6099240000
2015-08-17,6202812000
2015-08-18,6192262999
2015-08-19,6159657000
2015-08-20,6003340000
2015-08-21,5790442000
2015-08-24,5615904000
2015-08-25,5461505000
2015-08-26,5660018000
2015-08-27,5802909000
2015-08-28,5779893000
2015-08-31,5716599000
2015-09-01,5615904000
2015-09-02,5688788000
2015-09-03,5733861000
2015-09-04,5631248000
2015-09-08,5788524000
2015-09-09,5773180000
2015-09-10,5782770000
2015-09-11,5814417000
2015-09-14,5823048000
2015-09-15,5911276000
2015-09-16,5927579000
2015-09-17,5949636000
2015-09-18,5861408000
2015-09-21,5918948000
2015-09-22,5789483000
2015-09-23,5810581000
2015-09-24,5771262000
2015-09-25,5719476000
2015-09-28,5491234000
2015-09-29,5377113000
2015-09-30,5535360000
2015-10-01,5621760000
2015-10-02,5575680000
2015-10-05,5664960000
2015-10-06,5630400000
2015-10-07,5725440000
2015-10-08,5735040000
2015-10-09,5728320000
2015-10-12,5677440000
2015-10-13,5650560000
2015-10-14,5647680000
2015-10-15,5792640000
2015-10-16,5790720000
2015-10-19,5758080000
2015-10-20,5951040000
2015-10-21,5881920000
2015-10-22,6144000000
2015-10-23,6118080000
2015-10-26,6150719999
2015-10-27,6192000000
2015-10-28,6259200000
2015-10-29,6192960000
2015-10-30,6256320000
2015-11-02,6408000000
2015-11-03,6271680000
2015-11-04,6211200000
2015-11-05,6159360000
2015-11-06,6169920000
2015-11-09,6113280000
2015-11-10,6079680000
2015-11-11,6240960000
2015-11-12,6209280000
2015-11-13,6114240000
2015-11-16,6213120000
2015-11-17,6200640000
2015-11-18,6321599999
2015-11-19,6401280000
2015-11-20,6384960000
2015-11-23,6306240000
2015-11-24,6257280000
2015-11-25,6374400000
2015-11-27,6444480000
2015-11-30,6452159999
2015-12-01,6530880000
2015-12-02,6461760000
2015-12-03,6345599999
2015-12-04,6443520000
2015-12-07,6373440000
2015-12-08,6321599999
2015-12-09,6257280000
2015-12-10,6277440000
2015-12-11,6200640000
2015-12-14,6231360000
2015-12-15,6281280000
2015-12-16,6380159999
2015-12-17,6299520000
2015-12-18,6206400000
2015-12-21,6216960000
2015-12-22,6256320000
2015-12-23,6318719999
2015-12-24,6298560000
2015-12-28,6365760000
2015-12-29,6428159999
2015-12-30,6394560000
2015-12-31,6321728000
2016-01-04,6188427000
2016-01-05,6181713999
2016-01-06,6019643000
2016-01-07,5846064000
2016-01-08,5731943000
2016-01-11,5705091000
2016-01-12,5764549000
2016-01-13,5639879000
2016-01-14,5776057000
2016-01-15,5627412000
2016-01-19,5563159000
2016-01-20,5505619000
2016-01-21,5486439000
2016-01-22,5750164000
2016-01-25,5676321000
2016-01-26,5748246000
2016-01-27,5728107000
2016-01-28,5679198000
2016-01-29,5807704000
2016-02-01,5797155000
2016-02-02,5632207000
2016-02-03,5694542000
2016-02-04,5734820000
2016-02-05,5396293000
2016-02-08,5156543000
2016-02-09,5205452000
2016-02-10,5260115000
2016-02-11,5441366000
2016-02-12,5514250000
2016-02-16,5610150000
2016-02-17,5639879000
2016-02-18,5618781000
2016-02-19,5635084000
2016-02-22,5856613000
2016-02-23,5860449000
2016-02-24,6006217000
2016-02-25,6118420000
2016-02-26,6126092000
2016-02-29,6041700000
2016-03-01,6217197000
2016-03-02,6198976000
2016-03-03,6218156000
2016-03-04,6131846000
2016-03-07,6088691000
2016-03-08,6036905000
2016-03-09,6072388000
2016-03-10,6051290000
2016-03-11,6113625000
2016-03-14,6153903000
2016-03-15,6103076000
2016-03-16,6114584000
2016-03-17,6173083000
2016-03-18,6191304000
2016-03-21,6184590999
2016-03-22,6158698000
2016-03-23,6076224000
2016-03-24,6055126000
2016-03-28,6077183000
2016-03-29,6103076000
2016-03-30,6122256000
2016-03-31,6103418000
2016-04-01,6263404000
2016-04-04,6213588000
2016-04-05,6198260000
2016-04-06,6342917999
2016-04-07,6128326000
2016-04-08,6136948000
2016-04-11,6074678000
2016-04-12,6074678000
2016-04-13,6158024000
2016-04-14,6102460000
2016-04-15,6109166000
2016-04-18,6155150000
2016-04-19,6119704000
2016-04-20,6122578000
2016-04-21,6058392000
2016-04-22,6154191999
2016-04-25,6198260000
2016-04-26,6291186000
2016-04-27,6402314000
2016-04-28,6249991999
2016-04-29,6270110000
2016-05-02,6370700000
2016-05-03,6293102000
2016-05-04,6271067999
2016-05-05,6262446000
2016-05-06,6323758000
2016-05-09,6339086000
2016-05-10,6412852000
2016-05-11,6317052000
2016-05-12,6335254000
2016-05-13,6323758000
2016-05-16,6355372000
2016-05-17,6402314000
2016-05-18,6435844000
2016-05-19,6438717999
2016-05-20,6453088000
2016-05-23,6439676000
2016-05-24,6525896000
2016-05-25,6509610000
2016-05-26,6488534000
2016-05-27,6513441999
2016-05-31,6479912000
2016-06-01,6532602000
2016-06-02,6526854000
2016-06-03,6503862000
2016-06-06,6504820000
2016-06-07,6490450000
2016-06-08,6611158000
2016-06-09,6608284000
2016-06-10,6505778000
2016-06-13,6465541999
2016-06-14,6478954000
2016-06-15,6529728000
2016-06-16,6533560000
2016-06-17,6484702000
2016-06-20,6605410000
2016-06-21,6612116000
2016-06-22,6594872000
2016-06-23,6634150000
2016-06-24,6295976000
2016-06-27,6133116000
2016-06-28,6362078000
2016-06-29,6515358000
2016-06-30,6665280000
2016-07-01,6604800000
2016-07-05,6528960000
2016-07-06,6552960000
2016-07-07,6589440000
2016-07-08,6695039999
2016-07-11,6713280000
2016-07-12,6770880000
2016-07-13,6762240000
2016-07-14,6816960000
2016-07-15,6849599999
2016-07-18,6810240000
2016-07-19,6896640000
2016-07-20,6905280000
2016-07-21,6869760000
2016-07-22,6944640000
2016-07-25,6899520000
2016-07-26,6956159999
2016-07-27,6900480000
2016-07-28,6986880000
2016-07-29,6949440000
2016-08-01,6950400000
2016-08-02,6882240000
2016-08-03,6820800000
2016-08-04,6816000000
2016-08-05,6855360000
2016-08-08,6814080000
2016-08-09,6845760000
2016-08-10,6849599999
2016-08-11,6893760000
2016-08-12,6945599999
2016-08-15,6990719999
2016-08-16,6934080000
2016-08-17,6879360000
2016-08-18,6901440000
2016-08-19,6842880000
2016-08-22,6903360000
2016-08-23,6929280000
2016-08-24,6892800000
2016-08-25,6920640000
2016-08-26,6871680000
2016-08-29,6921599999
2016-08-30,6840960000
2016-08-31,6837120000
2016-09-01,6896640000
2016-09-02,6949440000
2016-09-06,6918719999
2016-09-07,6805440000
2016-09-08,6708480000
2016-09-09,6415680000
2016-09-12,6468480000
2016-09-13,6391680000
2016-09-14,6344640000
2016-09-15,6417599999
2016-09-16,6360000000
2016-09-19,6467520000
2016-09-20,6466560000
2016-09-21,6516480000
2016-09-22,6628800000
2016-09-23,6592320000
2016-09-26,6552000000
2016-09-27,6618240000
2016-09-28,6663360000
2016-09-29,6552960000
2016-09-30,6587796000
2016-10-03,6517052000
2016-10-04,6441528000
2016-10-05,6457780000
2016-10-06,6496020000
2016-10-07,6393728000
2016-10-10,6431968000
2016-10-11,6331588000
2016-10-12,6408068000
2016-10-13,6361224000
2016-10-14,6471164000
2016-10-17,6533304000
2016-10-18,6491240000
2016-10-19,6424320000
2016-10-20,6431968000
2016-10-21,6422408000
2016-10-24,6477856000
2016-10-25,6263712000
2016-10-26,6270404000
2016-10-27,6007504000
2016-10-28,6079204000
2016-10-31,6103104000
2016-11-01,6066776000
2016-11-02,6056260000
2016-11-03,6050524000
2016-11-04,6083984000
2016-11-07,6254152000
2016-11-08,6281875999
2016-11-09,6381300000
2016-11-10,6606916000
2016-11-11,6626036000
2016-11-14,6557204000
2016-11-15,6574412000
2016-11-16,6459691999
2016-11-17,6527568000
2016-11-18,6435791999
2016-11-21,6494108000
2016-11-22,6500800000
2016-11-23,6472120000
2016-11-25,6492196000
2016-11-28,6443440000
2016-11-29,6451088000
2016-11-30,6396596000
2016-12-01,6257975999
2016-12-02,6201572000
2016-12-05,6176716000
2016-12-06,6214000000
2016-12-07,6288568000
2016-12-08,6250328000
2016-12-09,6279008000
2016-12-12,6225472000
2016-12-13,6276140000
2016-12-14,6256064000
2016-12-15,6204440000
2016-12-16,6139432000
2016-12-19,6205396000
2016-12-20,6245548000
2016-12-21,6266580000
2016-12-22,6237900000
2016-12-23,6251284000
2016-12-27,6265624000
2016-12-28,6194880000
2016-12-29,6192012000
2016-12-30,6118400000
2017-01-03,6165910000
2017-01-04,6283129000
2017-01-05,6317437000
2017-01-06,6279317000
2017-01-09,6234526000
2017-01-10,6146850000
2017-01-11,6261210000
2017-01-12,6301236000
2017-01-13,6242150000
2017-01-17,6277411000
2017-01-18,6335544000
2017-01-19,6345074000
2017-01-20,6209748000
2017-01-23,6201170999
2017-01-24,6329826000
2017-01-25,6346979999
2017-01-26,6285035000
2017-01-27,6339356000
2017-01-30,6274552000
2017-01-31,6258351000
2017-02-01,6284082000
2017-02-02,6253586000
2017-02-03,6416549000
2017-02-06,6417502000
2017-02-07,6387006000
2017-02-08,6442279999
2017-02-09,6835869000
2017-02-10,6853976000
2017-02-13,6809185000
2017-02-14,6773924000
2017-02-15,6845399000
2017-02-16,6950229000
2017-02-17,6982631000
2017-02-21,7100803000
2017-02-22,7057918000
2017-02-23,7047435000
2017-02-24,7047435000
2017-02-27,7014079999
2017-02-28,6917827000
2017-03-01,7022657000
2017-03-02,7048387999
2017-03-03,7035045999
2017-03-06,6976912999
2017-03-07,6943558000
2017-03-08,6967383000
2017-03-09,7000737999
2017-03-10,7096991000
2017-03-13,7124628000
2017-03-14,7087461000
2017-03-15,7139876000
2017-03-16,7161795000
2017-03-17,7193244000
2017-03-20,7169419000
2017-03-21,7077931000
2017-03-22,7125581000
2017-03-23,7134158000
2017-03-24,7152265000
2017-03-27,7137017000
2017-03-28,7158936000
2017-03-29,7186573000
2017-03-30,7229458000
2017-03-31,7206640000
2017-04-03,7208544000
2017-04-04,7130480000
2017-04-05,7057176000
2017-04-06,7111440000
2017-04-07,7110488000
2017-04-10,7103824000
2017-04-11,7167608000
2017-04-12,7162847999
2017-04-13,7150472000
2017-04-17,7257096000
2017-04-18,7229488000
2017-04-19,7314216000
2017-04-20,7398944000
2017-04-21,7417032000
2017-04-24,7448447999
2017-04-25,7497000000
2017-04-26,7589344000
2017-04-27,7675024000
2017-04-28,7486528000
2017-05-01,7397040000
2017-05-02,7389424000
2017-05-03,7357056000
2017-05-04,7363719999
2017-05-05,7378000000
2017-05-08,7311360000
2017-05-09,7328496000
2017-05-10,7314216000
2017-05-11,7358008000
2017-05-12,7304696000
2017-05-15,7353247999
2017-05-16,7471296000
2017-05-17,7331352000
2017-05-18,7360863999
2017-05-19,7526512000
2017-05-22,7564591999
2017-05-23,7511280000
2017-05-24,7525560000
2017-05-25,7564591999
2017-05-26,7556976000
2017-05-30,7469391999
2017-05-31,7485576000
2017-06-01,7534128000
2017-06-02,7621712000
2017-06-05,7616000000
2017-06-06,7477008000
2017-06-07,7457016000
2017-06-08,7392280000
2017-06-09,7352296000
2017-06-12,7468440000
2017-06-13,7547456000
2017-06-14,7592200000
2017-06-15,7687400000
2017-06-16,7766416000
2017-06-19,7822584000
2017-06-20,7797832000
2017-06-21,7759752000
2017-06-22,7729288000
2017-06-23,7754040000
2017-06-26,7750232000
2017-06-27,7672168000
2017-06-28,7734047999
2017-06-29,7598863999
2017-06-30,7706400000
2017-07-03,7730150000
2017-07-05,7803300000
2017-07-06,7662700000
2017-07-07,7715900000
2017-07-10,7745350000
2017-07-11,7739650000
2017-07-12,7789049999
2017-07-13,7675050000
2017-07-14,7673150000
2017-07-17,7678850000
2017-07-18,7656999999
2017-07-19,7666500000
2017-07-20,7703550000
2017-07-21,7638950000
2017-07-24,7629450000
2017-07-25,7514499999
2017-07-26,7456549999
2017-07-27,7714000000
2017-07-28,7733000000
2017-07-31,7717799999
2017-08-01,7739650000
2017-08-02,7680749999
2017-08-03,7672200000
2017-08-04,7725399999
2017-08-07,7789049999
2017-08-08,7730150000
2017-08-09,7656050000
2017-08-10,7497400000
2017-08-11,7531600000
2017-08-14,7549650000
2017-08-15,7500250000
2017-08-16,7532550000
2017-08-17,7488850000
2017-08-18,7426150000
2017-08-21,7360600000
2017-08-22,7417600000
2017-08-23,7323550000
2017-08-24,7329250000
2017-08-25,7373900000
2017-08-28,7414750000
2017-08-29,7388150000
2017-08-30,7438500000
2017-08-31,7477449999
2017-09-01,7519250000
2017-09-05,7543000000
2017-09-06,7624700000
2017-09-07,7620900000
2017-09-08,7676950000
2017-09-11,7701649999
2017-09-12,7695000000
2017-09-13,7771950000
2017-09-14,7848900000
2017-09-15,7863150000
2017-09-18,7851750000
2017-09-19,7870749999
2017-09-20,7939149999
2017-09-21,7929650000
2017-09-22,8032250000
2017-09-25,8027500000
2017-09-26,8108249999
2017-09-27,8106350000
2017-09-28,8147200000
2017-09-29,8214650000
2017-10-02,8229003000
2017-10-03,8318397000
2017-10-04,8248023000
2017-10-05,8280356999
2017-10-06,8291769000
2017-10-09,8332662000
2017-10-10,8350731000
2017-10-11,8383065000
2017-10-12,8517156000
2017-10-13,8397330000
2017-10-16,8382114000
2017-10-17,8273700000
2017-10-18,8330759999
2017-10-19,8344073999
2017-10-20,8370702000
2017-10-23,8303181000
2017-10-24,8414448000
2017-10-25,8225198999
2017-10-26,7674570000
2017-10-27,7635579000
2017-10-30,7795347000
2017-10-31,7930389000
2017-11-01,7867623000
2017-11-02,7820073000
2017-11-03,7800102000
2017-11-06,7901859000
2017-11-07,7943703000
2017-11-08,7934193000
2017-11-09,7805808000
2017-11-10,7905663000
2017-11-13,7982694000
2017-11-14,7883790000
2017-11-15,7801053000
2017-11-16,7837191000
2017-11-17,7860015000
2017-11-20,7916123999
2017-11-21,7931340000
2017-11-22,7908516000
2017-11-24,7885692000
2017-11-27,7902809999
2017-11-28,7924683000
2017-11-29,7887594000
2017-11-30,8001714000
2017-12-01,8043558000
2017-12-04,7934193000
2017-12-05,7798200000
2017-12-06,7778229000
2017-12-07,7903761000
2017-12-08,7841945999
2017-12-11,7814367000
2017-12-12,7812465000
2017-12-13,7859064000
2017-12-14,7767768000
2017-12-15,7824828000
2017-12-18,7851456000
2017-12-19,7614656999
2017-12-20,7703100000
2017-12-21,7703100000
2017-12-22,7640334000
2017-12-26,7645089000
2017-12-27,7608000000
2017-12-28,7566156000
2017-12-29,7566156000
2018-01-02,7599441000
2018-01-03,7631775000
2018-01-04,7738287000
2018-01-05,7757306999
2018-01-08,7725923999
2018-01-09,7886643000
2018-01-10,7855259999
2018-01-11,8024538000
2018-01-12,8087304000
2018-01-16,7995056999
2018-01-17,8008370999
2018-01-18,7993155000
2018-01-19,8200473000
2018-01-22,8159580000
2018-01-23,8116784999
2018-01-24,8138658000
2018-01-25,8116784999
2018-01-26,8213787000
2018-01-29,8243268000
2018-01-30,8125344000
2018-01-31,8189061000
2018-02-01,8099667000
2018-02-02,7783934999
2018-02-05,7523361000
2018-02-06,7618461000
2018-02-07,7604195999
2018-02-08,7353131999
2018-02-09,7464398999
2018-02-12,7584225000
2018-02-13,7574715000
2018-02-14,7605147000
2018-02-15,7822926000
2018-02-16,7866672000
2018-02-20,8146266000
2018-02-21,8247072000
2018-02-22,8182404000
2018-02-23,8194767000
2018-02-26,8354534999
2018-02-27,8270847000
2018-02-28,7998861000
2018-03-01,7804856999
2018-03-02,7820073000
2018-03-05,7894251000
2018-03-06,7980792000
2018-03-07,7981743000
2018-03-08,8060676000
2018-03-09,8293670999
2018-03-12,8311740000
2018-03-13,8187159000
2018-03-14,8117736000
2018-03-15,8129148000
2018-03-16,8167188000
2018-03-19,8107275000
2018-03-20,8143413000
2018-03-21,8172894000
2018-03-22,8045459999
2018-03-23,7889495999
2018-03-26,8041656000
2018-03-27,7988400000
2018-03-28,7905663000
2018-03-29,8111079000
2018-04-02,7907799999
2018-04-03,8036050000
2018-04-04,8145299999
2018-04-05,8164300000
2018-04-06,8051250000
2018-04-09,8031300000
2018-04-10,8096850000
2018-04-11,8031300000
2018-04-12,8104450000
2018-04-13,8033200000
2018-04-16,8110150000
2018-04-17,8133900000
2018-04-18,8217500000
2018-04-19,8112050000
2018-04-20,8051250000
2018-04-23,8029400000
2018-04-24,7804250000
2018-04-25,7887850000
2018-04-26,7466050000
2018-04-27,7393850000
2018-04-30,7332100000
2018-05-01,7328300000
2018-05-02,7136400000
2018-05-03,7107899999
2018-05-04,7234250000
2018-05-07,7195299999
2018-05-08,7209550000
2018-05-09,7246600000
2018-05-10,7344450000
2018-05-11,7341600000
2018-05-14,7300749999
2018-05-15,7263699999
2018-05-16,7316900000
2018-05-17,7302650000
2018-05-18,7445150000
2018-05-21,7484100000
2018-05-22,7473650000
2018-05-23,7525900000
2018-05-24,7529700000
2018-05-25,7485050000
2018-05-29,7435650000
2018-05-30,7524949999
2018-05-31,7260850000
2018-06-01,7399550000
2018-06-04,7440399999
2018-06-05,7521150000
2018-06-06,7526850000
2018-06-07,7619949999
2018-06-08,7706400000
2018-06-11,7719700000
2018-06-12,7806150000
2018-06-13,7685500000
2018-06-14,7770050000
2018-06-15,7796649999
2018-06-18,7740600000
2018-06-19,7616150000
2018-06-20,7600000000
2018-06-21,7398600000
2018-06-22,7380550000
2018-06-25,7256100000
2018-06-26,7251350000
2018-06-27,7352050000
2018-06-28,7332100000
2018-06-29,7349200000
2018-07-02,7382613000
2018-07-03,7324602000
2018-07-05,7406388000
2018-07-06,7309386000
2018-07-09,7412094000
2018-07-10,7451084999
2018-07-11,7409241000
2018-07-12,7520508000
2018-07-13,7580420999
2018-07-16,7535723999
2018-07-17,7615608000
2018-07-18,7534773000
2018-07-19,7482468000
2018-07-20,7559498999
2018-07-23,7485320999
2018-07-24,7590881999
2018-07-25,7616559000
2018-07-26,7748748000
2018-07-27,7760159999
2018-07-30,7696443000
2018-07-31,7754454000
2018-08-01,7691688000
2018-08-02,7722120000
2018-08-03,7771572000
2018-08-06,7852406999
2018-08-07,7902809999
2018-08-08,7847652000
2018-08-09,7851456000
2018-08-10,7779180000
2018-08-13,7772523000
2018-08-14,7918977000
2018-08-15,8112030000
2018-08-16,8124393000
2018-08-17,8245170000
2018-08-20,8269895999
2018-08-21,8348829000
2018-08-22,8283209999
2018-08-23,8220444000
2018-08-24,8299377000
2018-08-27,8339319000
2018-08-28,8342172000
2018-08-29,8269895999
2018-08-30,8301279000
2018-08-31,8294622000
2018-09-04,8287965000
2018-09-05,8482920000
2018-09-06,8457243000
2018-09-07,8436320999
2018-09-10,8539980000
2018-09-11,8530470000
2018-09-12,8534273999
2018-09-13,8496234000
2018-09-14,8351681999
2018-09-17,8453439000
2018-09-18,8594187000
2018-09-19,8614158000
2018-09-20,8645541000
2018-09-21,8565656999
2018-09-24,8500989000
2018-09-25,8476263000
2018-09-26,8514303000
2018-09-27,8558048999
2018-09-28,8613207000
2018-10-01,8649186000
2018-10-02,8666268000
2018-10-03,8656778000
2018-10-04,8559031000
2018-10-05,8498295000
2018-10-08,8386313000
2018-10-09,8315138000
2018-10-10,8024744000
2018-10-11,7853924000
2018-10-12,7949773000
2018-10-15,7955467000
2018-10-16,8088327000
2018-10-17,7987733000
2018-10-18,7849178999
2018-10-19,7761871000
2018-10-22,7735299000
2018-10-23,7852975000
2018-10-24,7567325999
2018-10-25,7871006000
2018-10-26,7849178999
2018-10-29,7750483000
2018-10-30,8028539999
2018-10-31,8135777000
2018-11-01,8295209000
2018-11-02,8364486000
2018-11-05,8408139999
2018-11-06,8456539000
2018-11-07,8519173000
2018-11-08,8580858000
2018-11-09,8483111000
2018-11-12,8407191000
2018-11-13,8433763000
2018-11-14,8266739000
2018-11-15,8394853999
2018-11-16,8471723000
2018-11-19,8487856000
2018-11-20,8422375000
2018-11-21,8522020000
2018-11-23,8456539000
2018-11-26,8519173000
2018-11-27,8564725000
2018-11-28,8749780000
2018-11-29,8707075000
2018-11-30,8691891000
2018-12-03,8835190000
2018-12-04,8567572000
2018-12-06,8516325999
2018-12-07,8414783000
2018-12-10,8278127000
2018-12-11,8285719000
2018-12-12,8336016000
2018-12-13,8298056000
2018-12-14,8194614999
2018-12-17,7940283000
2018-12-18,8001019000
2018-12-19,7779902000
2018-12-20,7630909000
2018-12-21,7453446000
2018-12-24,7156409000
2018-12-26,7460089000
2018-12-27,7525570000
2018-12-28,7454395000
2018-12-31,7532594999
2019-01-02,7659225000
2019-01-03,7529760000
2019-01-04,7512750000
2019-01-07,7591185000
2019-01-08,7696080000
2019-01-09,7782074999
2019-01-10,7767900000
2019-01-11,7755614999
2019-01-14,7727265000
2019-01-15,7725375000
2019-01-16,7655445000
2019-01-17,7726320000
2019-01-18,7891695000
2019-01-22,7766010000
2019-01-23,7789635000
2019-01-24,7843500000
2019-01-25,7955955000
2019-01-28,7964460000
2019-01-29,8035335000
2019-01-30,8118495000
2019-01-31,8113770000
2019-02-01,8197875000
2019-02-04,8247960000
2019-02-05,8419949999
2019-02-06,8470980000
2019-02-07,8574929999
2019-02-08,8636355000
2019-02-11,8647695000
2019-02-12,8792280000
2019-02-13,8861265000
2019-02-14,8663760000
2019-02-15,8652420000
2019-02-19,8317890000
2019-02-20,8311275000
2019-02-21,8337735000
2019-02-22,8476650000
2019-02-25,8382150000
2019-02-26,8376480000
2019-02-27,8545635000
2019-02-28,8501219999
2019-03-01,8618400000
2019-03-04,8522955000
2019-03-05,8499330000
2019-03-06,8452080000
2019-03-07,8313165000
2019-03-08,8314110000
2019-03-11,8370810000
2019-03-12,8392545000
2019-03-13,8470980000
2019-03-14,8388765000
2019-03-15,8354745000
2019-03-18,8401050000
2019-03-19,8383094999
2019-03-20,8291429999
2019-03-21,8401050000
2019-03-22,8242290000
2019-03-25,8264025000
2019-03-26,8355690000
2019-03-27,8334900000
2019-03-28,8487989999
2019-03-29,8572094999
2019-04-01,8689632000
2019-04-02,8668996000
2019-04-03,8769362000
2019-04-04,8828456000
2019-04-05,8903496000
2019-04-08,8854720000
2019-04-09,8769362000
2019-04-10,8754354000
2019-04-11,8795626000
2019-04-12,8870666000
2019-04-15,8823766000
2019-04-16,8807820000
2019-04-17,8807820000
2019-04-18,8793750000
2019-04-22,8813448000
2019-04-23,9003862000
2019-04-24,8957900000
2019-04-25,9057328000
2019-04-26,9221478000
2019-04-29,9230858000
2019-04-30,9307774000
2019-05-01,9289952000
2019-05-02,9278696000
2019-05-03,9585422000
2019-05-06,9495374000
2019-05-07,9319968000
2019-05-08,9344356000
2019-05-09,9389380000
2019-05-10,9406264000
2019-05-13,9292766000
2019-05-14,9323720000
2019-05-15,9420334000
2019-05-16,9555406000
2019-05-17,9424086000
2019-05-20,9378124000
2019-05-21,9518824000
2019-05-22,9373434000
2019-05-23,9295580000
2019-05-24,9312464000
2019-05-28,9269316000
2019-05-29,9172702000
2019-05-30,9331224000
2019-05-31,9103290000
2019-06-03,9342480000
2019-06-04,9419396000
2019-06-05,9690478000
2019-06-06,9727060000
2019-06-07,9768332000
2019-06-10,9899652000
2019-06-11,9849000000
2019-06-12,9805852000
2019-06-13,9878078000
2019-06-14,9944676000
2019-06-17,9816170000
2019-06-18,9956870000
2019-06-19,10051608000
2019-06-20,10154788000
2019-06-21,10115392000
2019-06-24,10120082000
2019-06-25,10090066000
2019-06-26,10091942000
2019-06-27,10202626000
2019-06-28,10369590000
2019-07-01,10404816000
2019-07-02,10287258000
2019-07-03,10310583000
2019-07-05,10355367000
2019-07-08,10261134000
2019-07-09,10278861000
2019-07-10,10199556000
2019-07-11,10194891000
2019-07-12,10304052000
2019-07-15,10333908000
2019-07-16,10335774000
2019-07-17,10152906000
2019-07-18,10210752000
2019-07-19,10038147000
2019-07-22,10078266000
2019-07-23,10153839000
2019-07-24,10096926000
2019-07-25,9778773000
2019-07-26,9820758000
2019-07-29,9675210000
2019-07-30,9728391000
2019-07-31,9660282000
2019-08-01,9561384000
2019-08-02,9500739000
2019-08-05,9300144000
2019-08-06,9314139000
2019-08-07,9174189000
2019-08-08,9250695000
2019-08-09,9211509000
2019-08-12,9050100000
2019-08-13,9093018000
2019-08-14,8777664000
2019-08-15,8837376000
2019-08-16,8903619000
2019-08-19,9008115000
2019-08-20,8863500000
2019-08-21,8906418000
2019-08-22,8927877000
2019-08-23,8716086000
2019-08-26,8772066000
2019-08-27,8748741000
2019-08-28,8797257000
2019-08-29,8938140000
2019-08-30,8981991000
2019-09-03,8894289000
2019-09-04,9027708000
2019-09-05,9201246000
2019-09-06,9232035000
2019-09-09,9137802000
2019-09-10,9167658000
2019-09-11,9323469000
2019-09-12,9360789000
2019-09-13,9538992000
2019-09-16,9528729000
2019-09-17,9475548000
2019-09-18,9545523000
2019-09-19,9528729000
2019-09-20,9476481000
2019-09-23,9438228000
2019-09-24,9478347000
2019-09-25,9502605000
2019-09-26,9578178000
2019-09-27,9563250000
2019-09-30,9629085000
2019-10-01,9392190000
2019-10-02,9312296000
2019-10-03,9392190000
2019-10-04,9598428000
2019-10-07,9529682000
2019-10-08,9506457000
2019-10-09,9386616000
2019-10-10,9355030000
2019-10-11,9425634000
2019-10-14,9331805000
2019-10-15,9456291000
2019-10-16,9606789000
2019-10-17,9673677000
2019-10-18,9656955000
2019-10-21,9757287000
2019-10-22,9777725000
2019-10-23,9695973000
2019-10-24,10559014000
2019-10-25,10528357000
2019-10-28,10713228000
2019-10-29,10723447000
2019-10-30,10823779000
2019-10-31,10780116000
2019-11-01,10979851000
2019-11-04,10974277000
2019-11-05,10878590000
2019-11-06,10830282000
2019-11-07,10708583000
2019-11-08,10743885000
2019-11-11,10744814000
2019-11-12,10655630000
2019-11-13,10843288000
2019-11-14,10886951000
2019-11-15,11066248000
2019-11-18,11000289000
2019-11-19,11074609000
2019-11-20,10915750000
2019-11-21,11010508000
2019-11-22,11059745000
2019-11-25,11130349000
2019-11-26,11348664000
2019-11-27,11292924000
2019-11-29,11150787000
2019-12-02,11181444000
2019-12-03,11164722000
2019-12-04,11314291000
2019-12-05,11361670000
2019-12-06,11425771000
2019-12-09,11527961000
2019-12-10,11527961000
2019-12-11,11676601000
2019-12-12,11563263000
2019-12-13,11427629000
2019-12-16,11302214000
2019-12-17,11475937000
2019-12-18,11483369000
2019-12-19,11489872000
2019-12-20,11538180000
2019-12-23,11465718000
2019-12-24,11507523000
2019-12-26,11579056000
2019-12-27,11574411000
2019-12-30,11530748000
2019-12-31,11544858000
2020-01-02,11623653000
2020-01-03,11479968000
2020-01-06,11458647000
2020-01-07,11321451000
2020-01-08,11369655000
2020-01-09,11390049000
2020-01-10,11441961000
2020-01-13,11555055000
2020-01-14,11561544000
2020-01-15,11617164000
2020-01-16,11912877000
2020-01-17,11870235000
2020-01-21,11785878000
2020-01-22,12000014999
2020-01-23,12032460000
2020-01-24,11865600000
2020-01-27,11835009000
2020-01-28,11999088000
2020-01-29,12127014000
2020-01-30,12112182000
2020-01-31,11987964000
2020-02-03,12253086000
2020-02-04,12537675000
2020-02-05,12355056000
2020-02-06,12274407000
2020-02-07,12425508000
2020-02-10,12642426000
2020-02-11,12782402999
2020-02-12,12845439000
2020-02-13,12684141000
2020-02-14,12876030000
2020-02-18,12455172000
2020-02-19,12158532000
2020-02-20,12037095000
2020-02-21,11919366000
2020-02-24,11768265000
2020-02-25,11494800000
2020-02-26,11463282000
2020-02-27,10955286000
2020-02-28,10659573000
2020-03-02,11203722000
2020-03-03,11062818000
2020-03-04,11527245000
2020-03-05,11369655000
2020-03-06,11105460000
2020-03-09,10660500000
2020-03-10,10974753000
2020-03-11,10640106000
2020-03-12,9584253000
2020-03-13,10364787000
2020-03-16,9057717000
2020-03-17,9511020000
2020-03-18,8962236000
2020-03-19,8728632000
2020-03-20,7679268000
2020-03-23,7286219999
2020-03-24,7872084000
2020-03-25,8292015000
2020-03-26,8971506000
2020-03-27,8493174000
2020-03-30,8807427000
2020-03-31,8493446000
2020-04-01,7807657000
2020-04-02,7791966000
2020-04-03,7756892000
2020-04-06,8721427000
2020-04-07,8560825000
2020-04-08,8736195000
2020-04-09,8801728000
2020-04-13,8839571000
2020-04-14,9038016000
2020-04-15,8718658000
2020-04-16,8674354000
2020-04-17,9011249000
2020-04-20,8671585000
2020-04-21,8377148000
2020-04-22,8581131000
2020-04-23,8780499000
2020-04-24,8913411000
2020-04-27,9144161000
2020-04-28,9379526000
2020-04-29,9447828000
2020-04-30,9279842000
2020-05-01,8997404000
2020-05-04,8746348000
2020-05-05,8929102000
2020-05-06,9044477000
2020-05-07,9242922000
2020-05-08,9439521000
2020-05-11,9385064000
2020-05-12,9204156000
2020-05-13,8644818000
2020-05-14,8636511000
2020-05-15,8578362000
2020-05-18,8849724000
2020-05-19,8699275000
2020-05-20,8984482000
2020-05-21,8676200000
2020-05-22,8702967000
2020-05-26,9012172000
2020-05-27,9140469000
2020-05-28,9221693000
2020-05-29,9202310000
2020-06-01,9289995000
2020-06-02,9230923000
2020-06-03,9695192000
2020-06-04,9792107000
2020-06-05,10646805000
2020-06-08,10664342000
2020-06-09,10364367000
2020-06-10,10062546000
2020-06-11,9373988000
2020-06-12,9452443000
2020-06-15,9474595000
2020-06-16,9648119000
2020-06-17,9622275000
2020-06-18,9505977000
2020-06-19,9482902000
2020-06-22,9479210000
2020-06-23,9475518000
2020-06-24,9029709000
2020-06-25,9045400000
2020-06-26,8957715000
2020-06-29,9210617000
2020-06-30,9434906000
2020-07-01,9404447000
2020-07-02,9450597000
2020-07-06,9596431000
2020-07-07,9419215000
2020-07-08,9459827000
2020-07-09,9278919000
2020-07-10,9369373000
2020-07-13,9391525000
2020-07-14,9621352000
2020-07-15,9857640000
2020-07-16,9913943000
2020-07-17,9862255000
2020-07-20,9925019000
2020-07-21,10136386000
2020-07-22,10300680000
2020-07-23,9466288000
2020-07-24,9324146000
2020-07-27,9358297000
2020-07-28,9092473000
2020-07-29,9065706000
2020-07-30,9006634000
2020-07-31,9180158000
2020-08-03,9271535000
2020-08-04,9175543000
2020-08-05,9270612000
2020-08-06,9156160000
2020-08-07,9240153000
2020-08-10,9444136000
2020-08-11,9613968000
2020-08-12,9614891000
2020-08-13,9478287000
2020-08-14,9373988000
2020-08-17,9438598000
2020-08-18,9284457000
2020-08-19,9295533000
2020-08-20,9169082000
2020-08-21,9254921000
2020-08-24,9497670000
2020-08-25,9421984000
2020-08-26,9457058000
2020-08-27,9529052000
2020-08-28,9599200000
2020-08-31,9542897000
2020-09-01,9423830000
2020-09-02,9673040000
2020-09-03,9268766000
2020-09-04,9199541000
2020-09-08,9045400000
2020-09-09,9109087000
2020-09-10,8954023000
2020-09-11,9042631000
2020-09-14,9150622000
2020-09-15,9314916000
2020-09-16,9583509000
2020-09-17,9597354000
2020-09-18,9529975000
2020-09-21,9024171000
2020-09-22,9065706000
2020-09-23,8802651000
2020-09-24,8826649000
2020-09-25,8975252000
2020-09-28,9157083000
2020-09-29,9153391000
2020-09-30,8971137000
2020-10-01,8933950000
2020-10-02,8962974000
2020-10-05,9142560000
2020-10-06,9148002000
2020-10-07,9211492000
2020-10-08,9404683000
2020-10-09,9431893000
2020-10-12,9773832000
2020-10-13,9527128000
2020-10-14,9476336000
2020-10-15,9507174000
2020-10-16,9522593000
2020-10-19,9426451000
2020-10-20,9550710000
2020-10-21,9423730000
2020-10-22,9248679000
2020-10-23,9331216000
2020-10-26,9146188000
2020-10-27,9002882000
2020-10-28,8739852000
2020-10-29,8898577000
2020-10-30,8933950000
2020-11-02,9206957000
2020-11-03,9440056000
2020-11-04,9210585000
2020-11-05,9444591000
2020-11-06,9326681000
2020-11-09,10146609000
2020-11-10,10444105000
2020-11-11,10191052000
2020-11-12,9990605000
2020-11-13,10339800000
2020-11-16,10726182000
2020-11-17,10472222000
2020-11-18,10390592000
2020-11-19,10351591000
2020-11-20,10249100000
2020-11-23,10354312000
2020-11-24,10592853000
2020-11-25,10449547000
2020-11-27,10365196000
2020-11-30,10343428000
2020-12-01,10430500000
2020-12-02,10298078000
2020-12-03,10318939000
2020-12-04,10388778000
2020-12-07,10177447000
2020-12-08,10259984000
2020-12-09,10100352000
2020-12-10,10035955000
2020-12-11,9938906000
2020-12-14,9948883000
2020-12-15,10131190000
2020-12-16,10085840000
2020-12-17,10232774000
2020-12-18,10317125000
2020-12-21,10230053000
2020-12-22,10193773000
2020-12-23,10227332000
2020-12-24,10251821000
2020-12-28,10386964000
2020-12-29,10298078000
2020-12-30,10425058000
2020-12-31,10555666000
2021-01-04,10383336000
2021-01-05,10403290000
2021-01-06,10640017000
2021-01-07,10920280000
2021-01-08,10882186000
2021-01-11,10913931000
2021-01-12,10873116000
2021-01-13,10612807000
2021-01-14,10546596000
2021-01-15,10376987000
2021-01-19,10404197000
2021-01-20,10357033000
2021-01-21,10434128000
2021-01-22,10304427000
2021-01-25,10166563000
2021-01-26,10091282000
2021-01-27,10172005000
2021-01-28,10020536000
2021-01-29,9705807000
2021-02-01,10006024000
2021-02-02,10057723000
2021-02-03,10106701000
2021-02-04,10146609000
2021-02-05,10320753000
2021-02-08,10614621000
2021-02-09,10586504000
2021-02-10,10694437000
2021-02-11,10803277000
2021-02-12,10726182000
2021-02-16,9959767000
2021-02-17,9913510000
2021-02-18,9823717000
2021-02-19,9891742000
2021-02-22,9885393000
2021-02-23,9867253000
2021-02-24,9916231000
2021-02-25,9758413000
2021-02-26,9866346000
2021-03-01,10131190000
2021-03-02,10230053000
2021-03-03,10172005000
2021-03-04,10013280000
2021-03-05,10277217000
2021-03-08,10565643000
2021-03-09,10379708000
2021-03-10,10516665000
2021-03-11,10430500000
2021-03-12,10638203000
2021-03-15,10714391000
2021-03-16,11004631000
2021-03-17,11116192000
2021-03-18,11063586000
2021-03-19,10876744000
2021-03-22,10924815000
2021-03-23,10819603000
2021-03-24,11033655000
2021-03-25,11199636000
2021-03-26,11496225000
2021-03-29,11453596000
2021-03-30,11363803000
2021-03-31,11305800000
2021-04-01,11497500000
2021-04-05,11702700000
2021-04-06,11835000000
2021-04-07,11822400000
2021-04-08,11776500000
2021-04-09,11852100000
2021-04-12,11844900000
2021-04-13,11640600000
2021-04-14,11721600000
2021-04-15,11747700000
2021-04-16,11970900000
2021-04-19,11910600000
2021-04-20,11920499999
2021-04-21,11978100000
2021-04-22,12194100000
2021-04-23,12451500000
2021-04-26,12262500000
2021-04-27,12388500000
2021-04-28,12285000000
2021-04-29,12349800000
2021-04-30,12094200000
2021-05-03,12246300000
2021-05-04,12366900000
2021-05-05,12261600000
2021-05-06,12614400000
2021-05-07,12712500000
2021-05-10,12829500000
2021-05-11,12576600000
2021-05-12,12185099999
2021-05-13,12528900000
2021-05-14,12622500000
2021-05-17,12503700000
2021-05-18,12347100000
2021-05-19,12389400000
2021-05-20,12386700000
2021-05-21,12375900000
2021-05-24,12485700000
2021-05-25,12531600000
2021-05-26,12516300000
2021-05-27,12616200000
2021-05-28,12643200000
2021-06-01,12542400000
2021-06-02,12450600000
2021-06-03,12414600000
2021-06-04,12494700000
2021-06-07,12420000000
2021-06-08,12510000000
2021-06-09,12428100000
2021-06-10,12479400000
2021-06-11,12482999999
2021-06-14,12447900000
2021-06-15,12465000000
2021-06-16,12521700000
2021-06-17,12290400000
2021-06-18,12118500000
2021-06-21,12399300000
2021-06-22,12482100000
2021-06-23,12433500000
2021-06-24,12484800000
2021-06-25,12496500000
2021-06-28,12539700000
2021-06-29,12527100000
2021-06-30,12495210000
2021-07-01,12576837000
2021-07-02,12561588000
2021-07-06,12428832000
2021-07-07,12559794000
2021-07-08,12335544000
2021-07-09,12402819000
2021-07-12,12389364000
2021-07-13,12023388000
2021-07-14,12187539000
2021-07-15,12317604000
2021-07-16,12423450000
2021-07-19,12191127000
2021-07-20,12679095000
2021-07-21,12600159000
2021-07-22,12196509000
2021-07-23,12484446000
2021-07-26,12383085000
2021-07-27,12261989999
2021-07-28,12162423000
2021-07-29,12154350000
2021-07-30,12253020000
2021-08-02,12187539000
2021-08-03,12361557000
2021-08-04,12151659000
2021-08-05,12315810000
2021-08-06,12337338000
2021-08-09,12231492000
2021-08-10,12242256000
2021-08-11,12304148999
2021-08-12,12297870000
2021-08-13,12379497000
2021-08-16,12555309000
2021-08-17,12566073000
2021-08-18,12554412000
2021-08-19,12577734000
2021-08-20,12430626000
2021-08-23,12476373000
2021-08-24,12593880000
2021-08-25,12660257999
2021-08-26,12561588000
2021-08-27,12691653000
2021-08-30,12834276000
2021-08-31,12915903000
2021-09-01,12966135000
2021-09-02,13249587000
2021-09-03,13287261000
2021-09-07,12840555000
2021-09-08,12993045000
2021-09-09,12852216000
2021-09-10,12967032000
2021-09-13,12761619000
2021-09-14,12518532000
2021-09-15,12666537000
2021-09-16,12665639999
2021-09-17,12418068000
2021-09-20,12312222000
2021-09-21,12137307000
2021-09-22,12232389000
2021-09-23,12434214000
2021-09-24,12319398000
2021-09-27,12279032999
2021-09-28,12072723000
2021-09-29,12129234000
2021-09-30,11790456000
2021-10-01,11816324000
2021-10-04,11619192000
2021-10-05,11568348000
2021-10-06,11535344000
2021-10-07,11733368000
2021-10-08,11725339999
2021-10-11,11515720000
2021-10-12,11449712000
2021-10-13,11499663999
2021-10-14,11806512000
2021-10-15,11961720000
2021-10-18,12026836000
2021-10-19,12017024000
2021-10-20,12207020000
2021-10-21,11731584000
2021-10-22,11909984000
2021-10-25,11695012000
2021-10-26,11550508000
2021-10-27,11363188000
2021-10-28,11413140000
2021-10-29,11444360000
2021-11-01,11584404000
2021-11-02,11703039999
2021-11-03,11541587999
2021-11-04,11692336000
2021-11-05,11721772000
2021-11-08,11776184000
2021-11-09,11860924000
2021-11-10,11830596000
2021-11-11,11810972000
2021-11-12,12058056000
2021-11-15,11956368000
2021-11-16,12100872000
2021-11-17,12173124000
2021-11-18,12035756000
2021-11-19,11934960000
2021-11-22,11826136000
2021-11-23,11777968000
2021-11-24,11776184000
2021-11-26,11539804000
2021-11-29,11478256000
2021-11-30,11028688000
2021-12-01,10952868000
2021-12-02,11455956000
2021-12-03,11526424000
2021-12-06,11738720000
2021-12-07,11751208000
2021-12-08,11817216000
2021-12-09,11675387999
2021-12-10,11690552000
2021-12-13,11637032000
2021-12-14,11562996000
2021-12-15,11628112000
2021-12-16,11740504000
2021-12-17,11407788000
2021-12-20,11083100000
2021-12-21,11271312000
2021-12-22,11261500000
2021-12-23,11353376000
2021-12-27,11558536000
2021-12-28,11690552000
2021-12-29,11807404000
2021-12-30,11735152000
2021-12-31,11681208000
2022-01-03,11409552000
2022-01-04,11677680000
2022-01-05,11405142000
2022-01-06,11295774000
2022-01-07,11168766000
2022-01-10,11032938000
2022-01-11,11255202000
2022-01-12,11252556000
2022-01-13,11123784000
2022-01-14,10977372000
2022-01-18,10927098000
2022-01-19,10842426000
2022-01-20,10650150000
2022-01-21,10696896000
2022-01-24,10897110000
2022-01-25,10643976000
2022-01-26,10618398000
2022-01-27,10628982000
2022-01-28,10690722000
2022-01-31,10824786000
2022-02-01,10584000000
2022-02-02,10599876000
2022-02-03,10240902000
2022-02-04,10517850000
2022-02-07,10624572000
2022-02-08,10735704000
2022-02-09,11040876000
2022-02-10,10644858000
2022-02-11,10484334000
2022-02-14,10436706000
2022-02-15,10327338000
2022-02-16,10164168000
2022-02-17,10106838000
2022-02-18,10066266000
2022-02-22,10011582000
2022-02-23,9663192000
2022-02-24,9851940000
2022-02-25,10151820000
2022-02-28,10100664000
2022-03-01,10110366000
2022-03-02,10352034000
2022-03-03,10382022000
2022-03-04,10344978000
2022-03-07,10119186000
2022-03-08,9828126000
2022-03-09,10102428000
2022-03-10,9957780000
2022-03-11,9817542000
2022-03-14,9873990000
2022-03-15,10096254000
2022-03-16,10270008000
2022-03-17,10389078000
2022-03-18,10419948000
2022-03-21,10341450000
2022-03-22,10360854000
2022-03-23,9983358000
2022-03-24,9930438000
2022-03-25,9904860000
2022-03-28,10008936000
2022-03-29,10147410000
2022-03-30,9997470000
2022-03-31,9649662000
2022-04-01,9802608000
2022-04-04,9783270000
2022-04-05,9680427000
2022-04-06,9402663000
2022-04-07,9532755000
2022-04-08,9378930000
2022-04-11,9363108000
2022-04-12,9299820000
2022-04-13,9509901000
2022-04-14,9443097000
2022-04-18,9370140000
2022-04-19,9606591000
2022-04-20,9896661000
2022-04-21,9852711000
2022-04-22,10065429000
2022-04-25,10083888000
2022-04-26,10040817000
2022-04-27,10198158000
2022-04-28,10477680000
2022-04-29,10041696000
2022-05-02,10089162000
2022-05-03,10143660000
2022-05-04,10412634000
2022-05-05,9999504000
2022-05-06,9894903000
2022-05-09,10007415000
2022-05-10,9731409000
2022-05-11,9545940000
2022-05-12,9772722000
2022-05-13,9913362000
2022-05-16,9822825000
2022-05-17,9990714000
2022-05-18,9595164000
2022-05-19,9564399000
2022-05-20,9588132000
2022-05-23,9538029000
2022-05-24,9494079000
2022-05-25,9501990000
2022-05-26,9737562000
2022-05-27,9980166000
2022-05-31,9814035000
2022-06-01,9830736000
2022-06-02,10030269000
2022-06-03,9795576000
2022-06-06,9851832000
2022-06-07,9964344000
2022-06-08,9709434000
2022-06-09,9539787000
2022-06-10,9415848000
2022-06-13,9064248000
2022-06-14,8901633000
2022-06-15,8850651000
2022-06-16,8470923000
2022-06-17,8409393000
2022-06-21,8357532000
2022-06-22,8390055000
2022-06-23,8509599000
2022-06-24,8754840000
2022-06-27,8723196000
2022-06-28,8649360000
2022-06-29,8648481000
2022-06-30,8605410000
2022-07-01,8755719000
2022-07-05,8826039000
2022-07-06,8851530000
2022-07-07,8878779000
2022-07-08,8661666000
2022-07-11,8604531000
2022-07-12,8518389000
2022-07-13,8390933999
2022-07-14,8403239999
2022-07-15,8527179000
2022-07-18,8407635000
2022-07-19,8833071000
2022-07-20,8931519000
2022-07-21,9094134000
2022-07-22,9087981000
2022-07-25,9054579000
2022-07-26,9026451000
2022-07-27,9158301000
2022-07-28,9168849000
2022-07-29,9291030000
2022-08-01,9262023000
2022-08-02,9030846000
2022-08-03,9100287000
2022-08-04,9074796000
2022-08-05,8985138000
2022-08-08,9042273000
2022-08-09,8714406000
2022-08-10,8954373000
2022-08-11,9038757000
2022-08-12,9353439000
2022-08-15,9422880000
2022-08-16,9533634000
2022-08-17,9543303000
2022-08-18,9590769000
2022-08-19,9356955000
2022-08-22,9066006000
2022-08-23,8958768000
2022-08-24,8954373000
2022-08-25,9081828000
2022-08-26,8584314000
2022-08-29,8501688000
2022-08-30,8499051000
2022-08-31,8359289999
2022-09-01,8414667000
2022-09-02,8340831000
2022-09-06,8318856000
2022-09-07,8614200000
2022-09-08,8627385000
2022-09-09,8757477000
2022-09-12,8896359000
2022-09-13,8428731000
2022-09-14,8363685000
2022-09-15,8187885000
2022-09-16,7883751000
2022-09-19,8105258999
2022-09-20,8007689999
2022-09-21,8010327000
2022-09-22,7966377000
2022-09-23,8090316000
2022-09-26,7927701000
2022-09-27,7822221000
2022-09-28,8069220000
2022-09-29,7846833000
2022-09-30,7882872000
2022-10-03,8126355000
2022-10-04,8424336000
2022-10-05,8434883999
2022-10-06,8298639000
2022-10-07,8123718000
2022-10-10,8068341000
2022-10-11,8049882000
2022-10-12,7954950000
2022-10-13,8104380000
2022-10-14,7905726000
2022-10-17,8221287000
2022-10-18,8366322000
2022-10-19,8096469000
2022-10-20,7893420000
2022-10-21,8156241000
2022-10-24,8294244000
2022-10-25,8573766000
2022-10-26,8555307000
2022-10-27,9094134000
2022-10-28,9334101000
2022-10-31,9209283000
2022-11-01,9366624000
2022-11-02,8966679000
2022-11-03,8995686000
2022-11-04,9064248000
2022-11-07,9411453000
2022-11-08,9385962000
2022-11-09,9174123000
2022-11-10,10018842000
2022-11-11,9982803000
2022-11-14,9752505000
2022-11-15,9901056000
2022-11-16,9761295000
2022-11-17,9736683000
2022-11-18,9929184000
2022-11-21,9902814000
2022-11-22,10015326000
2022-11-23,10019721000
2022-11-25,10048728000
2022-11-28,9866775000
2022-11-29,9736683000
2022-11-30,9989835000
2022-12-01,10025874000
2022-12-02,10066308000
2022-12-05,9758658000
2022-12-06,9596043000
2022-12-07,9594285000
2022-12-08,9744594000
2022-12-09,9592527000
2022-12-12,9690975000
2022-12-13,9829857000
2022-12-14,9648783000
2022-12-15,9291909000
2022-12-16,9129294000
2022-12-19,9191703000
2022-12-20,9183792000
2022-12-21,9383325000
2022-12-22,9245322000
2022-12-23,9232137000
2022-12-27,9315642000
2022-12-28,9169728000
2022-12-29,9382446000
2022-12-30,9252354000
2023-01-03,9477600000
2023-01-04,9613120000
2023-01-05,9482000000
2023-01-06,9804960000
2023-01-09,9879760000
2023-01-10,9859520000
2023-01-11,10041680000
2023-01-12,9988880000
2023-01-13,10010880000
2023-01-17,9925520000
2023-01-18,9764480000
2023-01-19,9526880000
2023-01-20,9794400000
2023-01-23,9863920000
2023-01-24,9978320000
2023-01-25,9974800000
2023-01-26,9966000000
2023-01-27,10056640000
2023-01-30,10071600000
2023-01-31,10344400000
2023-02-01,10564400000
2023-02-02,10713120000
2023-02-03,10817840000
2023-02-06,10636560000
2023-02-07,10582880000
2023-02-08,10573200000
2023-02-09,10435040000
2023-02-10,10391040000
2023-02-13,10552960000
2023-02-14,10547680000
2023-02-15,10699040000
2023-02-16,10450000000
2023-02-17,10436800000
2023-02-21,10120880000
2023-02-22,9956320000
2023-02-23,10012640000
2023-02-24,9944880000
2023-02-27,9944000000
2023-02-28,9918480000
2023-03-01,9892080000
2023-03-02,9900880000
2023-03-03,10098880000
2023-03-06,10069840000
2023-03-07,9977440000
2023-03-08,10062800000
2023-03-09,9812000000
2023-03-10,9459120000
2023-03-13,9326240000
2023-03-14,9470560000
2023-03-15,9137920000
2023-03-16,9343840000
2023-03-17,9092160000
2023-03-20,9311280000
2023-03-21,9408960000
2023-03-22,9139680000
2023-03-23,8999760000
2023-03-24,8852800000
2023-03-27,9011200000
2023-03-28,9171360000
2023-03-29,9275200000
2023-03-30,9243520000
2023-03-31,9381567000
2023-04-03,9322674000
2023-04-04,8787363000
2023-04-05,8718801000
2023-04-06,8758356000
2023-04-10,8823402000
2023-04-11,8906907000
2023-04-12,8926245000
2023-04-13,8978106000
2023-04-14,9030846000
2023-04-17,9179397000
2023-04-18,9168849000
2023-04-19,9157422000
2023-04-20,9158301000
2023-04-21,9052821000
2023-04-24,9066006000
2023-04-25,8961405000
2023-04-26,9448371000
2023-04-27,9795576000
2023-04-28,9711192000
2023-05-01,9728772000
2023-05-02,9634719000
2023-05-03,9577584000
2023-05-04,9407937000
2023-05-05,9501111000
2023-05-08,9459798000
2023-05-09,9480015000
2023-05-10,9520449000
2023-05-11,9569673000
2023-05-12,9556488000
2023-05-15,9614502000
2023-05-16,9361350000
2023-05-17,9585495000
2023-05-18,9712071000
2023-05-19,9607470000
2023-05-22,9647904000
2023-05-23,9480894000
2023-05-24,9342012000
2023-05-25,9251475000
2023-05-26,9414090000
2023-05-30,9412332000
2023-05-31,9206646000
2023-06-01,9208404000
2023-06-02,9604833000
2023-06-05,9534513000
2023-06-06,9683943000
2023-06-07,9939732000
2023-06-08,9941490000
2023-06-09,9901935000
2023-06-12,10072461000
2023-06-13,10351983000
2023-06-14,10264083000
2023-06-15,10454826000
2023-06-16,10409997000
2023-06-20,10391538000
2023-06-21,10497018000
2023-06-22,10230681000
2023-06-23,10152450000
2023-06-26,10299243000
2023-06-27,10459221000
2023-06-28,10386264000
2023-06-29,10511082000
2023-06-30,10549758000
2023-07-03,10438125000
2023-07-05,10246503000
2023-07-06,10145418000
2023-07-07,10265841000
2023-07-10,10421424000
2023-07-11,10671060000
2023-07-12,10754565000
2023-07-13,10792362000
2023-07-14,10788846000
2023-07-17,10916301000
2023-07-18,11040240000
2023-07-19,11057820000
2023-07-20,10954098000
2023-07-21,11004201000
2023-07-24,11106165000
2023-07-25,11169453000
2023-07-26,10310670000
2023-07-27,10153329000
2023-07-28,10107621000
2023-07-31,10271994000
2023-08-01,10207827000
2023-08-02,10062792000
2023-08-03,9808761000
2023-08-04,9836889000
2023-08-07,9952038000
2023-08-08,9828099000
2023-08-09,9748989000
2023-08-10,9781512000
2023-08-11,9792939000
2023-08-14,9872928000
2023-08-15,9603075000
2023-08-16,9472983000
2023-08-17,9305973000
2023-08-18,9460677000
2023-08-21,9443976000
2023-08-22,9474741000
2023-08-23,9706797000
2023-08-24,9526602000
2023-08-25,9654936000
2023-08-28,9740199000
2023-08-29,9911604000
2023-08-30,9982803000
2023-08-31,10003899000
2023-09-01,10086525000
2023-09-05,9769206000
2023-09-06,9534513000
2023-09-07,9495837000
2023-09-08,9501990000
2023-09-11,9516933000
2023-09-12,9384204000
2023-09-13,9278724000
2023-09-14,9344649000
2023-09-15,9289272000
2023-09-18,9245322000
2023-09-19,9303336000
2023-09-20,9163575000
2023-09-21,9128415000
2023-09-22,9125778000
2023-09-25,9140721000
2023-09-26,8973711000
2023-09-27,9079191000
2023-09-28,9164454000
2023-09-29,9159180000
2023-10-02,9054814000
2023-10-03,9024084000
2023-10-04,9141736000
2023-10-05,9021450000
2023-10-06,9103982000
2023-10-09,9170710000
2023-10-10,9260266000
2023-10-11,9304166000
2023-10-12,9125932000
2023-10-13,9085544000
2023-10-16,9241828000
2023-10-17,9270802000
2023-10-18,8786146000
2023-10-19,8653568000
2023-10-20,8516600000
2023-10-23,8505186000
2023-10-24,8526258000
2023-10-25,8474456000
2023-10-26,8538550000
2023-10-27,8554354000
2023-10-30,8578937999
2023-10-31,8636008000
2023-11-01,8685176000
2023-11-02,8703614000
2023-11-03,8945942000
2023-11-06,8931894000
2023-11-07,8903798000
2023-11-08,8961746000
2023-11-09,8879214000
2023-11-10,9086422000
2023-11-13,9063594000
2023-11-14,9300654000
2023-11-15,9365626000
2023-11-16,9302410000
2023-11-17,9337530000
2023-11-20,9283972000
2023-11-21,9145248000
2023-11-22,9190026000
2023-11-24,9222512000
2023-11-27,9144370000
2023-11-28,9141736000
2023-11-29,9183002000
2023-11-30,9314702000
2023-12-01,9542982000
2023-12-04,9398990000
2023-12-05,9264656000
2023-12-06,9230414000
2023-12-07,9226902000
2023-12-08,9687852000
2023-12-11,9638684000
2023-12-12,9636050000
2023-12-13,9767750000
2023-12-14,10411324000
2023-12-15,10318256000
2023-12-18,10356010000
2023-12-19,10493856000
2023-12-20,10583412000
2023-12-21,10800278000
2023-12-22,11073336000
2023-12-26,11192744000
2023-12-27,11202402000
2023-12-28,11138308000
2023-12-29,11123382000
2024-01-02,10884300000
2024-01-03,10644276000
2024-01-04,10710852000
2024-01-05,10755528000
2024-01-08,10838748000
2024-01-09,10866780000
2024-01-10,10695960000
2024-01-11,10570692000
2024-01-12,10492728000
2024-01-16,10460316000
2024-01-17,10399872000
2024-01-18,10614492000
2024-01-19,10703844000
2024-01-22,10984164000
2024-01-23,10891308000
2024-01-24,10768668000
2024-01-25,11016576000
2024-01-26,10938612000
2024-01-29,11112936000
2024-01-30,11054244000
2024-01-31,10852764000
2024-02-01,11145348000
2024-02-02,11180388000
2024-02-05,11016576000
2024-02-06,11040228000
2024-02-07,11119944000
2024-02-08,11433552000
2024-02-09,11555316000
2024-02-12,11700732000
2024-02-13,11352084000
2024-02-14,11491368000
2024-02-15,11677956000
2024-02-16,11599991999
2024-02-20,11568456000
2024-02-21,11485236000
2024-02-22,11358216000
2024-02-23,11308284000
2024-02-26,11255724000
2024-02-27,11325804000
2024-02-28,11226816000
2024-02-29,11201412000
2024-03-01,11107680000
2024-03-04,11282004000
2024-03-05,11171628000
2024-03-06,11248716000
2024-03-07,11554440000
2024-03-08,11462460000
2024-03-11,11479104000
2024-03-12,11657808000
2024-03-13,11629776000
2024-03-14,11393256000
2024-03-15,11422163999
2024-03-18,11505384000
2024-03-19,11651676000
2024-03-20,11850528000
2024-03-21,11851404000
2024-03-22,11748912000
2024-03-25,11642916000
2024-03-26,11680584000
2024-03-27,11759424000
2024-03-28,11800596000
2024-04-01,11591232000
2024-04-02,11526408000
2024-04-03,11517648000
2024-04-04,11477352000
2024-04-05,11590356000
2024-04-08,11638536000
2024-04-09,11727888000
2024-04-10,11311788000
2024-04-11,11366100000
2024-04-12,11161992000
2024-04-15,11119944000
2024-04-16,11070888000
2024-04-17,11018328000
2024-04-18,10935984000
2024-04-19,10968396000
2024-04-22,10986792000
2024-04-23,11122572000
2024-04-24,11084904000
2024-04-25,10938612000
2024-04-26,10849260000
2024-04-29,10933356000
2024-04-30,10648656000
2024-05-01,10604856000
2024-05-02,10709976000
2024-05-03,10764288000
2024-05-06,10939488000
2024-05-07,10894812000
2024-05-08,10873788000
2024-05-09,11008692000
2024-05-10,11036724000
2024-05-13,11012196000
2024-05-14,11154984000
2024-05-15,11207544000
2024-05-16,10984164000
2024-05-17,10900068000
2024-05-20,10795824000
2024-05-21,10822980000
2024-05-22,10780932000
2024-05-23,10648656000
2024-05-24,10739760000
2024-05-28,10548792000
2024-05-29,10458564000
2024-05-30,10551420000
2024-05-31,10671432000
2024-06-03,10555800000
2024-06-04,10305264000
2024-06-05,10359576000
2024-06-06,10294752000
2024-06-07,10243068000
2024-06-10,10292124000
2024-06-11,10276356000
2024-06-12,10511124000
2024-06-13,10438416000
2024-06-14,10193136000
2024-06-17,10181748000
2024-06-18,10215036000
2024-06-20,10139700000
2024-06-21,10181748000
2024-06-24,10370964000
2024-06-25,10172988000
2024-06-26,10043340000
2024-06-27,10189632000
2024-06-28,10349940000
2024-07-01,10138824000
2024-07-02,10171236000
2024-07-03,10134444000
2024-07-05,10069620000
2024-07-08,10077504000
2024-07-09,10045092000
2024-07-10,10249200000
2024-07-11,10497108000
2024-07-12,10768668000
2024-07-15,10750272000
2024-07-16,11214552000
2024-07-17,11118192000
2024-07-18,11161116000
2024-07-19,10871160000
2024-07-22,11058291000
2024-07-23,11102814000
2024-07-24,11162178000
2024-07-25,11600424000
2024-07-26,11940021000
2024-07-29,12017718000
2024-07-30,12164382000
2024-07-31,11943513000
2024-08-01,11548917000
2024-08-02,11308842000
2024-08-05,11152575000
2024-08-06,11138607000
2024-08-07,11045196000
2024-08-08,11301858000
2024-08-09,11252096999
