,AM
2017-05-03,6286960900
2017-05-04,4095740000
2017-05-05,4147867600
2017-05-08,4101325100
2017-05-09,4095740000
2017-05-10,4010101800
2017-05-11,3956112500
2017-05-12,4002655000
2017-05-15,3963559300
2017-05-16,3974729500
2017-05-17,3909570000
2017-05-18,3911431700
2017-05-19,3909570000
2017-05-22,4078984700
2017-05-23,4101325100
2017-05-24,4036165600
2017-05-25,4106910200
2017-05-26,4090154900
2017-05-30,4116218700
2017-05-31,4110633599
2017-06-01,4201856900
2017-06-02,4147867600
2017-06-05,4151591000
2017-06-06,4198133500
2017-06-07,4140420799
2017-06-08,4097601700
2017-06-09,4092016600
2017-06-12,4026857100
2017-06-13,4108771900
2017-06-14,4103186800
2017-06-15,3905846600
2017-06-16,3980314600
2017-06-19,3961697600
2017-06-20,3825793500
2017-06-21,3807176500
2017-06-22,3838825400
2017-06-23,3887229600
2017-06-26,3969144400
2017-06-27,3997069900
2017-06-28,4099463400
2017-06-29,4030580499
2017-06-30,4092082540
2017-07-03,4079050430
2017-07-05,3931973760
2017-07-06,3969208360
2017-07-07,3943144140
2017-07-10,3918941650
2017-07-11,3974793550
2017-07-12,4000857769
2017-07-13,4039954100
2017-07-14,4004581230
2017-07-17,4051124480
2017-07-18,4015751610
2017-07-19,3980378740
2017-07-20,3965484900
2017-07-21,3931973760
2017-07-24,3913356460
2017-07-25,3911494730
2017-07-26,3911494730
2017-07-27,3913356460
2017-07-28,3926388570
2017-07-31,3952452790
2017-08-01,4008304690
2017-08-02,3902186080
2017-08-03,3777450170
2017-08-04,3784897089
2017-08-07,3725321730
2017-08-08,3630373500
2017-08-09,3606171010
2017-08-10,3526116620
2017-08-11,3531701810
2017-08-14,3550319110
2017-08-15,3483296830
2017-08-16,3468402990
2017-08-17,3440477040
2017-08-18,3419998010
2017-08-21,3377178220
2017-08-22,3380901680
2017-08-23,3431168390
2017-08-24,3440477040
2017-08-25,3421859740
2017-08-28,3364146110
2017-08-29,3339943620
2017-08-30,3434891850
2017-08-31,3548457380
2017-09-01,3593138900
2017-09-05,3648990800
2017-09-06,3695534050
2017-09-07,3684363670
2017-09-08,3580106790
2017-09-11,3567074680
2017-09-12,3600585820
2017-09-13,3617341390
2017-09-14,3615479660
2017-09-15,3630373500
2017-09-18,3622926580
2017-09-19,3609894470
2017-09-20,3652714260
2017-09-21,3637820420
2017-09-22,3647129070
2017-09-25,3740215570
2017-09-26,3788620550
2017-09-27,3742077300
2017-09-28,3749524220
2017-09-29,3810961310
2017-10-02,3796230590
2017-10-03,3766441630
2017-10-04,3727343620
2017-10-05,3758994390
2017-10-06,3736652670
2017-10-09,3745961720
2017-10-10,3809263260
2017-10-11,3809263260
2017-10-12,3773888870
2017-10-13,3740376290
2017-10-16,3677074750
2017-10-17,3662180270
2017-10-18,3604464160
2017-10-19,3541162620
2017-10-20,3556057100
2017-10-23,3427592210
2017-10-24,3427592210
2017-10-25,3423868590
2017-10-26,3427592210
2017-10-27,3407112300
2017-10-30,3412697729
2017-10-31,3483446510
2017-11-01,3565366149
2017-11-02,3384770580
2017-11-03,3410835920
2017-11-06,3394079630
2017-11-07,3364290670
2017-11-08,3332639899
2017-11-09,3321469040
2017-11-10,3295403700
2017-11-13,3219069490
2017-11-14,3142735280
2017-11-15,3207898630
2017-11-16,3165077000
2017-11-17,3209760439
2017-11-20,3172524240
2017-11-21,3124117180
2017-11-22,3152044330
2017-11-24,3243273020
2017-11-27,3222793110
2017-11-28,3235825780
2017-11-29,3241411210
2017-11-30,3304712750
2017-12-01,3353119810
2017-12-04,3341948950
2017-12-05,3328916280
2017-12-06,3338225330
2017-12-07,3427592210
2017-12-08,3462966600
2017-12-11,3503926420
2017-12-12,3529991760
2017-12-13,3516959090
2017-12-14,3537439000
2017-12-15,3597016920
2017-12-18,3598878729
2017-12-19,3576537010
2017-12-20,3502064610
2017-12-21,3453657550
2017-12-22,3453657550
2017-12-26,3498340990
2017-12-27,3425730399
2017-12-28,3526268140
2017-12-29,3671489320
2018-01-02,3855953480
2018-01-03,3909948000
2018-01-04,3896914840
2018-01-05,3874572280
2018-01-08,3835472800
2018-01-09,3857815360
2018-01-10,3902500480
2018-01-11,3900638600
2018-01-12,3917395520
2018-01-16,3909948000
2018-01-17,3889467320
2018-01-18,3893191080
2018-01-19,3855953480
2018-01-22,3997456360
2018-01-23,4096136000
2018-01-24,4097997880
2018-01-25,4097997880
2018-01-26,4099859760
2018-01-29,4064484039
2018-01-30,3963942520
2018-01-31,3921119280
2018-02-01,3861539119
2018-02-02,3837334680
2018-02-05,3770307000
2018-02-06,3855953480
2018-02-07,3837334680
2018-02-08,3643699160
2018-02-09,3587842760
2018-02-12,3651146680
2018-02-13,3688384280
2018-02-14,3816854000
2018-02-15,3841058440
2018-02-16,3820577760
2018-02-20,3666041720
2018-02-21,3578533360
2018-02-22,3507781920
2018-02-23,3572947720
2018-02-26,3511505680
2018-02-27,3446339880
2018-02-28,3444478000
2018-03-01,3455649280
2018-03-02,3440754240
2018-03-05,3407240400
2018-03-06,3407240400
2018-03-07,3366279039
2018-03-08,3353245880
2018-03-09,3379312199
2018-03-12,3416549800
2018-03-13,3334627080
2018-03-14,3208019240
2018-03-15,3161472240
2018-03-16,3127958400
2018-03-19,3019969360
2018-03-20,2995764920
2018-03-21,3046035680
2018-03-22,3027416880
2018-03-23,3001350560
2018-03-26,3006936199
2018-03-27,2969698600
2018-03-28,2947356040
2018-03-29,2977146120
2018-04-02,2921462310
2018-04-03,2846982710
2018-04-04,2884222510
2018-04-05,2971736040
2018-04-06,2919600320
2018-04-09,2897256440
2018-04-10,2927048280
2018-04-11,2960564100
2018-04-12,2981045990
2018-04-13,2995941910
2018-04-16,3085317430
2018-04-17,3193312849
2018-04-18,3191450860
2018-04-19,3126281210
2018-04-20,3079731460
2018-04-23,3169106980
2018-04-24,3103937330
2018-04-25,3150487080
2018-04-26,3236138620
2018-04-27,3223104690
2018-04-30,3206346780
2018-05-01,3247310560
2018-05-02,3273378419
2018-05-03,3174692950
2018-05-04,3148625090
2018-05-07,3226828669
2018-05-08,3232414640
2018-05-09,3195174840
2018-05-10,3215656730
2018-05-11,3230552650
2018-05-14,3297584290
2018-05-15,3306894240
2018-05-16,3321790160
2018-05-17,3338548070
2018-05-18,3403717720
2018-05-21,3461439410
2018-05-22,3465163390
2018-05-23,3468887370
2018-05-24,3392545780
2018-05-25,3390683790
2018-05-29,3381373840
2018-05-30,3517299110
2018-05-31,3584330750
2018-06-01,3643914430
2018-06-04,3632742490
2018-06-05,3595502690
2018-06-06,3539642990
2018-06-07,3582468759
2018-06-08,3552676919
2018-06-11,3584330750
2018-06-12,3539642990
2018-06-13,3500541200
2018-06-14,3535919009
2018-06-15,3416751650
2018-06-18,3439095530
2018-06-19,3534057020
2018-06-20,3560124880
2018-06-21,3558262890
2018-06-22,3575020800
2018-06-25,3532195030
2018-06-26,3526609060
2018-06-27,3411165680
2018-06-28,3465163390
2018-06-29,3511713140
2018-07-02,3513744960
2018-07-03,3539814080
2018-07-05,3545400320
2018-07-06,3595676480
2018-07-09,3634780160
2018-07-10,3575193600
2018-07-11,3562159040
2018-07-12,3627331840
2018-07-13,3537952000
2018-07-16,3416916800
2018-07-17,3474641280
2018-07-18,3478365440
2018-07-19,3588228160
2018-07-20,3582641919
2018-07-23,3578917760
2018-07-24,3549124480
2018-07-25,3612435199
2018-07-26,3631056000
2018-07-27,3558434880
2018-07-30,3586366080
2018-07-31,3578917760
2018-08-01,3578917760
2018-08-02,3545400320
2018-08-03,3444848000
2018-08-06,3517469120
2018-08-07,3510020800
2018-08-08,3539814080
2018-08-09,3573331520
2018-08-10,3601262720
2018-08-13,3539814080
2018-08-14,3556572800
2018-08-15,3465330880
2018-08-16,3485813760
2018-08-17,3515607040
2018-08-20,3554710720
2018-08-21,3604986880
2018-08-22,3625469760
2018-08-23,3491400000
2018-08-24,3416916800
2018-08-27,3361054400
2018-08-28,3290295360
2018-08-29,3213950080
2018-08-30,3217674240
2018-08-31,3145053120
2018-09-04,3174846400
2018-09-05,3143191040
2018-09-06,3076156160
2018-09-07,3115259840
2018-09-10,3118984000
2018-09-11,3191605120
2018-09-12,3273536639
2018-09-13,3279122880
2018-09-14,3206501760
2018-09-17,3098501120
2018-09-18,3180432639
2018-09-19,3161811840
2018-09-20,3187880960
2018-09-21,3230708800
2018-09-24,3212088000
2018-09-25,3197191360
2018-09-26,3141328960
2018-09-27,3156225600
2018-09-28,3150639360
2018-10-01,3275895000
2018-10-02,3332053200
2018-10-03,3290870519
2018-10-04,3268407240
2018-10-05,3277766940
2018-10-08,3204761280
2018-10-09,3498655860
2018-10-10,3474320639
2018-10-11,3376979760
2018-10-12,3348900660
2018-10-15,3356388420
2018-10-16,3451857360
2018-10-17,3388211400
2018-10-18,3373235880
2018-10-19,3371363940
2018-10-22,3330181260
2018-10-23,3251559780
2018-10-24,3163578599
2018-10-25,3156090840
2018-10-26,3032542800
2018-10-29,2957665200
2018-10-30,2950177440
2018-10-31,3015695340
2018-11-01,2938945800
2018-11-02,2860324320
2018-11-05,2835989100
2018-11-06,2867812080
2018-11-07,2834117160
2018-11-08,2849092680
2018-11-09,2839732980
2018-11-12,2843476860
2018-11-13,2792934480
2018-11-14,2792934480
2018-11-15,2738648220
2018-11-16,2777958960
2018-11-19,2781702840
2018-11-20,2680618080
2018-11-21,2727416580
2018-11-23,2639435400
2018-11-26,2716184940
2018-11-27,2710569120
2018-11-28,2824757460
2018-11-29,2800422240
2018-11-30,2772343140
2018-12-03,2834117160
2018-12-04,2768599260
2018-12-06,2716184940
2018-12-07,2706825240
2018-12-10,2684361960
2018-12-11,2663770620
2018-12-12,2665642560
2018-12-13,2665642560
2018-12-14,2643179280
2018-12-17,2512143480
2018-12-18,2394211260
2018-12-19,2392339320
2018-12-20,2207017260
2018-12-21,2087213100
2018-12-24,1971152819
2018-12-26,2094700860
2018-12-27,2044158480
2018-12-28,2070365640
2018-12-31,2838344860
2019-01-02,2891659030
2019-01-03,2970360900
2019-01-04,3198850200
2019-01-07,3302939770
2019-01-08,3386719180
2019-01-09,3277552070
2019-01-10,3193772660
2019-01-11,3109993250
2019-01-14,3056679080
2019-01-15,3092221860
2019-01-16,3130303410
2019-01-17,3196311430
2019-01-18,3234392980
2019-01-22,3178540040
2019-01-23,3173462500
2019-01-24,3252164370
2019-01-25,3330866240
2019-01-28,3394335490
2019-01-29,3440033350
2019-01-30,3516196450
2019-01-31,3407029340
2019-02-01,3404490570
2019-02-04,3467959820
2019-02-05,3493347520
2019-02-06,3465421050
2019-02-07,3300401000
2019-02-08,3262319450
2019-02-11,3285168380
2019-02-12,3386719180
2019-02-13,3356253940
2019-02-14,3437494580
2019-02-15,3536506610
2019-02-19,3632979870
2019-02-20,3572049390
2019-02-21,3523812760
2019-02-22,3442572120
2019-02-25,3427339500
2019-02-26,3371486560
2019-02-27,3313094850
2019-02-28,3242009290
2019-03-01,3236931750
2019-03-04,3211544050
2019-03-05,3203927740
2019-03-06,3181078810
2019-03-07,3170923730
2019-03-08,3074450470
2019-03-11,3135380950
2019-03-12,3183617580
2019-03-13,3183617580
2019-03-14,3323249930
2019-03-15,3335943780
2019-03-18,3465421050
2019-03-19,3503502600
2019-03-20,3470498590
2019-03-21,3427339500
2019-03-22,3376564100
2019-03-25,3379102870
2019-03-26,3363870250
2019-03-27,3384180410
2019-03-28,3422261960
2019-03-29,3498425060
2019-04-01,7252536960
2019-04-02,7135969280
2019-04-03,7125832960
2019-04-04,7054878720
2019-04-05,7181582720
2019-04-08,7222128000
2019-04-09,7059946880
2019-04-10,6963651840
2019-04-11,7110628480
2019-04-12,7232264320
2019-04-15,7176514560
2019-04-16,7161310080
2019-04-17,6983924480
2019-04-18,6918038400
2019-04-22,6852152320
2019-04-23,6842016000
2019-04-24,6771061760
2019-04-25,6472040320
2019-04-26,6416290560
2019-04-29,6375745280
2019-04-30,6188223360
2019-05-01,6096996480
2019-05-02,6228768640
2019-05-03,6183155200
2019-05-06,6117269120
2019-05-07,6249041280
2019-05-08,6213564160
2019-05-09,6203427840
2019-05-10,6583539840
2019-05-13,6492312960
2019-05-14,6573403520
2019-05-15,6760925440
2019-05-16,6882561280
2019-05-17,6755857280
2019-05-20,6745720960
2019-05-21,6725448320
2019-05-22,6811607040
2019-05-23,6608880640
2019-05-24,6542994560
2019-05-28,6390949760
2019-05-29,6289586560
2019-05-30,6223700480
2019-05-31,6193291520
2019-06-03,6284518400
2019-06-04,6441631360
2019-06-05,6441631360
2019-06-06,6472040320
2019-06-07,6492312960
2019-06-10,6466972160
2019-06-11,6441631360
2019-06-12,6142609920
2019-06-13,6188223360
2019-06-14,5863861120
2019-06-17,5955088000
2019-06-18,6046314880
2019-06-19,5914542720
2019-06-20,5960156160
2019-06-21,5934815360
2019-06-24,5732088960
2019-06-25,5574976000
2019-06-26,5640862080
2019-06-27,5727020800
2019-06-28,5808111360
2019-07-01,5930166490
2019-07-02,5869396210
2019-07-03,5980808390
2019-07-05,6036514480
2019-07-08,5996000960
2019-07-09,6061835430
2019-07-10,6122605710
2019-07-11,6097284760
2019-07-12,5920038110
2019-07-15,5844075260
2019-07-16,5752919840
2019-07-17,5676956990
2019-07-18,5580737380
2019-07-19,5560480620
2019-07-22,5646571850
2019-07-23,5560480620
2019-07-24,5631379280
2019-07-25,5276885980
2019-07-26,4785659550
2019-07-29,4456487200
2019-07-30,4578027760
2019-07-31,4618541280
2019-08-01,4269112170
2019-08-02,4218470270
2019-08-05,4005774290
2019-08-06,3950068200
2019-08-07,3955132390
2019-08-08,3884233730
2019-08-09,3671537750
2019-08-12,3570253950
2019-08-13,3656345180
2019-08-14,3494291100
2019-08-15,3717115460
2019-08-16,3808270880
2019-08-19,3919683060
2019-08-20,3924747250
2019-08-21,3863976970
2019-08-22,3777885740
2019-08-23,3646216800
2019-08-26,3590510710
2019-08-27,3443649200
2019-08-28,3519612050
2019-08-29,3646216800
2019-08-30,3600639090
2019-09-03,3519612050
2019-09-04,3651280990
2019-09-05,3620895850
2019-09-06,3382878920
2019-09-09,3666473560
2019-09-10,3651280990
2019-09-11,3772821550
2019-09-12,3595574900
2019-09-13,3651280990
2019-09-16,3924747250
2019-09-17,3828527640
2019-09-18,3899426300
2019-09-19,3646216800
2019-09-20,3722179650
2019-09-23,3696858700
2019-09-24,3565189760
2019-09-25,3676601940
2019-09-26,3757628980
2019-09-27,3757628980
2019-09-30,3700318200
2019-10-01,3580307880
2019-10-02,3580307880
2019-10-03,3520302720
2019-10-04,3540304440
2019-10-07,3560306160
2019-10-08,3390291540
2019-10-09,3445296270
2019-10-10,3600309600
2019-10-11,3660314760
2019-10-14,3705318630
2019-10-15,3725320350
2019-10-16,3620311320
2019-10-17,3755322930
2019-10-18,3645313470
2019-10-21,3625311750
2019-10-22,3695317770
2019-10-23,3785325510
2019-10-24,3660314760
2019-10-25,3715319490
2019-10-28,3670315620
2019-10-29,3730320780
2019-10-30,3600309600
2019-10-31,3220276920
2019-11-01,3345287670
2019-11-04,3600309600
2019-11-05,3520302720
2019-11-06,3420294120
2019-11-07,3210276060
2019-11-08,3080264880
2019-11-11,2820242520
2019-11-12,2900249400
2019-11-13,2815242090
2019-11-14,2690231340
2019-11-15,2675230050
2019-11-18,2505215430
2019-11-19,2400206400
2019-11-20,2400206400
2019-11-21,2435209410
2019-11-22,2415207690
2019-11-25,2500215000
2019-11-26,2415207690
2019-11-27,2330200380
2019-11-29,2290196940
2019-12-02,2215190490
2019-12-03,2205189630
2019-12-04,2295197370
2019-12-05,2255193930
2019-12-06,2245193070
2019-12-09,2570221020
2019-12-10,2775238650
2019-12-11,2735235210
2019-12-12,2960254560
2019-12-13,2925251550
2019-12-16,2990257140
2019-12-17,3160271760
2019-12-18,3335286810
2019-12-19,3410293260
2019-12-20,3465297990
2019-12-23,3610310460
2019-12-24,3590308740
2019-12-26,3730320780
2019-12-27,3695317770
2019-12-30,3670315620
2019-12-31,3666751770
2020-01-02,3425200270
2020-01-03,3449355420
2020-01-06,3574962200
2020-01-07,3531482930
2020-01-08,3357565850
2020-01-09,3401045120
2020-01-10,3396214090
2020-01-13,3473510570
2020-01-14,3579793230
2020-01-15,3666751770
2020-01-16,3657089710
2020-01-17,3497665720
2020-01-21,3270607310
2020-01-22,3173986710
2020-01-23,3149831560
2020-01-24,2990407570
2020-01-27,2975914480
2020-01-28,2927604180
2020-01-29,2748856070
2020-01-30,2507304570
2020-01-31,2434839120
2020-02-03,2487980450
2020-02-04,2391359850
2020-02-05,2560445900
2020-02-06,2396190880
2020-02-07,2381697790
2020-02-10,2299570280
2020-02-11,2236766890
2020-02-12,2299570280
2020-02-13,2222273800
2020-02-14,2130484230
2020-02-18,2135315260
2020-02-19,2357542640
2020-02-20,2439670150
2020-02-21,2299570280
2020-02-24,2217442770
2020-02-25,2130484230
2020-02-26,2101498049
2020-02-27,1990384360
2020-02-28,2106329080
2020-03-02,2144977320
2020-03-03,2029032600
2020-03-04,2048356720
2020-03-05,2000046419
2020-03-06,2019370539
2020-03-09,1589408870
2020-03-10,1710184620
2020-03-11,1550760630
2020-03-12,1444477970
2020-03-13,1526605480
2020-03-16,1473464150
2020-03-17,1270560890
2020-03-18,956543940
2020-03-19,1009685269
2020-03-20,1111136900
2020-03-23,1164278230
2020-03-24,1188433380
2020-03-25,1086981750
2020-03-26,1111136900
2020-03-27,1072488660
2020-03-30,1053164540
2020-03-31,1001355600
2020-04-01,977513799
2020-04-02,1087186080
2020-04-03,1187321640
2020-04-06,1168248200
2020-04-07,1192090000
2020-04-08,1201626720
2020-04-09,1201626720
2020-04-13,1325604080
2020-04-14,1325604080
2020-04-15,1306530640
2020-04-16,1358982600
2020-04-17,1678462720
2020-04-20,1983637760
2020-04-21,2074236599
2020-04-22,2245897560
2020-04-23,2341264760
2020-04-24,2264971000
2020-04-27,2312654600
2020-04-28,2207750680
2020-04-29,2145762000
2020-04-30,2264971000
2020-05-01,2269739360
2020-05-04,2245897560
2020-05-05,2169603800
2020-05-06,1955027599
2020-05-07,1902575640
2020-05-08,1993174479
2020-05-11,1969332680
2020-05-12,1964564320
2020-05-13,1773829920
2020-05-14,1702304520
2020-05-15,1721377960
2020-05-18,1902575640
2020-05-19,1921649080
2020-05-20,2088541680
2020-05-21,2050394800
2020-05-22,2050394800
2020-05-26,2155298720
2020-05-27,2207750680
2020-05-28,2155298720
2020-05-29,2279276080
2020-06-01,2250665920
2020-06-02,2393716720
2020-06-03,2479547200
2020-06-04,2541535880
2020-06-05,2694123400
2020-06-08,2837174200
2020-06-09,2775185520
2020-06-10,2651208160
2020-06-11,2455705400
2020-06-12,2517694080
2020-06-15,2918236320
2020-06-16,2837174200
2020-06-17,2770417160
2020-06-18,2822869120
2020-06-19,2837174200
2020-06-22,2722733560
2020-06-23,2727501920
2020-06-24,2579682760
2020-06-25,2574914400
2020-06-26,2417558520
2020-06-29,2388948360
2020-06-30,2430547800
2020-07-01,2473439820
2020-07-02,2597350100
2020-07-06,2611647440
2020-07-07,2754620840
2020-07-08,2749855060
2020-07-09,2606881660
2020-07-10,2554458080
2020-07-13,2521097620
2020-07-14,2535394960
2020-07-15,2745089280
2020-07-16,2792747080
2020-07-17,2811810200
2020-07-20,2830873320
2020-07-21,2921423140
2020-07-22,2840404880
2020-07-23,2854702220
2020-07-24,2859468000
2020-07-27,2754620840
2020-07-28,2783215520
2020-07-29,2649773680
2020-07-30,2778449740
2020-07-31,2702197260
2020-08-03,2835639100
2020-08-04,3102522780
2020-08-05,3274090860
2020-08-06,3269325080
2020-08-07,3307451320
2020-08-10,3507614080
2020-08-11,3336046000
2020-08-12,3393235360
2020-08-13,3345577560
2020-08-14,3483785180
2020-08-17,3555271880
2020-08-18,3445658940
2020-08-19,3483785180
2020-08-20,3440893160
2020-08-21,3445658940
2020-08-24,3469487840
2020-08-25,3469487840
2020-08-26,3312217100
2020-08-27,3331280220
2020-08-28,3231198840
2020-08-31,3226433060
2020-09-01,3064396540
2020-09-02,2978612500
2020-09-03,2907125800
2020-09-04,2859468000
2020-09-08,2792747080
2020-09-09,2730791940
2020-09-10,2630710560
2020-09-11,2635476340
2020-09-14,2726026160
2020-09-15,2487737160
2020-09-16,2549692300
2020-09-17,2573521200
2020-09-18,2573521200
2020-09-21,2549692300
2020-09-22,2511566060
2020-09-23,2478205600
2020-09-24,2540160740
2020-09-25,2544926520
2020-09-28,2621179000
2020-09-29,2621179000
2020-09-30,2559519210
2020-10-01,2473725270
2020-10-02,2540453890
2020-10-05,2678677460
2020-10-06,2635780490
2020-10-07,2726340760
2020-10-08,2835966350
2020-10-09,2826433690
2020-10-12,2897928640
2020-10-13,2974189920
2020-10-14,3031385880
2020-10-15,3064750190
2020-10-16,3069516520
2020-10-19,3131478810
2020-10-20,3098114500
2020-10-21,3017086890
2020-10-22,3126712480
2020-10-23,3155310460
2020-10-26,3088581840
2020-10-27,3031385880
2020-10-28,2893162310
2020-10-29,2855031670
2020-10-30,2731107090
2020-11-02,2669144800
2020-11-03,2645313150
2020-11-04,2683443790
2020-11-05,2759705070
2020-11-06,2626247830
2020-11-09,2936059280
2020-11-10,3017086890
2020-11-11,3064750190
2020-11-12,2983722580
2020-11-13,3040918540
2020-11-16,3031385880
2020-11-17,3164843120
2020-11-18,3079049180
2020-11-19,3098114500
2020-11-20,3050451200
2020-11-23,3245870730
2020-11-24,3398393290
2020-11-25,3379327970
2020-11-27,3322132010
2020-11-30,3212506420
2020-12-01,3198207430
2020-12-02,3322132010
2020-12-03,3465121910
2020-12-04,3603345480
2020-12-07,3574747500
2020-12-08,3732036390
2020-12-09,3755868040
2020-12-10,4018016190
2020-12-11,4013249860
2020-12-14,3760634370
2020-12-15,3917923260
2020-12-16,3793998680
2020-12-17,3875026290
2020-12-18,3946521239
2020-12-21,3927455920
2020-12-22,4008483530
2020-12-23,4022782520
2020-12-24,3994184540
2020-12-28,3665307770
2020-12-29,3660541440
2020-12-30,3665307770
2020-12-31,3676513500
2021-01-04,3638365500
2021-01-05,3943549500
2021-01-06,4005540000
2021-01-07,4019845500
2021-01-08,3852948000
2021-01-11,3862485000
2021-01-12,4038919500
2021-01-13,3981697500
2021-01-14,4067530499
2021-01-15,4053225000
2021-01-19,4105678499
2021-01-20,3867253499
2021-01-21,3862485000
2021-01-22,3876790500
2021-01-25,4034151000
2021-01-26,4062762000
2021-01-27,3914938500
2021-01-28,3924475500
2021-01-29,3862485000
2021-02-01,3814800000
2021-02-02,3676513500
2021-02-03,3862485000
2021-02-04,3776652000
2021-02-05,3833873999
2021-02-08,3934012500
2021-02-09,3981697500
2021-02-10,4100910000
2021-02-11,4162900500
2021-02-12,4320261000
2021-02-16,4372714500
2021-02-17,4363177500
2021-02-18,3824337000
2021-02-19,3829105499
2021-02-22,3829105499
2021-02-23,3962623500
2021-02-24,4334566500
2021-02-25,4325029500
2021-02-26,4205817000
2021-03-01,4429936500
2021-03-02,4387020000
2021-03-03,4420399500
2021-03-04,4534843500
2021-03-05,4511001000
2021-03-08,4425168000
2021-03-09,4263039000
2021-03-10,4568223000
2021-03-11,4501464000
2021-03-12,4301187000
2021-03-15,4267807499
2021-03-16,4181974500
2021-03-17,4263039000
2021-03-18,4067530499
2021-03-19,4234428000
2021-03-22,4220122500
2021-03-23,4077067500
2021-03-24,4115215500
2021-03-25,4229659499
2021-03-26,4396557000
2021-03-29,4272576000
2021-03-30,4205817000
2021-03-31,4309928700
2021-04-01,4352884800
2021-04-05,4295610000
2021-04-06,4252653900
2021-04-07,4271745499
2021-04-08,4257426800
2021-04-09,4071283699
2021-04-12,3966279900
2021-04-13,4133331400
2021-04-14,4128558500
2021-04-15,4157195900
2021-04-16,4152422999
2021-04-19,4181060400
2021-04-20,4128558500
2021-04-21,4228789399
2021-04-22,4276518400
2021-04-23,4286064200
2021-04-26,4348111900
2021-04-27,4290837100
2021-04-28,4333793200
2021-04-29,4195379099
2021-04-30,4123785600
2021-05-03,4190606199
2021-05-04,4314701600
2021-05-05,4381522200
2021-05-06,4357657700
2021-05-07,4429251200
2021-05-10,4443569900
2021-05-11,4453115700
2021-05-12,4376749300
2021-05-13,4400613800
2021-05-14,4624940100
2021-05-17,4734716800
2021-05-18,4768127100
2021-05-19,4725171000
2021-05-20,4772900000
2021-05-21,4763354200
2021-05-24,4658350400
2021-05-25,4629713000
2021-05-26,4605848500
2021-05-27,4701306500
2021-05-28,4581984000
2021-06-01,4834947700
2021-06-02,4806310300
2021-06-03,4749035500
2021-06-04,4744262600
2021-06-07,4892222500
2021-06-08,5011545000
2021-06-09,4916087000
2021-06-10,4944724400
2021-06-11,5021090800
2021-06-14,4892222500
2021-06-15,4920859900
2021-06-16,5006772100
2021-06-17,4815856100
2021-06-18,4758581300
2021-06-21,4916087000
2021-06-22,4854039300
2021-06-23,4882676700
2021-06-24,4939951500
2021-06-25,5030636600
2021-06-28,4844493500
2021-06-29,4930405700
2021-06-30,4960622380
2021-07-01,5051336360
2021-07-02,4989268900
2021-07-06,4908103760
2021-07-07,4865133980
2021-07-08,4922427020
2021-07-09,5046561940
2021-07-12,4951073540
2021-07-13,4822164200
2021-07-14,4788743260
2021-07-15,4760096740
2021-07-16,4621638560
2021-07-19,4492729220
2021-07-20,4683706020
2021-07-21,4793517680
2021-07-22,4826938620
2021-07-23,4764871160
2021-07-26,4927201440
2021-07-27,4597766460
2021-07-28,4635961820
2021-07-29,4631187400
2021-07-30,4535699000
2021-08-02,4416338500
2021-08-03,4468857120
2021-08-04,4392466400
2021-08-05,4382917560
2021-08-06,4392466400
2021-08-09,4382917560
2021-08-10,4430661760
2021-08-11,4464082700
2021-08-12,4459308280
2021-08-13,4382917560
2021-08-16,4320850100
2021-08-17,4344722200
2021-08-18,4153745399
2021-08-19,4158519820
2021-08-20,4249233800
2021-08-23,4320850100
2021-08-24,4344722200
2021-08-25,4497503640
2021-08-26,4411564080
2021-08-27,4640736240
2021-08-30,4573894360
2021-08-31,4588217620
2021-09-01,4640736240
2021-09-02,4788743260
2021-09-03,4826938620
2021-09-07,4826938620
2021-09-08,4841261880
2021-09-09,4774420000
2021-09-10,4798292100
2021-09-13,4898554920
2021-09-14,4826938620
2021-09-15,5008366580
2021-09-16,4974945640
2021-09-17,4826938620
2021-09-20,4750547900
2021-09-21,4698029280
2021-09-22,4760096740
2021-09-23,4893780500
2021-09-24,4889006080
2021-09-27,5056110780
2021-09-28,5013141000
2021-09-29,5084757300
2021-09-30,4974945640
2021-10-01,5113403820
2021-10-04,5180245700
2021-10-05,5218441060
2021-10-06,5132501500
2021-10-07,5208892220
2021-10-08,5237538740
2021-10-11,5242313160
2021-10-12,5251862000
2021-10-13,5204117800
2021-10-14,5285282940
2021-10-15,5418966700
2021-10-18,5418966700
2021-10-19,5433289960
2021-10-20,5528778360
2021-10-21,5428515540
2021-10-22,5466710900
2021-10-25,5576522560
2021-10-26,5275734100
2021-10-27,5165922440
2021-10-28,5185020120
2021-10-29,5079982880
2021-11-01,5113403820
2021-11-02,5108629400
2021-11-03,5137275920
2021-11-04,5056110780
2021-11-05,5146824760
2021-11-08,5194568960
2021-11-09,5165922440
2021-11-10,5051336360
2021-11-11,5156373600
2021-11-12,5065659620
2021-11-15,5027464260
2021-11-16,5037013100
2021-11-17,4998817740
2021-11-18,4984494480
2021-11-19,4850810720
2021-11-22,4822164200
2021-11-23,4974945640
2021-11-24,4994043320
2021-11-26,4893780500
2021-11-29,4807840940
2021-11-30,4635961820
2021-12-01,4545247840
2021-12-02,4621638560
2021-12-03,4573894360
2021-12-06,4535699000
2021-12-07,4664608340
2021-12-08,4736224640
2021-12-09,4621638560
2021-12-10,4559571100
2021-12-13,4421112920
2021-12-14,4421112920
2021-12-15,4483180380
2021-12-16,4516601320
2021-12-17,4569119940
2021-12-20,4454533860
2021-12-21,4554796680
2021-12-22,4554796680
2021-12-23,4583443200
2021-12-27,4698029280
2021-12-28,4669382760
2021-12-29,4602540880
2021-12-30,4588217620
2021-12-31,4623613280
2022-01-03,4723918940
2022-01-04,4771683540
2022-01-05,4747801240
2022-01-06,4871989200
2022-01-07,4876765660
2022-01-10,4843330440
2022-01-11,4934083180
2022-01-12,5015283000
2022-01-13,5024835920
2022-01-14,5101259280
2022-01-18,5015283000
2022-01-19,4957965480
2022-01-20,4800342300
2022-01-21,4743024780
2022-01-24,4752577700
2022-01-25,4566295760
2022-01-26,4561519300
2022-01-27,4585401600
2022-01-28,4580625140
2022-01-31,4752577700
2022-02-01,4805118760
2022-02-02,4957965480
2022-02-03,4881542120
2022-02-04,4953189020
2022-02-07,4900647960
2022-02-08,4886318580
2022-02-09,4843330440
2022-02-10,4762130620
2022-02-11,4881542120
2022-02-14,4747801240
2022-02-15,4790789380
2022-02-16,4776460000
2022-02-17,4537637000
2022-02-18,4614060360
2022-02-22,4408672580
2022-02-23,4465990100
2022-02-24,4475543020
2022-02-25,4590178060
2022-02-28,4795565840
2022-03-01,4786012920
2022-03-02,4795565840
2022-03-03,4819448140
2022-03-04,4876765660
2022-03-07,4876765660
2022-03-08,4871989200
2022-03-09,4895871500
2022-03-10,4967518400
2022-03-11,4871989200
2022-03-14,4652272040
2022-03-15,4618836820
2022-03-16,4752577700
2022-03-17,4838553980
2022-03-18,4914977340
2022-03-21,4957965480
2022-03-22,5000953620
2022-03-23,5063047600
2022-03-24,5153800340
2022-03-25,5488152540
2022-03-28,5316199980
2022-03-29,5320976440
2022-03-30,5263658920
2022-03-31,5199305790
2022-04-01,5213655300
2022-04-04,5247137490
2022-04-05,5151474090
2022-04-06,5232787980
2022-04-07,5180173110
2022-04-08,5213655300
2022-04-11,5204088960
2022-04-12,5242354320
2022-04-13,5376283080
2022-04-14,5395415760
2022-04-18,5385849420
2022-04-19,5457596970
2022-04-20,5476729650
2022-04-21,5275836510
2022-04-22,5051027520
2022-04-25,4917098760
2022-04-26,4692289770
2022-04-27,4759254150
2022-04-28,5122775070
2022-04-29,4912315590
2022-05-02,4864483890
2022-05-03,5065377030
2022-05-04,5180173110
2022-05-05,4979279970
2022-05-06,5084509710
2022-05-09,4730555130
2022-05-10,4735338300
2022-05-11,4701856110
2022-05-12,4644458070
2022-05-13,4874050230
2022-05-16,4921881930
2022-05-17,5079726540
2022-05-18,4931448270
2022-05-19,4826218530
2022-05-20,4888399740
2022-05-23,4945797780
2022-05-24,4955364120
2022-05-25,5012762160
2022-05-26,5117991900
2022-05-27,5232787980
2022-05-31,5194522620
2022-06-01,5338017720
2022-06-02,5271053340
2022-06-03,5290186020
2022-06-06,5333234550
2022-06-07,5457596970
2022-06-08,5347584060
2022-06-09,5232787980
2022-06-10,5141907750
2022-06-13,4831001700
2022-06-14,4744904640
2022-06-15,4720988790
2022-06-16,4534445160
2022-06-17,4352684700
2022-06-21,4553577840
2022-06-22,4381383720
2022-06-23,4304853000
2022-06-24,4453131270
2022-06-27,4529661990
2022-06-28,4544011500
2022-06-29,4419649080
2022-06-30,4330063000
2022-07-01,4425755000
2022-07-05,4310924600
2022-07-06,4263078600
2022-07-07,4473601000
2022-07-08,4454462600
2022-07-11,4449678000
2022-07-12,4320493800
2022-07-13,4406616600
2022-07-14,4430539600
2022-07-15,4430539600
2022-07-18,4569293000
2022-07-19,4760677000
2022-07-20,4736754000
2022-07-21,4664985000
2022-07-22,4617139000
2022-07-25,4760677000
2022-07-26,4669769600
2022-07-27,4712831000
2022-07-28,4712831000
2022-07-29,4813307600
2022-08-01,4803738400
2022-08-02,4808523000
2022-08-03,4794169200
2022-08-04,4607569800
2022-08-05,4650631200
2022-08-08,4655415800
2022-08-09,4722400200
2022-08-10,4822876800
2022-08-11,4966414800
2022-08-12,4990337800
2022-08-15,4908999600
2022-08-16,4980768600
2022-08-17,4937707200
2022-08-18,4999907000
2022-08-19,4952061000
2022-08-22,4956845600
2022-08-23,5047753000
2022-08-24,5100383600
2022-08-25,5138660400
2022-08-26,5019045400
2022-08-29,5047753000
2022-08-30,4851584400
2022-08-31,4818092200
2022-09-01,4755892400
2022-09-02,4765461600
2022-09-06,4641062000
2022-09-07,4698477200
2022-09-08,4698477200
2022-09-09,4861153600
2022-09-12,4971199400
2022-09-13,4803738400
2022-09-14,4995122400
2022-09-15,4961630200
2022-09-16,4818092200
2022-09-19,4842015200
2022-09-20,4794169200
2022-09-21,4760677000
2022-09-22,4631492800
2022-09-23,4339632200
2022-09-26,4234371000
2022-09-27,4239155599
2022-09-28,4464031800
2022-09-29,4406616600
2022-09-30,4392565740
2022-10-03,4536113640
2022-10-04,4732295770
2022-10-05,4722725910
2022-10-06,4717940980
2022-10-07,4679661540
2022-10-10,4612672520
2022-10-11,4713156050
2022-10-12,4727510840
2022-10-13,4832779300
2022-10-14,4684446470
2022-10-17,4856703950
2022-10-18,4899768320
2022-10-19,4957187480
2022-10-20,4861488880
2022-10-21,4933262830
2022-10-24,4899768320
2022-10-25,4899768320
2022-10-26,4928477900
2022-10-27,4923692970
2022-10-28,5019391570
2022-10-31,5095950450
2022-11-01,5201218910
2022-11-02,5105520310
2022-11-03,5177294260
2022-11-04,5210788770
2022-11-07,5296917510
2022-11-08,5287347650
2022-11-09,5095950450
2022-11-10,5339981880
2022-11-11,5349551740
2022-11-14,5311272300
2022-11-15,5359121600
2022-11-16,5311272300
2022-11-17,5220358630
2022-11-18,5239498350
2022-11-21,5091165520
2022-11-22,5316057230
2022-11-23,5272992860
2022-11-25,5292132580
2022-11-28,5249068210
2022-11-29,5306487370
2022-11-30,5421325690
2022-12-01,5411755830
2022-12-02,5440465410
2022-12-05,5277777790
2022-12-06,5167724400
2022-12-07,5095950450
2022-12-08,5038531290
2022-12-09,4938047760
2022-12-12,5067240870
2022-12-13,5167724400
2022-12-14,5167724400
2022-12-15,5129444960
2022-12-16,5057671010
2022-12-19,4990681990
2022-12-20,5028961430
2022-12-21,5162939470
2022-12-22,5072025800
2022-12-23,5210788770
2022-12-27,5253853140
2022-12-28,5119875100
2022-12-29,5206003840
2022-12-30,5162939470
2023-01-03,5054142720
2023-01-04,5212084680
2023-01-05,5145079000
2023-01-06,5279090360
2023-01-09,5312593200
2023-01-10,5317379320
2023-01-11,5365240520
2023-01-12,5451390680
2023-01-13,5451390680
2023-01-17,5437032320
2023-01-18,5298234840
2023-01-19,5365240520
2023-01-20,5365240520
2023-01-23,5403529480
2023-01-24,5255159760
2023-01-25,5197726320
2023-01-26,5178581840
2023-01-27,5259945880
2023-01-30,5154651240
2023-01-31,5216870800
2023-02-01,5140292880
2023-02-02,5140292880
2023-02-03,5082859440
2023-02-06,5058928840
2023-02-07,5135506760
2023-02-08,5106790040
2023-02-09,5044570480
2023-02-10,5125934520
2023-02-13,5173795720
2023-02-14,5212084680
2023-02-15,5183367960
2023-02-16,5264732000
2023-02-17,5087645560
2023-02-21,4963206440
2023-02-22,5001495400
2023-02-23,5106790040
2023-02-24,5154651240
2023-02-27,5102003920
2023-02-28,5044570480
2023-03-01,5078073320
2023-03-02,5092431680
2023-03-03,5173795720
2023-03-06,5121148400
2023-03-07,5063714960
2023-03-08,4967992560
2023-03-09,4948848080
2023-03-10,4829195080
2023-03-13,4833981200
2023-03-14,4924917480
2023-03-15,4762189400
2023-03-16,4786120000
2023-03-17,4738258800
2023-03-20,4805264480
2023-03-21,4929703600
2023-03-22,4781333880
2023-03-23,4685611480
2023-03-24,4795692240
2023-03-27,4810050600
2023-03-28,4829195080
2023-03-29,4915345240
2023-03-30,4929703600
2023-03-31,5029975980
2023-04-03,5121081360
2023-04-04,5025180960
2023-04-05,5034771000
2023-04-06,5020385940
2023-04-10,5029975980
2023-04-11,5082721200
2023-04-12,5044361040
2023-04-13,5068336140
2023-04-14,5092311240
2023-04-17,5058746100
2023-04-18,5034771000
2023-04-19,4982025780
2023-04-20,4929280560
2023-04-21,4938870600
2023-04-24,4910100480
2023-04-25,4737479760
2023-04-26,4699119600
2023-04-27,4958050680
2023-04-28,5159441520
2023-05-01,5226571800
2023-05-02,5049156060
2023-05-03,5006000880
2023-05-04,4929280560
2023-05-05,5010795900
2023-05-08,4962845700
2023-05-09,5020385940
2023-05-10,5077926180
2023-05-11,5034771000
2023-05-12,5029975980
2023-05-15,5049156060
2023-05-16,4986820800
2023-05-17,5001205860
2023-05-18,5077926180
2023-05-19,5125876380
2023-05-22,5188211640
2023-05-23,5130671400
2023-05-24,5101901280
2023-05-25,5010795900
2023-05-26,5006000880
2023-05-30,4953255660
2023-05-31,4895715420
2023-06-01,4943665620
2023-06-02,5135466420
2023-06-05,5140261440
2023-06-06,5159441520
2023-06-07,5269726980
2023-06-08,5250546900
2023-06-09,5207391720
2023-06-12,5317677180
2023-06-13,5216981760
2023-06-14,5188211640
2023-06-15,5260136940
2023-06-16,5298497100
2023-06-20,5284112040
2023-06-21,5293702080
2023-06-22,5212186740
2023-06-23,5149851480
2023-06-26,5236161840
2023-06-27,5269726980
2023-06-28,5336857260
2023-06-29,5447142720
2023-06-30,5564241600
2023-07-03,5569038360
2023-07-05,5554648080
2023-07-06,5477899920
2023-07-07,5516274000
2023-07-10,5521070760
2023-07-11,5617005960
2023-07-12,5688957360
2023-07-13,5789689320
2023-07-14,5631396240
2023-07-17,5593022160
2023-07-18,5669770320
2023-07-19,5688957360
2023-07-20,5688957360
2023-07-21,5684160600
2023-07-24,5770502280
2023-07-25,5626599480
2023-07-26,5640989760
2023-07-27,5578631880
2023-07-28,5684160600
2023-07-31,5727331440
2023-08-01,5684160600
2023-08-02,5617005960
2023-08-03,5664973560
2023-08-04,5626599480
2023-08-07,5741721720
2023-08-08,5736924960
2023-08-09,5746518480
2023-08-10,5717737920
2023-08-11,5756112000
2023-08-14,5712941160
2023-08-15,5674567080
2023-08-16,5602615680
2023-08-17,5664973560
2023-08-18,5688957360
2023-08-21,5722534680
2023-08-22,5664973560
2023-08-23,5722534680
2023-08-24,5660176800
2023-08-25,5727331440
2023-08-28,5789689320
2023-08-29,5890421280
2023-08-30,5842453680
2023-08-31,5813673120
2023-09-01,5852047200
2023-09-05,5765705520
2023-09-06,5593022160
2023-09-07,5655380040
2023-09-08,5684160600
2023-09-11,5554648080
2023-09-12,5703347640
2023-09-13,5688957360
2023-09-14,5664973560
2023-09-15,5631396240
2023-09-18,5669770320
2023-09-19,5597818920
2023-09-20,5655380040
2023-09-21,5559444840
2023-09-22,5708144400
2023-09-25,5703347640
2023-09-26,5669770320
2023-09-27,5760908760
2023-09-28,5861640720
2023-09-29,5746518480
2023-10-02,5607798210
2023-10-03,5598204030
2023-10-04,5598204030
2023-10-05,5679754560
2023-10-06,5698942920
2023-10-09,5828464350
2023-10-10,5862043980
2023-10-11,5900420700
2023-10-12,5895623610
2023-10-13,5981971230
2023-10-16,6020347950
2023-10-17,6077913030
2023-10-18,6058724670
2023-10-19,6001159590
2023-10-20,5991565410
2023-10-23,5962782870
2023-10-24,5828464350
2023-10-25,5833261440
2023-10-26,5929203240
2023-10-27,5823667260
2023-10-30,5852449800
2023-10-31,5919609060
2023-11-01,6063521760
2023-11-02,6212231550
2023-11-03,6197840280
2023-11-06,6173854830
2023-11-07,6145072290
2023-11-08,5972377050
2023-11-09,5981971230
2023-11-10,5996362500
2023-11-13,6044333400
2023-11-14,6145072290
2023-11-15,6183449010
2023-11-16,6130681020
2023-11-17,6241014090
2023-11-20,6226622820
2023-11-21,6260202450
2023-11-22,6284187900
2023-11-24,6360941340
2023-11-27,6303376260
2023-11-28,6221825730
2023-11-29,6298579170
2023-11-30,6389723880
2023-12-01,6418506420
2023-12-04,6413709330
2023-12-05,6284187900
2023-12-06,6178651920
2023-12-07,6097101390
2023-12-08,6207434460
2023-12-11,6130681020
2023-12-12,6034739220
2023-12-13,6082710120
2023-12-14,6077913030
2023-12-15,5953188690
2023-12-18,6068318850
2023-12-19,6063521760
2023-12-20,5967579960
2023-12-21,6005956680
2023-12-22,6049130490
2023-12-26,6087507210
2023-12-27,6053927580
2023-12-28,6044333400
2023-12-29,6010753770
2024-01-02,6056300140
2024-01-03,6022707350
2024-01-04,5917130010
2024-01-05,5974717650
2024-01-08,5912331040
2024-01-09,5878738250
2024-01-10,5897934130
2024-01-11,5854743400
2024-01-12,5883537220
2024-01-16,5897934130
2024-01-17,5859542370
2024-01-18,5854743400
2024-01-19,5830748550
2024-01-22,5936325890
2024-01-23,5758764000
2024-01-24,5825949580
2024-01-25,5864341340
2024-01-26,5883537220
2024-01-29,5945923830
2024-01-30,5941124860
2024-01-31,5873939280
2024-02-01,5883537220
2024-02-02,5873939280
2024-02-05,5801954730
2024-02-06,5744367090
2024-02-07,5753965030
2024-02-08,5720372240
2024-02-09,5686779450
2024-02-12,5744367090
2024-02-13,5605196960
2024-02-14,5614794900
2024-02-15,5950722800
2024-02-16,5955521770
2024-02-20,5984315590
2024-02-21,6205068210
2024-02-22,6262655850
2024-02-23,6296248640
2024-02-26,6349037310
2024-02-27,6320243490
2024-02-28,6358635250
2024-02-29,6430619800
2024-03-01,6483408470
2024-03-04,6493006410
2024-03-05,6517001260
2024-03-06,6517001260
2024-03-07,6449815680
2024-03-08,6406624950
2024-03-11,6564990960
2024-03-12,6540996110
2024-03-13,6555393020
2024-03-14,6425820830
2024-03-15,6411423920
2024-03-18,6435418770
2024-03-19,6560191990
2024-03-20,6569789930
2024-03-21,6718558000
2024-03-22,6684965210
2024-03-25,6646573450
2024-03-26,6617779630
2024-03-27,6665769330
2024-03-28,6747351820
2024-04-01,6795341520
2024-04-02,6867326070
2024-04-03,6881722980
2024-04-04,6862527100
2024-04-05,6857728130
2024-04-08,6814537400
2024-04-09,6809738430
2024-04-10,6790542550
2024-04-11,6732954910
2024-04-12,6675367270
2024-04-15,6555393020
2024-04-16,6521800230
2024-04-17,6550594050
2024-04-18,6632176540
2024-04-19,6680166240
2024-04-22,6718558000
2024-04-23,6689764180
2024-04-24,6728155940
2024-04-25,6828934310
2024-04-26,6809738430
2024-04-29,6804939460
2024-04-30,6641774480
2024-05-01,6569789930
2024-05-02,6699362120
2024-05-03,6790542550
2024-05-06,6819336370
2024-05-07,6852929160
2024-05-08,6843331220
2024-05-09,6891320920
2024-05-10,6920114740
2024-05-13,6939310620
2024-05-14,7030491050
2024-05-15,7040088990
2024-05-16,7078480750
2024-05-17,7160063240
2024-05-20,7208052940
2024-05-21,7126470450
2024-05-22,7040088990
2024-05-23,6915315770
2024-05-24,6920114740
2024-05-28,6944109590
2024-05-29,6915315770
2024-05-30,6891320920
2024-05-31,7030491050
2024-06-03,6915315770
2024-06-04,6958506500
2024-06-05,6977702380
2024-06-06,6958506500
2024-06-07,6948908560
2024-06-10,7025692080
2024-06-11,6992099290
2024-06-12,7011295170
2024-06-13,6968104440
2024-06-14,6905717830
2024-06-17,6900918860
2024-06-18,6968104440
2024-06-20,6977702380
2024-06-21,6934511650
2024-06-24,7035290020
2024-06-25,7150465300
2024-06-26,7126470450
2024-06-27,7097676630
2024-06-28,7073681780
2024-07-01,7035290020
2024-07-02,7083279720
2024-07-03,7092877660
2024-07-05,7083279720
2024-07-08,7016094140
2024-07-09,7059284870
2024-07-10,7078480750
2024-07-11,7078480750
2024-07-12,7126470450
2024-07-15,7006496200
2024-07-16,7054485900
2024-07-17,6987300320
2024-07-18,7088078690
2024-07-19,7136068390
2024-07-22,7275238520
2024-07-23,7208052940
2024-07-24,6987300320
2024-07-25,6910516800
2024-07-26,6953707530
2024-07-29,6903828050
2024-07-30,7004859680
2024-07-31,6908639080
2024-08-01,6754686120
2024-08-02,6586300070
2024-08-05,6441969170
2024-08-06,6759497150
2024-08-07,6644032430
2024-08-08,6769119210
2024-08-09,6663276550
