,CHTR
2010-01-05,3576774530
2010-01-06,3576774530
2010-01-07,3576774530
2010-01-08,3423484193
2010-01-11,3423484193
2010-01-12,3423484193
2010-01-13,3346839024
2010-01-14,3346839024
2010-01-15,3295742245
2010-01-19,3270193856
2010-01-20,3244645466
2010-01-21,3229316432
2010-01-22,3219097077
2010-01-25,3193548687
2010-01-26,3142451908
2010-01-27,3142451908
2010-01-28,3142451908
2010-01-29,3130188579
2010-02-01,3116903519
2010-02-02,3116903519
2010-02-03,3040258350
2010-02-04,3091355129
2010-02-05,3116903519
2010-02-08,3050477706
2010-02-09,3045367926
2010-02-10,3040258350
2010-02-11,3039236414
2010-02-12,3039236414
2010-02-16,3039236414
2010-02-17,3039236414
2010-02-18,3035148774
2010-02-19,3035148774
2010-02-22,3035148774
2010-02-23,3035148774
2010-02-24,3035148774
2010-02-25,3014709961
2010-02-26,3040258350
2010-03-01,3076026095
2010-03-02,3106684163
2010-03-03,3142451908
2010-03-04,3170044169
2010-03-05,3244645466
2010-03-08,3244645466
2010-03-09,3346839024
2010-03-10,3372387414
2010-03-11,3321290635
2010-03-12,3321290635
2010-03-15,3372387414
2010-03-16,3346839024
2010-03-17,3474580972
2010-03-18,3551226140
2010-03-19,3551226140
2010-03-22,3518524201
2010-03-23,3576774530
2010-03-24,3576774530
2010-03-25,3525677751
2010-03-26,3551226140
2010-03-29,3525677751
2010-03-30,3520568175
2010-03-31,3528482635
2010-04-01,3579620065
2010-04-05,3579620065
2010-04-06,3533596276
2010-04-07,3533596276
2010-04-08,3533596276
2010-04-09,3548937709
2010-04-12,3579620065
2010-04-13,3579620065
2010-04-14,3605188779
2010-04-15,3681894924
2010-04-16,3692122205
2010-04-19,3682917468
2010-04-20,3682917468
2010-04-21,3631780038
2010-04-22,3681894924
2010-04-23,3707463638
2010-04-26,3733032353
2010-04-27,3733032353
2010-04-28,3733032353
2010-04-29,3809738497
2010-04-30,3876217360
2010-05-03,4039856930
2010-05-04,4065425645
2010-05-05,4039856930
2010-05-06,3922240638
2010-05-07,3871103208
2010-05-10,3860875927
2010-05-11,3886444642
2010-05-12,3886444642
2010-05-13,3886444642
2010-05-14,3845534493
2010-05-17,3886444642
2010-05-18,3809738497
2010-05-19,3906899716
2010-05-20,3784169783
2010-05-21,3758601068
2010-05-24,3712577279
2010-05-25,3681894924
2010-05-26,3681894924
2010-05-27,3681894924
2010-05-28,3681894924
2010-06-01,3669622043
2010-06-02,3579620065
2010-06-03,3579620065
2010-06-04,3579620065
2010-06-07,3451776491
2010-06-08,3528482635
2010-06-09,3530528132
2010-06-10,3530528132
2010-06-11,3528482635
2010-06-14,3487572487
2010-06-15,3528482635
2010-06-16,3548937709
2010-06-17,3554051350
2010-06-18,3605188779
2010-06-21,3605188779
2010-06-22,3630757494
2010-06-23,3646098927
2010-06-24,3640984775
2010-06-25,3640984775
2010-06-28,3615416061
2010-06-29,3630757494
2010-06-30,3610302632
2010-07-01,3630757707
2010-07-02,3630757707
2010-07-06,3733032572
2010-07-07,3733032572
2010-07-08,3681895140
2010-07-09,3702350215
2010-07-12,3707463856
2010-07-13,3687008780
2010-07-14,3635871348
2010-07-15,3625644066
2010-07-16,3620530425
2010-07-19,3579620275
2010-07-20,3630757707
2010-07-21,3605188991
2010-07-22,3584733915
2010-07-23,3579620275
2010-07-26,3579620275
2010-07-27,3630757707
2010-07-28,3630757707
2010-07-29,3707463856
2010-07-30,3733032572
2010-08-02,3733032572
2010-08-03,3707463856
2010-08-04,3733032572
2010-08-05,3707463856
2010-08-06,3707463856
2010-08-09,3697236574
2010-08-10,3702350215
2010-08-11,3702350215
2010-08-12,3702350215
2010-08-13,3697236574
2010-08-16,3635871348
2010-08-17,3584733915
2010-08-18,3584733915
2010-08-19,3589847556
2010-08-20,3579620275
2010-08-23,3579620275
2010-08-24,3554051558
2010-08-25,3528482842
2010-08-26,3502914126
2010-08-27,3451776693
2010-08-30,3451776693
2010-08-31,3451776693
2010-09-01,3477345410
2010-09-02,3456890334
2010-09-03,3477345410
2010-09-07,3477345410
2010-09-08,3477345410
2010-09-09,3497800485
2010-09-10,3477345410
2010-09-13,3579620275
2010-09-14,3630757707
2010-09-15,3554051558
2010-09-16,3488595747
2010-09-17,3528482842
2010-09-20,3528482842
2010-09-21,3460981431
2010-09-22,3426207977
2010-09-23,3405752902
2010-09-24,3456890334
2010-09-27,3380184185
2010-09-28,3425185433
2010-09-29,3409843999
2010-09-30,3327265955
2010-10-01,3388692198
2010-10-04,3376407113
2010-10-05,3368217125
2010-10-06,3319075557
2010-10-07,3293481203
2010-10-08,3276077248
2010-10-11,3363097845
2010-10-12,3368217125
2010-10-13,3327265955
2010-10-14,3378454662
2010-10-15,3408144214
2010-10-18,3368217125
2010-10-19,3387668629
2010-10-20,3376407113
2010-10-21,3371288243
2010-10-22,3390739849
2010-10-25,3327265955
2010-10-26,3343646341
2010-10-27,3323170756
2010-10-28,3324194734
2010-10-29,3325218406
2010-11-01,3332384723
2010-11-02,3328289524
2010-11-03,3414286552
2010-11-04,3659992550
2010-11-05,3656921330
2010-11-08,3664087749
2010-11-09,3665111318
2010-11-10,3675349367
2010-11-11,3685586904
2010-11-12,3668182948
2010-11-15,3672277737
2010-11-16,3672277737
2010-11-17,3664087749
2010-11-18,3666135297
2010-11-19,3653849803
2010-11-22,3614946590
2010-11-23,3588328258
2010-11-24,3582185920
2010-11-26,3572971953
2010-11-29,3490046043
2010-11-30,3431690917
2010-12-01,3519735595
2010-12-02,3532020783
2010-12-03,3590375908
2010-12-06,3628255449
2010-12-07,3658968981
2010-12-08,3677396506
2010-12-09,3654873782
2010-12-10,3685586904
2010-12-13,3768512711
2010-12-14,3788987887
2010-12-15,3890341732
2010-12-16,3862699830
2010-12-17,3958934394
2010-12-20,3894436930
2010-12-21,3912864865
2010-12-22,3941530439
2010-12-23,3901603349
2010-12-27,3907745687
2010-12-28,3922078832
2010-12-29,3941530439
2010-12-30,3942554008
2010-12-31,3986576398
2011-01-03,3937435240
2011-01-04,4054145389
2011-01-05,4051074271
2011-01-06,4015242279
2011-01-07,4011147080
2011-01-10,4008075962
2011-01-11,3996814344
2011-01-12,4081787393
2011-01-13,4097144108
2011-01-14,4190307555
2011-01-18,4196450404
2011-01-19,4248662681
2011-01-20,4207711510
2011-01-21,4210783140
2011-01-24,4227163526
2011-01-25,4265043067
2011-01-26,4326469310
2011-01-27,4312136575
2011-01-28,4303946586
2011-01-31,4299851388
2011-02-01,4262995416
2011-02-02,4260947868
2011-02-03,4299851388
2011-02-04,4298827818
2011-02-07,4298827818
2011-02-08,4492321028
2011-02-09,4638720730
2011-02-10,4719598580
2011-02-11,4811738458
2011-02-14,4847570348
2011-02-15,4821975994
2011-02-16,4742121816
2011-02-17,4767716169
2011-02-18,4754407003
2011-02-22,4677623943
2011-02-23,4603912409
2011-02-24,4606983630
2011-02-25,4658172337
2011-02-28,4685814238
2011-03-01,4804572039
2011-03-02,4998065351
2011-03-03,4898759055
2011-03-04,4913092302
2011-03-07,4936639005
2011-03-08,4929472688
2011-03-09,4914115872
2011-03-10,4860879616
2011-03-11,4894664265
2011-03-14,4762597299
2011-03-15,4663291105
2011-03-16,4707313495
2011-03-17,4816857226
2011-03-18,4951995412
2011-03-21,5004208098
2011-03-22,4982708534
2011-03-23,4999089330
2011-03-24,5106585512
2011-03-25,5099419093
2011-03-28,5037992440
2011-03-29,5033897241
2011-03-30,5066658423
2011-03-31,5002153217
2011-04-01,5103915270
2011-04-04,5136518875
2011-04-05,5224449179
2011-04-06,5482312593
2011-04-07,5474408539
2011-04-08,5415129714
2011-04-11,5359802621
2011-04-12,5409201723
2011-04-13,5421057409
2011-04-14,5461564673
2011-04-15,5463540637
2011-04-18,5408213939
2011-04-19,5410189508
2011-04-20,5414141535
2011-04-21,5422045589
2011-04-25,5420069625
2011-04-26,5461564673
2011-04-27,5544555165
2011-04-28,5793526642
2011-04-29,5823166103
2011-05-02,5858733457
2011-05-03,5800442516
2011-05-04,5755983225
2011-05-05,5683860634
2011-05-06,5730295890
2011-05-09,5715475961
2011-05-10,5762899495
2011-05-11,5796490489
2011-05-12,5829094095
2011-05-13,5716464240
2011-05-16,5707572302
2011-05-17,5550483156
2011-05-18,5667065137
2011-05-19,5692752473
2011-05-20,5631497685
2011-05-23,5511951955
2011-05-24,5531711695
2011-05-25,5507999928
2011-05-26,5501084054
2011-05-27,5555423067
2011-05-31,5581110798
2011-06-01,5601858322
2011-06-02,5670028886
2011-06-03,5708560186
2011-06-06,5669041101
2011-06-07,5717452024
2011-06-08,5724367898
2011-06-09,5707572302
2011-06-10,5680896787
2011-06-13,5479348350
2011-06-14,5528747453
2011-06-15,5503060117
2011-06-16,5533687264
2011-06-17,5612726124
2011-06-20,5535663327
2011-06-21,5552459219
2011-06-22,5645329334
2011-06-23,5485276341
2011-06-24,5375610334
2011-06-27,5343994908
2011-06-28,5391418046
2011-06-29,5370670522
2011-06-30,5319298382
2011-07-01,5406548603
2011-07-05,5683003020
2011-07-06,5782016773
2011-07-07,5738882124
2011-07-08,5666337126
2011-07-11,5539873793
2011-07-12,5560461125
2011-07-13,5564382172
2011-07-14,5574185817
2011-07-15,5621241807
2011-07-18,5517326182
2011-07-19,5628104153
2011-07-20,5762409972
2011-07-21,5833974341
2011-07-22,5857502581
2011-07-25,5795741367
2011-07-26,5782997304
2011-07-27,5622221946
2011-07-28,5366354861
2011-07-29,5293809864
2011-08-01,5223225634
2011-08-02,4998729176
2011-08-03,5035001479
2011-08-04,4615418129
2011-08-05,4515423844
2011-08-08,4123289780
2011-08-09,4430134490
2011-08-10,4347786238
2011-08-11,4603653813
2011-08-12,4630122960
2011-08-15,4829130802
2011-08-16,4757566433
2011-08-17,4749723948
2011-08-18,4507581065
2011-08-19,4567381510
2011-08-22,4439938037
2011-08-23,4649729663
2011-08-24,4666395165
2011-08-25,4557578354
2011-08-26,4670316604
2011-08-29,4873245982
2011-08-30,4900695660
2011-08-31,4889911876
2011-09-01,4865403497
2011-09-02,4791878360
2011-09-06,4696785751
2011-09-07,4864422965
2011-09-08,4792858499
2011-09-09,4579145434
2011-09-12,4593850657
2011-09-13,4670316604
2011-09-14,4826189992
2011-09-15,4845796695
2011-09-16,4836973679
2011-09-19,4814426068
2011-09-20,4847757464
2011-09-21,4721294130
2011-09-22,4536010785
2011-09-23,4664434887
2011-09-26,4824229224
2011-09-27,4906577377
2011-09-28,4823249085
2011-09-29,4717372691
2011-09-30,4211257088
2011-10-03,3926250825
2011-10-04,4054818238
2011-10-05,4188780268
2011-10-06,4241825564
2011-10-07,4192376649
2011-10-10,4373989449
2011-10-11,4355108650
2011-10-12,4412649580
2011-10-13,4366796686
2011-10-14,4409053199
2011-10-17,4405456818
2011-10-18,4518739813
2011-10-19,4385677126
2011-10-20,4405456818
2011-10-21,4472887279
2011-10-24,4533124978
2011-10-25,4462997388
2011-10-26,4515143791
2011-10-27,4457603221
2011-10-28,4097974093
2011-10-31,4130340445
2011-11-01,4212155981
2011-11-02,4332631829
2011-11-03,4554702906
2011-11-04,4739012744
2011-11-07,4751599673
2011-11-08,4805544312
2011-11-09,4605950056
2011-11-10,4737214598
2011-11-11,4819929477
2011-11-14,4715637030
2011-11-15,4781269256
2011-11-16,4630225023
2011-11-17,4693160210
2011-11-18,4756994290
2011-11-21,4681472173
2011-11-22,4716535923
2011-11-23,4583473236
2011-11-25,4661692391
2011-11-28,4742609125
2011-11-29,4732719234
2011-11-30,4753397909
2011-12-01,4748003652
2011-12-02,4772278708
2011-12-05,4678775045
2011-12-06,4762388817
2011-12-07,4759691419
2011-12-08,4600555440
2011-12-09,4759691419
2011-12-12,4748003652
2011-12-13,4735416363
2011-12-14,4723728686
2011-12-15,4774076494
2011-12-16,4901745014
2011-12-19,4741710232
2011-12-20,4982661388
2011-12-21,4998844699
2011-12-22,5011432078
2011-12-23,5061779886
2011-12-27,5047394721
2011-12-28,5031211410
2011-12-29,5113926290
2011-12-30,5119320547
2012-01-03,5141797367
2012-01-04,5107632780
2012-01-05,5122916928
2012-01-06,5090550216
2012-01-09,5102238253
2012-01-10,5094146598
2012-01-11,5048294064
2012-01-12,5166072333
2012-01-13,5121118692
2012-01-17,5122017945
2012-01-18,5074366906
2012-01-19,5122017945
2012-01-20,5125613967
2012-01-23,5124715074
2012-01-24,5092348362
2012-01-25,5188549154
2012-01-26,5258677103
2012-01-27,5179558605
2012-01-30,5109431015
2012-01-31,5182255644
2012-02-01,5239796305
2012-02-02,5196640809
2012-02-03,5229906414
2012-02-06,5242493703
2012-02-07,5200237190
2012-02-08,5225411139
2012-02-09,5285649198
2012-02-10,5267667652
2012-02-13,5391739791
2012-02-14,5396235065
2012-02-15,5594031175
2012-02-16,5620104018
2012-02-17,5650672493
2012-02-21,5637186671
2012-02-22,5638984816
2012-02-23,5709112407
2012-02-24,5702818897
2012-02-27,5715405916
2012-02-28,5714506933
2012-02-29,5701020751
2012-03-01,5685736693
2012-03-02,5624599651
2012-03-05,5605718852
2012-03-06,5475353653
2012-03-07,5442986942
2012-03-08,5487940583
2012-03-09,5492435857
2012-03-12,5616507996
2012-03-13,5654268875
2012-03-14,5674048656
2012-03-15,5708213513
2012-03-16,5753167154
2012-03-19,5751368919
2012-03-20,5684837440
2012-03-21,5754965300
2012-03-22,5810707365
2012-03-23,5835882034
2012-03-26,5787332012
2012-03-27,5752267902
2012-03-28,5686635586
2012-03-29,5674048656
2012-03-30,5704617132
2012-04-02,5791045066
2012-04-03,5668692264
2012-04-04,5558035447
2012-04-05,5646201023
2012-04-09,5547239741
2012-04-10,5344818570
2012-04-11,5448278370
2012-04-12,5493260852
2012-04-13,5485164006
2012-04-16,5428485988
2012-04-17,5515752094
2012-04-18,5502257259
2012-04-19,5528347189
2012-04-20,5574229141
2012-04-23,5415890982
2012-04-24,5413191764
2012-04-25,5454575917
2012-04-26,5483364706
2012-04-27,5435683005
2012-04-30,5440181523
2012-05-01,5489662164
2012-05-02,5599419601
2012-05-03,5609315387
2012-05-04,5539142895
2012-05-07,5561634136
2012-05-08,5845023866
2012-05-09,6040247660
2012-05-10,6090627860
2012-05-11,6071735307
2012-05-14,5958379901
2012-05-15,5891805377
2012-05-16,5874712484
2012-05-17,5698380883
2012-05-18,5549039041
2012-05-21,5724470812
2012-05-22,5816235167
2012-05-23,5812636478
2012-05-24,5776650312
2012-05-25,5782048030
2012-05-29,5814435418
2012-05-30,5684886048
2012-05-31,5640803395
2012-06-01,5515752094
2012-06-04,5513052965
2012-06-05,5713674747
2012-06-06,5735266518
2012-06-07,5740664506
2012-06-08,5768553825
2012-06-11,5702879041
2012-06-12,5823432454
2012-06-13,5841425177
2012-06-14,5927791453
2012-06-15,6017756418
2012-06-18,6084330313
2012-06-19,6205783555
2012-06-20,6243568750
2012-06-21,6067237419
2012-06-22,6109521133
2012-06-25,5992566408
2012-06-26,6090627860
2012-06-27,6266059992
2012-06-28,6297547550
2012-06-29,6375817339
2012-07-02,6494869850
2012-07-03,6509292517
2012-07-05,6511996744
2012-07-06,6497574078
2012-07-09,6492164992
2012-07-10,6499376595
2012-07-11,6453403015
2012-07-12,6560674553
2012-07-13,6568787866
2012-07-16,6538138572
2012-07-17,6586816380
2012-07-18,6575998839
2012-07-19,6743666624
2012-07-20,6704003749
2012-07-23,6627380875
2012-07-24,6573294611
2012-07-25,6688678741
2012-07-26,6832909558
2012-07-27,6882488264
2012-07-30,6982548107
2012-07-31,6933870299
2012-08-01,7061874488
2012-08-02,7058269363
2012-08-03,7205203685
2012-08-06,6994266547
2012-08-07,6912235938
2012-08-08,6851839691
2012-08-09,6806767730
2012-08-10,7024915841
2012-08-13,7113257245
2012-08-14,7076297877
2012-08-15,7193485246
2012-08-16,7076297877
2012-08-17,7013197402
2012-08-20,7020408374
2012-08-21,6966322202
2012-08-22,6950997915
2012-08-23,6885192491
2012-08-24,7006887327
2012-08-27,6962716354
2012-08-28,6919447633
2012-08-29,6892404185
2012-08-30,6941081994
2012-08-31,7013197402
2012-09-04,6948293688
2012-09-05,7045649304
2012-09-06,7146610046
2012-09-07,7044747684
2012-09-10,7013197402
2012-09-11,7112355626
2012-09-12,7229542273
2012-09-13,7358448082
2012-09-14,7440479412
2012-09-17,7278220081
2012-09-18,7201597838
2012-09-19,7245768179
2012-09-20,7236753968
2012-09-21,7160131724
2012-09-24,6884291593
2012-09-25,6800457655
2012-09-26,6750878228
2012-09-27,6779724283
2012-09-28,6766202605
2012-10-01,6782803959
2012-10-02,6827112188
2012-10-03,6941048281
2012-10-04,6997111531
2012-10-05,6920250184
2012-10-08,6875037521
2012-10-09,6879559059
2012-10-10,6870516616
2012-10-11,6883176162
2012-10-12,6884079873
2012-10-15,6938335611
2012-10-16,6931101495
2012-10-17,7025143835
2012-10-18,7099292603
2012-10-19,7102005273
2012-10-22,7068547630
2012-10-23,6889505844
2012-10-24,6880462769
2012-10-25,6889505844
2012-10-26,6923867288
2012-10-31,6999824924
2012-11-01,7030569174
2012-11-02,6790941876
2012-11-05,6595623532
2012-11-06,6476262191
2012-11-07,6281847557
2012-11-08,6172433001
2012-11-09,6214028561
2012-11-12,6239347563
2012-11-13,6233922224
2012-11-14,6103709572
2012-11-15,6197752003
2012-11-16,6263762130
2012-11-19,6206794354
2012-11-20,6357804560
2012-11-21,6318017868
2012-11-23,6329772890
2012-11-26,6355091891
2012-11-27,6355996325
2012-11-28,6355996325
2012-11-29,6448229887
2012-11-30,6406634237
2012-12-03,6370464015
2012-12-04,6370464015
2012-12-05,6306262124
2012-12-06,6293602578
2012-12-07,6368655780
2012-12-10,6308070992
2012-12-11,6292698144
2012-12-12,6294507102
2012-12-13,6246581770
2012-12-14,6210411458
2012-12-17,6400304554
2012-12-18,6704133653
2012-12-19,6695995735
2012-12-20,6620038099
2012-12-21,6639931761
2012-12-24,6639931761
2012-12-26,6622750768
2012-12-27,6661633659
2012-12-28,6653495741
2012-12-31,6916191546
2013-01-02,7084923401
2013-01-03,7074037929
2013-01-04,7039565376
2013-01-07,7021422528
2013-01-08,7003278865
2013-01-09,7130281427
2013-01-10,7166568029
2013-01-11,7111231147
2013-01-14,7092180867
2013-01-15,7104881114
2013-01-16,7106695072
2013-01-17,7162031954
2013-01-18,7151146481
2013-01-22,7150239139
2013-01-23,7162031954
2013-01-24,7186525650
2013-01-25,7318970994
2013-01-28,7460487852
2013-01-29,7393358156
2013-01-30,7405150970
2013-01-31,7073130587
2013-02-01,7079480710
2013-02-04,6955199448
2013-02-05,7396079547
2013-02-06,7352536205
2013-02-07,7314434919
2013-02-08,7338021274
2013-02-11,7194689823
2013-02-12,7257284080
2013-02-13,7260005470
2013-02-14,7210112005
2013-02-15,7215554787
2013-02-19,7201947198
2013-02-20,7074944636
2013-02-21,6987857317
2013-02-22,7712678383
2013-02-25,7556647320
2013-02-26,7868710082
2013-02-27,7904089251
2013-02-28,7836959555
2013-03-01,7846031069
2013-03-04,7891389095
2013-03-05,7947633318
2013-03-06,8162630541
2013-03-07,8146301651
2013-03-08,8079171320
2013-03-11,8069192464
2013-03-12,8119086564
2013-03-13,8153558391
2013-03-14,8174423446
2013-03-15,8172608671
2013-03-18,8893801730
2013-03-19,9106076927
2013-03-20,9595036442
2013-03-21,9285695071
2013-03-22,9369153656
2013-03-25,9292952445
2013-03-26,9342845911
2013-03-27,9460777049
2013-03-28,9450798193
2013-04-01,9440153851
2013-04-02,9441973478
2013-04-03,9303709152
2013-04-04,9510195828
2013-04-05,9595700718
2013-04-08,9528388181
2013-04-09,9421961498
2013-04-10,9430147816
2013-04-11,9536574499
2013-04-12,9556586571
2013-04-15,9376479931
2013-04-16,9542942646
2013-04-17,9462894635
2013-04-18,9344642925
2013-04-19,9372841315
2013-04-22,9446521180
2013-04-23,9497461080
2013-04-24,9373751128
2013-04-25,9197282468
2013-04-26,9245492747
2013-04-29,9243673848
2013-04-30,9163625836
2013-05-01,9202739983
2013-05-02,9381027633
2013-05-03,9515653434
2013-05-06,9553857768
2013-05-07,9977746240
2013-05-08,10009583246
2013-05-09,10017769564
2013-05-10,10011402236
2013-05-13,10156033981
2013-05-14,10349785181
2013-05-15,10418007531
2013-05-16,10334321631
2013-05-17,10200605643
2013-05-20,10134203011
2013-05-21,10369797162
2013-05-22,10273376422
2013-05-23,10327954211
2013-05-24,10265189377
2013-05-28,10378893293
2013-05-29,10246997114
2013-05-30,10170587718
2013-05-31,10187870896
2013-06-03,10153305178
2013-06-04,10456211865
2013-06-05,10362519929
2013-06-06,10245177396
2013-06-07,10361610843
2013-06-10,10236081265
2013-06-11,10229713846
2013-06-12,10132383293
2013-06-13,10086901727
2013-06-14,10607211030
2013-06-17,10708180107
2013-06-18,10729101264
2013-06-19,10715457340
2013-06-20,10374345591
2013-06-21,10886467757
2013-06-24,10773673654
2013-06-25,10712727900
2013-06-26,10824612827
2013-06-27,11262145314
2013-06-28,11265783840
2013-07-01,11374316516
2013-07-02,11646064031
2013-07-03,11878724733
2013-07-05,11854527834
2013-07-08,11897337310
2013-07-09,11695388007
2013-07-10,11665607437
2013-07-11,11651647702
2013-07-12,11602323726
2013-07-15,11593948313
2013-07-16,11523219273
2013-07-17,11553930672
2013-07-18,11593017484
2013-07-19,11941077708
2013-07-22,11929910367
2013-07-23,11890822904
2013-07-24,11932702202
2013-07-25,11888961897
2013-07-26,11782868710
2013-07-29,11697249665
2013-07-30,11519496609
2013-07-31,11701902506
2013-08-01,11908505303
2013-08-02,12470613654
2013-08-05,12112315613
2013-08-06,11823817180
2013-08-07,12063923211
2013-08-08,11917811638
2013-08-09,11937355696
2013-08-12,11778215217
2013-08-13,11735405647
2013-08-14,11582780320
2013-08-15,11458074555
2013-08-16,11409680664
2013-08-19,11470172633
2013-08-20,11622797961
2013-08-21,11468311626
2013-08-22,11535317350
2013-08-23,11418986999
2013-08-26,11369663023
2013-08-27,11261708829
2013-08-28,11167713720
2013-08-29,11251471759
2013-08-30,11299864812
2013-09-03,11451560056
2013-09-04,11592086655
2013-09-05,11601393641
2013-09-06,11634896131
2013-09-09,11791244123
2013-09-10,11860112156
2013-09-11,12015529412
2013-09-12,11938285873
2013-09-13,11982026178
2013-09-16,12022043168
2013-09-17,12122552777
2013-09-18,12320780068
2013-09-19,12398953785
2013-09-20,12455722996
2013-09-23,12418497842
2013-09-24,12205379894
2013-09-25,12471543831
2013-09-26,12655812038
2013-09-27,12430596664
2013-09-30,12652480361
2013-10-01,12719142111
2013-10-02,12561407850
2013-10-03,12351097442
2013-10-04,12453436070
2013-10-07,12439353284
2013-10-08,12356730594
2013-10-09,12346402711
2013-10-10,12777352817
2013-10-11,12790497277
2013-10-14,12880631274
2013-10-15,12904103523
2013-10-16,13051508586
2013-10-17,12929454020
2013-10-18,12891897578
2013-10-21,12872181640
2013-10-22,12835565026
2013-10-23,12695669862
2013-10-24,12953864596
2013-10-25,13011136976
2013-10-28,12819602583
2013-10-29,12884386271
2013-10-30,12676892345
2013-10-31,12584880098
2013-11-01,12963254058
2013-11-04,12747309090
2013-11-05,12305091365
2013-11-06,12104168918
2013-11-07,11968030159
2013-11-08,12023424383
2013-11-11,11927657891
2013-11-12,12060980826
2013-11-13,12089146397
2013-11-14,12024364118
2013-11-15,12082574825
2013-11-18,12162379625
2013-11-19,12118253112
2013-11-20,11920146584
2013-11-21,11920146584
2013-11-22,12643092307
2013-11-25,12608352347
2013-11-26,12780169393
2013-11-27,12673136034
2013-11-29,12684403652
2013-12-02,12460947377
2013-12-03,12140785626
2013-12-04,12152051836
2013-12-05,11949251984
2013-12-06,11994318983
2013-12-09,12032813846
2013-12-10,12369874959
2013-12-11,12282558852
2013-12-12,12392408787
2013-12-13,12350157613
2013-12-16,12333258345
2013-12-17,12215897103
2013-12-18,12237491102
2013-12-19,12122946435
2013-12-20,12207447375
2013-12-23,12337013248
2013-12-24,12418697611
2013-12-26,12408369822
2013-12-27,12534180699
2013-12-30,12598024557
2013-12-31,13162099475
2014-01-02,12969614831
2014-01-03,12835838003
2014-01-06,12992713470
2014-01-07,13289140014
2014-01-08,13097617216
2014-01-09,13089917734
2014-01-10,13129377374
2014-01-13,12917644555
2014-01-14,13217920118
2014-01-15,13092804811
2014-01-16,12988864450
2014-01-17,12924380747
2014-01-21,12848349987
2014-01-22,12992713470
2014-01-23,12844500967
2014-01-24,12648165764
2014-01-27,13177498535
2014-01-28,13151512723
2014-01-29,13304539074
2014-01-30,13355547408
2014-01-31,13185198114
2014-02-03,13100504389
2014-02-04,13364208929
2014-02-05,13218883504
2014-02-06,13137076953
2014-02-07,13233319275
2014-02-10,13244867872
2014-02-11,13271815626
2014-02-12,13240056911
2014-02-13,12406598113
2014-02-14,12448944928
2014-02-18,12655865343
2014-02-19,12553848674
2014-02-20,12688587347
2014-02-21,12037989828
2014-02-24,11893626345
2014-02-25,11678042966
2014-02-26,11669381542
2014-02-27,11947521756
2014-02-28,12200638871
2014-03-03,12096697644
2014-03-04,12340190623
2014-03-05,12262234630
2014-03-06,12188127561
2014-03-07,12222774894
2014-03-10,12370987396
2014-03-11,12293994019
2014-03-12,12248760032
2014-03-13,12099584818
2014-03-14,12222774894
2014-03-17,12173691117
2014-03-18,12125569956
2014-03-19,12171766559
2014-03-20,12193901908
2014-03-21,12246835474
2014-03-24,12102471991
2014-03-25,11945597295
2014-03-26,11848392357
2014-03-27,11670344158
2014-03-28,11781023020
2014-03-31,12028242641
2014-04-01,12266464531
2014-04-02,12350428013
2014-04-03,12194217261
2014-04-04,11981379747
2014-04-07,11612331482
2014-04-08,11828097853
2014-04-09,12110253779
2014-04-10,11910108210
2014-04-11,11565467905
2014-04-14,11658218643
2014-04-15,11527391584
2014-04-16,11531296956
2014-04-17,11503960138
2014-04-21,12068272087
2014-04-22,12395338562
2014-04-23,12506639545
2014-04-24,12739979550
2014-04-25,12693115290
2014-04-28,13673339764
2014-04-29,13390206544
2014-04-30,13232043448
2014-05-01,13344319481
2014-05-02,13396065724
2014-05-05,13513223641
2014-05-06,13514199374
2014-05-07,13621594986
2014-05-08,13415591799
2014-05-09,13468312311
2014-05-12,13382397266
2014-05-13,13338461765
2014-05-14,13292574702
2014-05-15,13366775878
2014-05-16,13420473684
2014-05-19,13539583165
2014-05-20,13566921447
2014-05-21,13527867832
2014-05-22,13489791413
2014-05-23,13726060276
2014-05-27,13952566930
2014-05-28,14018955802
2014-05-29,13933040855
2014-05-30,13975021766
2014-06-02,14366524964
2014-06-03,14373359876
2014-06-04,14398743667
2014-06-05,14412412027
2014-06-06,14534451830
2014-06-09,14520783470
2014-06-10,14536404857
2014-06-11,14566670533
2014-06-12,14429009245
2014-06-13,14470015986
2014-06-16,14498328537
2014-06-17,14449512616
2014-06-18,14512972727
2014-06-19,14473920576
2014-06-20,14694568051
2014-06-23,14803916690
2014-06-24,14748265857
2014-06-25,14840039984
2014-06-26,14840039984
2014-06-27,15117314024
2014-06-30,15490201493
2014-07-01,15687764541
2014-07-02,15844251564
2014-07-03,15885329057
2014-07-07,15715149570
2014-07-08,15513673480
2014-07-09,15858921580
2014-07-10,15930319592
2014-07-11,15870659041
2014-07-14,16010518107
2014-07-15,15955748051
2014-07-16,16037903136
2014-07-17,15942055586
2014-07-18,16054529624
2014-07-21,15942055586
2014-07-22,15911736534
2014-07-23,15954770597
2014-07-24,16026167142
2014-07-25,15878483558
2014-07-28,15793393081
2014-07-29,15850119609
2014-07-30,15821757030
2014-07-31,15112677870
2014-08-01,14891639900
2014-08-04,15365012443
2014-08-05,15156689387
2014-08-06,15038345933
2014-08-07,14807528343
2014-08-08,14870122820
2014-08-11,14908266388
2014-08-12,14935652884
2014-08-13,15160600961
2014-08-14,15300461397
2014-08-15,15219283961
2014-08-18,15395331494
2014-08-19,15272097448
2014-08-20,15234932898
2014-08-21,15330780448
2014-08-22,15201678454
2014-08-25,15165491455
2014-08-26,15186030887
2014-08-27,15338604965
2014-08-28,15258404983
2014-08-29,15342516442
2014-09-02,15492156497
2014-09-03,15609522498
2014-09-04,15467705492
2014-09-05,15485310998
2014-09-08,15427606919
2014-09-09,15308285914
2014-09-10,15416848476
2014-09-11,15531278987
2014-09-12,15560620487
2014-09-15,15637884979
2014-09-16,15787525035
2014-09-17,15862834523
2014-09-18,15853053534
2014-09-19,15885329057
2014-09-22,15761117558
2014-09-23,15293614431
2014-09-24,15175272444
2014-09-25,15113655421
2014-09-26,15339582419
2014-09-29,15216349938
2014-09-30,15088753946
2014-10-01,14784727257
2014-10-02,14837558232
2014-10-03,15218339902
2014-10-06,15304065897
2014-10-07,15117662413
2014-10-08,15375836514
2014-10-09,15086761417
2014-10-10,14764789806
2014-10-13,14418895686
2014-10-14,14251431843
2014-10-15,14199597182
2014-10-16,13980298678
2014-10-17,14334167500
2014-10-20,14770770483
2014-10-21,15212359324
2014-10-22,15065827652
2014-10-23,15554265297
2014-10-24,15730701650
2014-10-27,15586164102
2014-10-28,15689831929
2014-10-29,15322009324
2014-10-30,15390788107
2014-10-31,15788516889
2014-11-03,16117465392
2014-11-04,15793501251
2014-11-05,15880223561
2014-11-06,15808452844
2014-11-07,15587160316
2014-11-10,14615267895
2014-11-11,14621248572
2014-11-12,14853506140
2014-11-13,15224320579
2014-11-14,15161522373
2014-11-17,15481498465
2014-11-18,15462558724
2014-11-19,15812440993
2014-11-20,15815431331
2014-11-21,15977910711
2014-11-24,16375639593
2014-11-25,16746454032
2014-11-26,16751438394
2014-11-28,16915911898
2014-12-01,16795298354
2014-12-02,16844141281
2014-12-03,16724524052
2014-12-04,16596932121
2014-12-05,16707578434
2014-12-08,16601916483
2014-12-09,16538120568
2014-12-10,16377633617
2014-12-11,16363678338
2014-12-12,16243063299
2014-12-15,16049681428
2014-12-16,16007815392
2014-12-17,16173286706
2014-12-18,16178271069
2014-12-19,16410528637
2014-12-22,16446413895
2014-12-23,16723527737
2014-12-24,16692626841
2014-12-26,16763399649
2014-12-29,16869061600
2014-12-30,16838160604
2014-12-31,16821789408
2015-01-02,16802606994
2015-01-05,16203920784
2015-01-06,15780902338
2015-01-07,15829362157
2015-01-08,16450260965
2015-01-09,16353339712
2015-01-12,16542134066
2015-01-13,16597660309
2015-01-14,15964648439
2015-01-15,16202911698
2015-01-16,16265505879
2015-01-20,15762730423
2015-01-21,15724365496
2015-01-22,16051473186
2015-01-23,16045414434
2015-01-26,15969695178
2015-01-27,15793016914
2015-01-28,15204427210
2015-01-29,15354855122
2015-01-30,15256924784
2015-02-02,15547687232
2015-02-03,15948494594
2015-02-04,16475500717
2015-02-05,17597155397
2015-02-06,17509320050
2015-02-09,17379083536
2015-02-10,17757679816
2015-02-11,17697103805
2015-02-12,17872773085
2015-02-13,17958588847
2015-02-17,17814216658
2015-02-18,17596144797
2015-02-19,17620375565
2015-02-20,17757679816
2015-02-23,17756670831
2015-02-24,17947483255
2015-02-25,18395741554
2015-02-26,18392711370
2015-02-27,18233197450
2015-03-02,18773327234
2015-03-03,18875296842
2015-03-04,18752126650
2015-03-05,18624917392
2015-03-06,18527997551
2015-03-09,18579486141
2015-03-10,18307906106
2015-03-11,18436124551
2015-03-12,19531530394
2015-03-13,19296295703
2015-03-16,19321535455
2015-03-17,19042887584
2015-03-18,19113560101
2015-03-19,18998465418
2015-03-20,19082261597
2015-03-23,19068127336
2015-03-24,18947985914
2015-03-25,18475498464
2015-03-26,18349299704
2015-03-27,18172621440
2015-03-30,18514872376
2015-03-31,19470611116
2015-04-01,19220561727
2015-04-02,19114693569
2015-04-06,19478677339
2015-04-07,19131833877
2015-04-08,19235685101
2015-04-09,19250808476
2015-04-10,19339536325
2015-04-13,19058230914
2015-04-14,19246776019
2015-04-15,19147966525
2015-04-16,19193338161
2015-04-17,18828346529
2015-04-20,18539982656
2015-04-21,18835403680
2015-04-22,18641816845
2015-04-23,18509734395
2015-04-24,18728527761
2015-04-27,18447222451
2015-04-28,18380676539
2015-04-29,18985635713
2015-04-30,18860610313
2015-05-01,18898924797
2015-05-04,18903966426
2015-05-05,18723486132
2015-05-06,18543007351
2015-05-07,18447222451
2015-05-08,18216328792
2015-05-11,18025766753
2015-05-12,17880576249
2015-05-13,17887634913
2015-05-14,17825121356
2015-05-15,18269766752
2015-05-18,18254643377
2015-05-19,18314130626
2015-05-20,17841254004
2015-05-21,18012658800
2015-05-22,17677915531
2015-05-26,18126593282
2015-05-27,17972328794
2015-05-28,17781766755
2015-05-29,18049965624
2015-06-01,18063072065
2015-06-02,17776725126
2015-06-03,17265535330
2015-06-04,17274609415
2015-06-05,17540791350
2015-06-08,17250410443
2015-06-09,17442989517
2015-06-10,17381485233
2015-06-11,17535749722
2015-06-12,17368377381
2015-06-15,17260493701
2015-06-16,17137485234
2015-06-17,17141517691
2015-06-18,17186890839
2015-06-19,17107236973
2015-06-22,17171765952
2015-06-23,17149583914
2015-06-24,16987253202
2015-06-25,16922724224
2015-06-26,17291749723
2015-06-29,16993302491
2015-06-30,17331424750
2015-07-01,17568244981
2015-07-02,17387088023
2015-07-06,17616824686
2015-07-07,17702848365
2015-07-08,17434654662
2015-07-09,17473111702
2015-07-10,17952825804
2015-07-13,18069211407
2015-07-14,17921452434
2015-07-15,18318177400
2015-07-16,18533745408
2015-07-17,18790806415
2015-07-20,18977024047
2015-07-21,18750324862
2015-07-22,18830276521
2015-07-23,18597503797
2015-07-24,18655191584
2015-07-27,18407238658
2015-07-28,18689601015
2015-07-29,18657216097
2015-07-30,19022567692
2015-07-31,18810035745
2015-08-03,18956783271
2015-08-04,19380834100
2015-08-05,19082278473
2015-08-06,18950711150
2015-08-07,18606613397
2015-08-10,18704782736
2015-08-11,18351575384
2015-08-12,18324249521
2015-08-13,18281743354
2015-08-14,18198755736
2015-08-17,18923385287
2015-08-18,19108591371
2015-08-19,19046855976
2015-08-20,18494275302
2015-08-21,17966994560
2015-08-24,17356726100
2015-08-25,17335472257
2015-08-26,17974079647
2015-08-27,18383960302
2015-08-28,18377888181
2015-08-31,18379912795
2015-09-01,17990271397
2015-09-02,18184585563
2015-09-03,18508444058
2015-09-04,18522612712
2015-09-08,18855577871
2015-09-09,18728059573
2015-09-10,18651142457
2015-09-11,18667335726
2015-09-14,18679481386
2015-09-15,19078229447
2015-09-16,19012446545
2015-09-17,19453702089
2015-09-18,19369701404
2015-09-21,19684450300
2015-09-22,19575148265
2015-09-23,19368689958
2015-09-24,18715913913
2015-09-25,18574226960
2015-09-28,17417449947
2015-09-29,16937735845
2015-09-30,17825295236
2015-10-01,18425384566
2015-10-02,18564256130
2015-10-05,19008241797
2015-10-06,18805508847
2015-10-07,18752797875
2015-10-08,19032568839
2015-10-09,18918025736
2015-10-12,18846054829
2015-10-13,18943367354
2015-10-14,18524723306
2015-10-15,18836932251
2015-10-16,18982900178
2015-10-19,18885587754
2015-10-20,18811590633
2015-10-21,17774611999
2015-10-22,18081752317
2015-10-23,18550064925
2015-10-26,18653459134
2015-10-27,18356454552
2015-10-28,18661568655
2015-10-29,19597180814
2015-10-30,19354914939
2015-11-02,18989995021
2015-11-03,19186646286
2015-11-04,19269767505
2015-11-05,19181577658
2015-11-06,19285985026
2015-11-09,19275849291
2015-11-10,19337682841
2015-11-11,19381269715
2015-11-12,19462363200
2015-11-13,18902819852
2015-11-16,18822740945
2015-11-17,18716305842
2015-11-18,19037637467
2015-11-19,18867342498
2015-11-20,18902819852
2015-11-23,18959584774
2015-11-24,18865314763
2015-11-25,18863286927
2015-11-27,18979859285
2015-11-30,18992022857
2015-12-01,19146100304
2015-12-02,18932216941
2015-12-03,18326044305
2015-12-04,18705155530
2015-12-07,19037637467
2015-12-08,18913970164
2015-12-09,18784221279
2015-12-10,18614939367
2015-12-11,18045260284
2015-12-14,17719873292
2015-12-15,18068574168
2015-12-16,18581488329
2015-12-17,18553105817
2015-12-18,18072628118
2015-12-21,18251034127
2015-12-22,18347331975
2015-12-23,18347331975
2015-12-24,18437548036
2015-12-28,18456807970
2015-12-29,18770029973
2015-12-30,18673732125
2015-12-31,18506882177
2016-01-04,17943892226
2016-01-05,17705354493
2016-01-06,17618429762
2016-01-07,17549699288
2016-01-08,17677053519
2016-01-11,17751849824
2016-01-12,17720516693
2016-01-13,16979634776
2016-01-14,17416279226
2016-01-15,16685505443
2016-01-19,16917978863
2016-01-20,17234343441
2016-01-21,17127203859
2016-01-22,17659870926
2016-01-25,17419311282
2016-01-26,17402128689
2016-01-27,16706730340
2016-01-28,16909892639
2016-01-29,17320258025
2016-02-01,17763978351
2016-02-02,17384946096
2016-02-03,17834730735
2016-02-04,17233333194
2016-02-05,17035224961
2016-02-08,16433827419
2016-02-09,16681461523
2016-02-10,16281204371
2016-02-11,16124537402
2016-02-12,16955376207
2016-02-16,17074644315
2016-02-17,17375849726
2016-02-18,17378881782
2016-02-19,17543634974
2016-02-22,17895376502
2016-02-23,17626515885
2016-02-24,17768020654
2016-02-25,18500816347
2016-02-26,18315850021
2016-02-29,18149074919
2016-03-01,18631204352
2016-03-02,18383570249
2016-03-03,18564494271
2016-03-04,18676687919
2016-03-07,18729247463
2016-03-08,18488687820
2016-03-09,18855591548
2016-03-10,18699934827
2016-03-11,18962731130
2016-03-14,18799999848
2016-03-15,18893999139
2016-03-16,20029075511
2016-03-17,20318150777
2016-03-18,20316128868
2016-03-21,20485934610
2016-03-22,20629462805
2016-03-23,20449548929
2016-03-24,20047268250
2016-03-28,20025031590
2016-03-29,20521311560
2016-03-30,20570838947
2016-03-31,37118125462
2016-04-01,37308824216
2016-04-04,37653547151
2016-04-05,37279485621
2016-04-06,37583868380
2016-04-07,37389504387
2016-04-08,37140130828
2016-04-11,36742233971
2016-04-12,36718395894
2016-04-13,37169469606
2016-04-14,36821078681
2016-04-15,37233644927
2016-04-18,36962268752
2016-04-19,37521525769
2016-04-20,36348002353
2016-04-21,36617545817
2016-04-22,36289327731
2016-04-25,37957927342
2016-04-26,38519019637
2016-04-27,37851576566
2016-04-28,38460342266
2016-04-29,38916916495
2016-05-02,39703541703
2016-05-03,38995761205
2016-05-04,38951753222
2016-05-05,38876576500
2016-05-06,39041601899
2016-05-09,39144284687
2016-05-10,39696208293
2016-05-11,39830062386
2016-05-12,39232300836
2016-05-13,39345984840
2016-05-16,37332662293
2016-05-17,37288654310
2016-05-18,41698529623
2016-05-19,41727868217
2016-05-20,42743696896
2016-05-23,41256624600
2016-05-24,41876391699
2016-05-25,41366643365
2016-05-26,40163781171
2016-05-27,40334310020
2016-05-31,40145446544
2016-06-01,41715031540
2016-06-02,41773708911
2016-06-03,41247455911
2016-06-06,40647858900
2016-06-07,40486501490
2016-06-08,40904568436
2016-06-09,40884398348
2016-06-10,40987081135
2016-06-13,40941240441
2016-06-14,40750544255
2016-06-15,40558012790
2016-06-16,40611186895
2016-06-17,40532342184
2016-06-20,40545176112
2016-06-21,40855059753
2016-06-22,40778047571
2016-06-23,41232786522
2016-06-24,39753050386
2016-06-27,39657701009
2016-06-28,40042763939
2016-06-29,41691193462
2016-06-30,62021631266
2016-07-01,63011740534
2016-07-05,62870686623
2016-07-06,63144661158
2016-07-07,63711600285
2016-07-08,64335506594
2016-07-11,65067916580
2016-07-12,64682723294
2016-07-13,64406033685
2016-07-14,64861758130
2016-07-15,63741439514
2016-07-18,63567831029
2016-07-19,62935787364
2016-07-20,64069669685
2016-07-21,65233387439
2016-07-22,66044465939
2016-07-25,65290354351
2016-07-26,64555229291
2016-07-27,64484702200
2016-07-28,64506403803
2016-07-29,63711600285
2016-08-01,64018129124
2016-08-02,63961161940
2016-08-03,64319231612
2016-08-04,64286681106
2016-08-05,63689898681
2016-08-08,64240566895
2016-08-09,69378289765
2016-08-10,68919858112
2016-08-11,70002196075
2016-08-12,70154102686
2016-08-15,70666794314
2016-08-16,69752638488
2016-08-17,69831298865
2016-08-18,69126016833
2016-08-19,68529238477
2016-08-22,68534660758
2016-08-23,68423445806
2016-08-24,68287814176
2016-08-25,68377331594
2016-08-26,68068087682
2016-08-29,68442432335
2016-08-30,69451531930
2016-08-31,69771620406
2016-09-01,72920991183
2016-09-02,73726643604
2016-09-06,74507882875
2016-09-07,75291829625
2016-09-08,72877588247
2016-09-09,71646050610
2016-09-12,73053907738
2016-09-13,71876626008
2016-09-14,72343199085
2016-09-15,72229264990
2016-09-16,72139751640
2016-09-19,71323246790
2016-09-20,71765407258
2016-09-21,74399371062
2016-09-22,75066684646
2016-09-23,74890357018
2016-09-26,74277307478
2016-09-27,74705899901
2016-09-28,75023281440
2016-09-29,73737488167
2016-09-30,72509722097
2016-10-03,72023585197
2016-10-04,71822146921
2016-10-05,71733509513
2016-10-06,72026273458
2016-10-07,71703968993
2016-10-10,71940324580
2016-10-11,69257161103
2016-10-12,68996642324
2016-10-13,68865030343
2016-10-14,69184646278
2016-10-17,69165843492
2016-10-18,69818509684
2016-10-19,69885655776
2016-10-20,69326995725
2016-10-21,68505128364
2016-10-24,69724503544
2016-10-25,69042297100
2016-10-26,66780816990
2016-10-27,65561445840
2016-10-28,66944653724
2016-10-31,67116547450
2016-11-01,67030602601
2016-11-02,67927673585
2016-11-03,66453143793
2016-11-04,67207865330
2016-11-07,69069157149
2016-11-08,70438939037
2016-11-09,72472116525
2016-11-10,72751446417
2016-11-11,73173125755
2016-11-14,70675294624
2016-11-15,69885655776
2016-11-16,70366415886
2016-11-17,71303780971
2016-11-18,70557116696
2016-11-21,70933133200
2016-11-22,73328901196
2016-11-23,73138208712
2016-11-25,73994993384
2016-11-28,72738020421
2016-11-29,75335226694
2016-11-30,73943961816
2016-12-01,73202666275
2016-12-02,71623396906
2016-12-05,72767560942
2016-12-06,74215234445
2016-12-07,76345106604
2016-12-08,74935038672
2016-12-09,74884007104
2016-12-12,74644971046
2016-12-13,76240354671
2016-12-14,77422132605
2016-12-15,78201025661
2016-12-16,77470475643
2016-12-19,77596710833
2016-12-20,77991530122
2016-12-21,78222508650
2016-12-22,78163419820
2016-12-23,78004956118
2016-12-27,78372915359
2016-12-28,78190279869
2016-12-29,78477667023
2016-12-30,77330814726
2017-01-03,76873503595
2017-01-04,78428351168
2017-01-05,79671160147
2017-01-06,80206477312
2017-01-09,79695369774
2017-01-10,80217239657
2017-01-11,80577705305
2017-01-12,79945542102
2017-01-13,80279105654
2017-01-17,82353138711
2017-01-18,81694073412
2017-01-19,82350445973
2017-01-20,82971846293
2017-01-23,83041790235
2017-01-24,82947636935
2017-01-25,83474884225
2017-01-26,89618953169
2017-01-27,87036505312
2017-01-30,87372761333
2017-01-31,87144113695
2017-02-01,87924226050
2017-02-02,87267853758
2017-02-03,88424570975
2017-02-06,86780955578
2017-02-07,86988086328
2017-02-08,87622942000
2017-02-09,87445397745
2017-02-10,87308202867
2017-02-13,86893933028
2017-02-14,86619551074
2017-02-15,87474984509
2017-02-16,87281300502
2017-02-17,87843519763
2017-02-21,87466914633
2017-02-22,87464230234
2017-02-23,87273230896
2017-02-24,87897323954
2017-02-27,87891946817
2017-02-28,86904695642
2017-03-01,87472299840
2017-03-02,87144113695
2017-03-03,86705634498
2017-03-06,87095686641
2017-03-07,86953114357
2017-03-08,86780955578
2017-03-09,86926220600
2017-03-10,87017681162
2017-03-13,87249021269
2017-03-14,87329727825
2017-03-15,87528788700
2017-03-16,87082239628
2017-03-17,87644458888
2017-03-20,87423872786
2017-03-21,86259085695
2017-03-22,86404350448
2017-03-23,87055337532
2017-03-24,87520718824
2017-03-27,86926220600
2017-03-28,87179077596
2017-03-29,87679430590
2017-03-30,88265859209
2017-03-31,86236027232
2017-04-03,86486310355
2017-04-04,87342558316
2017-04-05,87466385208
2017-04-06,88733631663
2017-04-07,87113348641
2017-04-10,87303040760
2017-04-11,87548057563
2017-04-12,88146118837
2017-04-13,86942100630
2017-04-17,87036942606
2017-04-18,86462599927
2017-04-19,87893190566
2017-04-20,88414846068
2017-04-21,89176252053
2017-04-24,89671551716
2017-04-25,90762283839
2017-04-26,90999397078
2017-04-27,91895162595
2017-04-28,90936169094
2017-05-01,90667441863
2017-05-02,88968115562
2017-05-03,85490428375
2017-05-04,84992491469
2017-05-05,88201443521
2017-05-08,85311277063
2017-05-09,85761792850
2017-05-10,85777599978
2017-05-11,85522042367
2017-05-12,84834413342
2017-05-15,84589396538
2017-05-16,84310128763
2017-05-17,82492241891
2017-05-18,83222033883
2017-05-19,83195686212
2017-05-22,83364304883
2017-05-23,83988706188
2017-05-24,86689180526
2017-05-25,87932716289
2017-05-26,88902250334
2017-05-30,89292175381
2017-05-31,91038914634
2017-06-01,91260228913
2017-06-02,93009605146
2017-06-05,90743839731
2017-06-06,90322300693
2017-06-07,91125861213
2017-06-08,88904887578
2017-06-09,87690328563
2017-06-12,89221035929
2017-06-13,90053573461
2017-06-14,89136726593
2017-06-15,89139363573
2017-06-16,89634671403
2017-06-19,89645212211
2017-06-20,87893190566
2017-06-21,87964330281
2017-06-22,88030195509
2017-06-23,87152866197
2017-06-26,87640270463
2017-06-27,86907849394
2017-06-28,89655744851
2017-06-29,88454363624
2017-06-30,85534235237
2017-07-03,83457140290
2017-07-05,85092402484
2017-07-06,84348407767
2017-07-07,84411888718
2017-07-10,85470754286
2017-07-11,85788159042
2017-07-12,87006990259
2017-07-13,86090329132
2017-07-14,87045077306
2017-07-17,86920657181
2017-07-18,87509762186
2017-07-19,88012526242
2017-07-20,87679886819
2017-07-21,88891108193
2017-07-24,88385794743
2017-07-25,88365484140
2017-07-26,88561002676
2017-07-27,93164642530
2017-07-28,94017830578
2017-07-31,99530514099
2017-08-01,98375163834
2017-08-02,97897786065
2017-08-03,97582915214
2017-08-04,97666714386
2017-08-07,96750045387
2017-08-08,98966802998
2017-08-09,101798051900
2017-08-10,101234340799
2017-08-11,100170399295
2017-08-14,101843756408
2017-08-15,100993117755
2017-08-16,101767582313
2017-08-17,99883464125
2017-08-18,99784437904
2017-08-21,100668095539
2017-08-22,100820443728
2017-08-23,99114075504
2017-08-24,98834765413
2017-08-25,98723038431
2017-08-28,98834765413
2017-08-29,98730655637
2017-08-30,99886005903
2017-08-31,101198795530
2017-09-01,99660017779
2017-09-05,99873312760
2017-09-06,102204331512
2017-09-07,100462418019
2017-09-08,99766661460
2017-09-11,96747511482
2017-09-12,96889708051
2017-09-13,97793676289
2017-09-14,95475350680
2017-09-15,93817228487
2017-09-18,93487130587
2017-09-19,92433340702
2017-09-20,93192578212
2017-09-21,91686804208
2017-09-22,91488743894
2017-09-25,90798070890
2017-09-26,91168805232
2017-09-27,92136254167
2017-09-28,91653800461
2017-09-29,92280992514
2017-10-02,87689931591
2017-10-03,88990439246
2017-10-04,89370953019
2017-10-05,89041012142
2017-10-06,88482276421
2017-10-09,88157149567
2017-10-10,87885013579
2017-10-11,87933175972
2017-10-12,85666930494
2017-10-13,86073940061
2017-10-16,87326277858
2017-10-17,86179907342
2017-10-18,84790299912
2017-10-19,84693967902
2017-10-20,84474808571
2017-10-23,83104464460
2017-10-24,81946055393
2017-10-25,83065930356
2017-10-26,76173272897
2017-10-27,77008965855
2017-10-30,78025284040
2017-10-31,80479379272
2017-11-01,81454752608
2017-11-02,81319886495
2017-11-03,80782824837
2017-11-06,83906437337
2017-11-07,82608347892
2017-11-08,81377684159
2017-11-09,82172439493
2017-11-10,81507736249
2017-11-13,82779337606
2017-11-14,81115176459
2017-11-15,80491418064
2017-11-16,82035162634
2017-11-17,82254322206
2017-11-20,81490876209
2017-11-21,81502922225
2017-11-22,80503456856
2017-11-24,79229452220
2017-11-27,77509896446
2017-11-28,78485277248
2017-11-29,79877295182
2017-11-30,78562338232
2017-12-01,80985124128
2017-12-04,80438434424
2017-12-05,79703894724
2017-12-06,77702567931
2017-12-07,78323915340
2017-12-08,78150514882
2017-12-11,79833939589
2017-12-12,79472689135
2017-12-13,79234266244
2017-12-14,79157197794
2017-12-15,77623088737
2017-12-18,77844658813
2017-12-19,76337037843
2017-12-20,76194946961
2017-12-21,80183151251
2017-12-22,81449938585
2017-12-26,81979768249
2017-12-27,80257809197
2017-12-28,81408993736
2017-12-29,80910466183
2018-01-02,82971908323
2018-01-03,83937222766
2018-01-04,83166875307
2018-01-05,83426035258
2018-01-08,84774143429
2018-01-09,84348554151
2018-01-10,83414142863
2018-01-11,84469807929
2018-01-12,84167852430
2018-01-16,83913445110
2018-01-17,85080858691
2018-01-18,86842678248
2018-01-19,87032885231
2018-01-22,88031489723
2018-01-23,87793727428
2018-01-24,89441418468
2018-01-25,89194150912
2018-01-26,89636385215
2018-01-29,89041979477
2018-01-30,89534149092
2018-01-31,89695825788
2018-02-01,88252606993
2018-02-02,92132889312
2018-02-05,88583099912
2018-02-06,87912608576
2018-02-07,86438479494
2018-02-08,82895822725
2018-02-09,83081277077
2018-02-12,85090371323
2018-02-13,84567291421
2018-02-14,85342398642
2018-02-15,86467016913
2018-02-16,86940161740
2018-02-20,85301975961
2018-02-21,85825055863
2018-02-22,84821698741
2018-02-23,86797502937
2018-02-26,85123654240
2018-02-27,83506873487
2018-02-28,81298059865
2018-03-01,80698901496
2018-03-02,79115403661
2018-03-05,82408412873
2018-03-06,80354143078
2018-03-07,80522959538
2018-03-08,81122117906
2018-03-09,82643795168
2018-03-12,85408971847
2018-03-13,83219183250
2018-03-14,81067429963
2018-03-15,80732184414
2018-03-16,81355127571
2018-03-19,79172464234
2018-03-20,77893301898
2018-03-21,77384494391
2018-03-22,76790088653
2018-03-23,74274566901
2018-03-26,74224631588
2018-03-27,73758619392
2018-03-28,72817082844
2018-03-29,73996381687
2018-04-02,71179045174
2018-04-03,71764649597
2018-04-04,73010817448
2018-04-05,74259323031
2018-04-06,72771893420
2018-04-09,74139864648
2018-04-10,72202680534
2018-04-11,71052552745
2018-04-12,71757622578
2018-04-13,71656900491
2018-04-16,73280194076
2018-04-17,72727387015
2018-04-18,74362389878
2018-04-19,73914987397
2018-04-20,72835136121
2018-04-23,72607921371
2018-04-24,70572359930
2018-04-25,70354516724
2018-04-26,69839182021
2018-04-27,61682881985
2018-04-30,63547451620
2018-05-01,65447148853
2018-05-02,64364953051
2018-05-03,63563842922
2018-05-04,64667126807
2018-05-07,65142637364
2018-05-08,63481864159
2018-05-09,63275730231
2018-05-10,63908178791
2018-05-11,63903496532
2018-05-14,63910523316
2018-05-15,63317892109
2018-05-16,63791057906
2018-05-17,62816618237
2018-05-18,63285101775
2018-05-21,62437140716
2018-05-22,62697152827
2018-05-23,64203325528
2018-05-24,62877516412
2018-05-25,63292128794
2018-05-29,62392634077
2018-05-30,62528498285
2018-05-31,61146473487
2018-06-01,61340890876
2018-06-04,62772111833
2018-06-05,62296601276
2018-06-06,64437567297
2018-06-07,65163718186
2018-06-08,64945875215
2018-06-11,66304474664
2018-06-12,68159672520
2018-06-13,66763586423
2018-06-14,69244205820
2018-06-15,69616656557
2018-06-18,69159882297
2018-06-19,68630493556
2018-06-20,68009754274
2018-06-21,68365799186
2018-06-22,70108558650
2018-06-25,69225469758
2018-06-26,70108558650
2018-06-27,69344935402
2018-06-28,69113031132
2018-06-29,68682026980
2018-07-02,67762313107
2018-07-03,69053420435
2018-07-05,68285669588
2018-07-06,70187745310
2018-07-09,71061549213
2018-07-10,70482854779
2018-07-11,69482248594
2018-07-12,70323771621
2018-07-13,70282273401
2018-07-16,70132414273
2018-07-17,69634415574
2018-07-18,69074169430
2018-07-19,67123679309
2018-07-20,66593399273
2018-07-23,66358236083
2018-07-24,65090185602
2018-07-25,63321828570
2018-07-26,66148430676
2018-07-27,66005487956
2018-07-30,67760005255
2018-07-31,70222327121
2018-08-01,69496081411
2018-08-02,67829175795
2018-08-03,70010220778
2018-08-06,69166389900
2018-08-07,68481642409
2018-08-08,68751394327
2018-08-09,70358360349
2018-08-10,69731251517
2018-08-13,69641331982
2018-08-14,70978545857
2018-08-15,68186532709
2018-08-16,69627499166
2018-08-17,69083393690
2018-08-20,68013616735
2018-08-21,70337604438
2018-08-22,69230944966
2018-08-23,67642427234
2018-08-24,69320864501
2018-08-27,70166996085
2018-08-28,70326079473
2018-08-29,71275963408
2018-08-30,71255214413
2018-08-31,71564156699
2018-09-04,72161292277
2018-09-05,70736466489
2018-09-06,70362968906
2018-09-07,70362968906
2018-09-10,71534183444
2018-09-11,72126710465
2018-09-12,72048322812
2018-09-13,73595342324
2018-09-14,73346346549
2018-09-17,73655288835
2018-09-18,75804059859
2018-09-19,76034614492
2018-09-20,76080721038
2018-09-21,76680164467
2018-09-24,75400589251
2018-09-25,74554450520
2018-09-26,74162511794
2018-09-27,74946396163
2018-09-28,75133144954
2018-10-01,73002847697
2018-10-02,74205983630
2018-10-03,73842772723
2018-10-04,73704295451
2018-10-05,71742967537
2018-10-08,72696388281
2018-10-09,73241208275
2018-10-10,70401361370
2018-10-11,68537644205
2018-10-12,70085819672
2018-10-15,71254906072
2018-10-16,72877997367
2018-10-17,72603315154
2018-10-18,72210599146
2018-10-19,72946096206
2018-10-22,72553373388
2018-10-23,72162929936
2018-10-24,69475173170
2018-10-25,71463747702
2018-10-26,66969032299
2018-10-29,68294746233
2018-10-30,71783826795
2018-10-31,72725900192
2018-11-01,73681593493
2018-11-02,72158385277
2018-11-05,73402380468
2018-11-06,72794006068
2018-11-07,74539675590
2018-11-08,73697485499
2018-11-09,72893882337
2018-11-12,73402380468
2018-11-13,73677055870
2018-11-14,72823511168
2018-11-15,72296862548
2018-11-16,74580542112
2018-11-19,73459131959
2018-11-20,69239091959
2018-11-21,69359404894
2018-11-23,70242454470
2018-11-26,71105081227
2018-11-27,72106178445
2018-11-28,74612319315
2018-11-29,74986877797
2018-11-30,74730366731
2018-12-03,74162851816
2018-12-04,73059599189
2018-12-06,74181009342
2018-12-07,71665786190
2018-12-10,71652166513
2018-12-11,70948446656
2018-12-12,71910949682
2018-12-13,70707820786
2018-12-14,70240188950
2018-12-17,70208404937
2018-12-18,69447933589
2018-12-19,67556976843
2018-12-20,65933885548
2018-12-21,64453802337
2018-12-24,62090669323
2018-12-26,64855607210
2018-12-27,64635411196
2018-12-28,64714857836
2018-12-31,64012846090
2019-01-02,64691226588
2019-01-03,64581160075
2019-01-04,68004520887
2019-01-07,67719243103
2019-01-08,67548521964
2019-01-09,66858912881
2019-01-10,65742500725
2019-01-11,66162558155
2019-01-14,65493157921
2019-01-15,66041255868
2019-01-16,65998575695
2019-01-17,66133355116
2019-01-18,65457216203
2019-01-22,64012846090
2019-01-23,63914008388
2019-01-24,64599127564
2019-01-25,65459464750
2019-01-28,65335913915
2019-01-29,65093316528
2019-01-30,65122519567
2019-01-31,74363799192
2019-02-01,76587642791
2019-02-04,75700351114
2019-02-05,76531485260
2019-02-06,77162695454
2019-02-07,77387325576
2019-02-08,77308703686
2019-02-11,75884549386
2019-02-12,76464092181
2019-02-13,76035047749
2019-02-14,76733651022
2019-02-15,78409389936
2019-02-19,78267871836
2019-02-20,78566633717
2019-02-21,78517214865
2019-02-22,78638510189
2019-02-25,78373448218
2019-02-26,77793905423
2019-02-27,77504130769
2019-02-28,77477176277
2019-03-01,77852304762
2019-03-04,77744486571
2019-03-05,77216604437
2019-03-06,76500033899
2019-03-07,76380980159
2019-03-08,75821653401
2019-03-11,76616839091
2019-03-12,76938065332
2019-03-13,78200485495
2019-03-14,79229288308
2019-03-15,79950355942
2019-03-18,80271575444
2019-03-19,80967930170
2019-03-20,81414941866
2019-03-21,82275272314
2019-03-22,81042055190
2019-03-25,80157011835
2019-03-26,79975062111
2019-03-27,79858256918
2019-03-28,79265230026
2019-03-29,77926436521
2019-04-01,76996653326
2019-04-02,77087835048
2019-04-03,76807618559
2019-04-04,76885457189
2019-04-05,78157541219
2019-04-08,78758003250
2019-04-09,78851404224
2019-04-10,78804703626
2019-04-11,79004855338
2019-04-12,79182766488
2019-04-15,79469654301
2019-04-16,79627551036
2019-04-17,80437062027
2019-04-18,79921110395
2019-04-22,79627551036
2019-04-23,79756542336
2019-04-24,80172414777
2019-04-25,81564592636
2019-04-26,82318498886
2019-04-29,82500862108
2019-04-30,82549788630
2019-05-01,82516431346
2019-05-02,82376323101
2019-05-03,83993112487
2019-05-06,83681764638
2019-05-07,83339278534
2019-05-08,82801093012
2019-05-09,83248097035
2019-05-10,84039819757
2019-05-13,82038289291
2019-05-14,82985675708
2019-05-15,83884142274
2019-05-16,84996103644
2019-05-17,85934599485
2019-05-20,83906383058
2019-05-21,84333372222
2019-05-22,84082068062
2019-05-23,83510525033
2019-05-24,83397102750
2019-05-28,83841887298
2019-05-29,83479386779
2019-05-30,84335598368
2019-05-31,83797406174
2019-06-03,83986440941
2019-06-04,86214815752
2019-06-05,85612127797
2019-06-06,86134751198
2019-06-07,87631453648
2019-06-10,87936129951
2019-06-11,87097713525
2019-06-12,86990962787
2019-06-13,86670717245
2019-06-14,87195559898
2019-06-17,87638124971
2019-06-18,87891648606
2019-06-19,88456526983
2019-06-20,88683364656
2019-06-21,87776007069
2019-06-24,87275624453
2019-06-25,86935364718
2019-06-26,86341574233
2019-06-27,87046560855
2019-06-28,87884977282
2019-07-01,86905874793
2019-07-02,87113451667
2019-07-03,87399685200
2019-07-05,87766762348
2019-07-08,87268584361
2019-07-09,87666254458
2019-07-10,88975062559
2019-07-11,89639302133
2019-07-12,90526408501
2019-07-15,90596329778
2019-07-16,90642212646
2019-07-17,90581033304
2019-07-18,90812641814
2019-07-19,89538794461
2019-07-22,89117085736
2019-07-23,89044984055
2019-07-24,89512575430
2019-07-25,88601430871
2019-07-26,87135303118
2019-07-29,86012213886
2019-07-30,86211049044
2019-07-31,84205227798
2019-08-01,83986728585
2019-08-02,84047908146
2019-08-05,82972888959
2019-08-06,83464512188
2019-08-07,81943759632
2019-08-08,83036255697
2019-08-09,82935747807
2019-08-12,82216883649
2019-08-13,82892045343
2019-08-14,81976533203
2019-08-15,83235090637
2019-08-16,84015134575
2019-08-19,84869467153
2019-08-20,85553364228
2019-08-21,85680097486
2019-08-22,85441934218
2019-08-23,84233633788
2019-08-26,86696117515
2019-08-27,87069749203
2019-08-28,87508934806
2019-08-29,88981617317
2019-08-30,89495091778
2019-09-03,89980160468
2019-09-04,91653865095
2019-09-05,92217590224
2019-09-06,93019485176
2019-09-09,91721599414
2019-09-10,92062457531
2019-09-11,92862165525
2019-09-12,92862165525
2019-09-13,92975782712
2019-09-16,92479791902
2019-09-17,92894939095
2019-09-18,92953938034
2019-09-19,93390936460
2019-09-20,91846145495
2019-09-23,92099605456
2019-09-24,91229976185
2019-09-25,91039882962
2019-09-26,89803176543
2019-09-27,88756563346
2019-09-30,87636522369
2019-10-01,86250059279
2019-10-02,87345195574
2019-10-03,88604074924
2019-10-04,90953833568
2019-10-07,91447178796
2019-10-08,91028261669
2019-10-09,91285564135
2019-10-10,90785839890
2019-10-11,89984158998
2019-10-14,89941626619
2019-10-15,92059606094
2019-10-16,93161121619
2019-10-17,93975560970
2019-10-18,93575781531
2019-10-21,93173880078
2019-10-22,92976118859
2019-10-23,92620993815
2019-10-24,92516798173
2019-10-25,98283812822
2019-10-28,99325787099
2019-10-29,98683592261
2019-10-30,99685162979
2019-10-31,99489523776
2019-11-01,101322555685
2019-11-04,100688862092
2019-11-05,100635700074
2019-11-06,99738324997
2019-11-07,99612863272
2019-11-08,99891431822
2019-11-11,100688862092
2019-11-12,100810072981
2019-11-13,102105099102
2019-11-14,102064695330
2019-11-15,101135424319
2019-11-18,100810072981
2019-11-19,101852047258
2019-11-20,101875435569
2019-11-21,100933406098
2019-11-22,99625621732
2019-11-25,99106760011
2019-11-26,99372570101
2019-11-27,100748403339
2019-11-29,99946722447
2019-12-02,100014764939
2019-12-03,99914819920
2019-12-04,98254039115
2019-12-05,99364062264
2019-12-06,99487401761
2019-12-09,99659646274
2019-12-10,98181739409
2019-12-11,99066356239
2019-12-12,99859535887
2019-12-13,101065246840
2019-12-16,99993505235
2019-12-17,100184887224
2019-12-18,99204576210
2019-12-19,101150311172
2019-12-20,101267265060
2019-12-23,102224181384
2019-12-24,102253948712
2019-12-26,103289550351
2019-12-27,102855746370
2019-12-30,102726027857
2019-12-31,100814806727
2020-01-02,101926705456
2020-01-03,102766345591
2020-01-06,103385685166
2020-01-07,103741075035
2020-01-08,104075680318
2020-01-09,105428664192
2020-01-10,104961043756
2020-01-13,106025138998
2020-01-14,105914988614
2020-01-15,107116259584
2020-01-16,105740411150
2020-01-17,104483034248
2020-01-21,104661766053
2020-01-22,106097881202
2020-01-23,106646558965
2020-01-24,104886227396
2020-01-27,104763601522
2020-01-28,103778483007
2020-01-29,101991132537
2020-01-30,102456679025
2020-01-31,107544391657
2020-02-03,110576643331
2020-02-04,110514296433
2020-02-05,108525349390
2020-02-06,109435651545
2020-02-07,109155084271
2020-02-10,110221259905
2020-02-11,110345953492
2020-02-12,110981916870
2020-02-13,111133629566
2020-02-14,111166889848
2020-02-18,111730104580
2020-02-19,112740174282
2020-02-20,112066790254
2020-02-21,111260416430
2020-02-24,109880413447
2020-02-25,107654535598
2020-02-26,107675326418
2020-02-27,105692607663
2020-02-28,102496167388
2020-03-02,103319177693
2020-03-03,102882730706
2020-03-04,108662525117
2020-03-05,104983908525
2020-03-06,103233966027
2020-03-09,96269536918
2020-03-10,99085655050
2020-03-11,93659176351
2020-03-12,88856198010
2020-03-13,94394900833
2020-03-16,80869235971
2020-03-17,81681857204
2020-03-18,79291797197
2020-03-19,81690172327
2020-03-20,77250898562
2020-03-23,79345835415
2020-03-24,87164448070
2020-03-25,87449175918
2020-03-26,94390746493
2020-03-27,91383427302
2020-03-30,93686195460
2020-03-31,89782753562
2020-04-01,87255806829
2020-04-02,89648999462
2020-04-03,89266250135
2020-04-06,94565019163
2020-04-07,92959957616
2020-04-08,95466325370
2020-04-09,96023986754
2020-04-13,96653665097
2020-04-14,100742461762
2020-04-15,102131459468
2020-04-16,102137632585
2020-04-17,102769370761
2020-04-20,102615037682
2020-04-21,100991450815
2020-04-22,102082068767
2020-04-23,102707633825
2020-04-24,104648113625
2020-04-27,104625480988
2020-04-28,102304311899
2020-04-29,101791927930
2020-04-30,101907162884
2020-05-01,104872416588
2020-05-04,106125593984
2020-05-05,105654368178
2020-05-06,103703595802
2020-05-07,105821047491
2020-05-08,106033004220
2020-05-11,105098766626
2020-05-12,103285868014
2020-05-13,102538894886
2020-05-14,102361929170
2020-05-15,103586307601
2020-05-18,106549495094
2020-05-19,107094810244
2020-05-20,105522667737
2020-05-21,106378708875
2020-05-22,105543252888
2020-05-26,104915627998
2020-05-27,108055787381
2020-05-28,110023019277
2020-05-29,111942926272
2020-06-01,111387324720
2020-06-02,112193968778
2020-06-03,112621989348
2020-06-04,111125995810
2020-06-05,109210195927
2020-06-08,111193893311
2020-06-09,109385114158
2020-06-10,109846053767
2020-06-11,106421914112
2020-06-12,107533117216
2020-06-15,108243052052
2020-06-16,109566199332
2020-06-17,109932476587
2020-06-18,110113561761
2020-06-19,110434574153
2020-06-22,108582577211
2020-06-23,107218271768
2020-06-24,104532878671
2020-06-25,104950606665
2020-06-26,103355831520
2020-06-29,104785987184
2020-06-30,103449630905
2020-07-01,105857174182
2020-07-02,105001252226
2020-07-06,106745555275
2020-07-07,107096453642
2020-07-08,107155268865
2020-07-09,107536583501
2020-07-10,109104428507
2020-07-13,108264736119
2020-07-14,110124651694
2020-07-15,111962259397
2020-07-16,113183278793
2020-07-17,114528007143
2020-07-20,114700417174
2020-07-21,114532067729
2020-07-22,114621311796
2020-07-23,113668024802
2020-07-24,113931696821
2020-07-27,113564581258
2020-07-28,113868821011
2020-07-29,114884983814
2020-07-30,114280564692
2020-07-31,117639371160
2020-08-03,119606790663
2020-08-04,121697931493
2020-08-05,121342985114
2020-08-06,122129952956
2020-08-07,122075185744
2020-08-10,122170520690
2020-08-11,119764988844
2020-08-12,121440337779
2020-08-13,122551823156
2020-08-14,122708003416
2020-08-17,122703943032
2020-08-18,123864116912
2020-08-19,124060852737
2020-08-20,124239341072
2020-08-21,124527363630
2020-08-24,124237323152
2020-08-25,123673459594
2020-08-26,124649054663
2020-08-27,124594287451
2020-08-28,124868110733
2020-08-31,124862019853
2020-09-01,125192628066
2020-09-02,126249358603
2020-09-03,123338790998
2020-09-04,122511267794
2020-09-08,120986008443
2020-09-09,124389443028
2020-09-10,122519376392
2020-09-11,122004201539
2020-09-14,123663320703
2020-09-15,126269636386
2020-09-16,127794895534
2020-09-17,125815307049
2020-09-18,126817270375
2020-09-21,124604438714
2020-09-22,128399314657
2020-09-23,125012109639
2020-09-24,124018267081
2020-09-25,124582118266
2020-09-28,127421689294
2020-09-29,127070803503
2020-09-30,122936616394
2020-10-01,125057291247
2020-10-02,122127321379
2020-10-05,124834785905
2020-10-06,122257286568
2020-10-07,122816494167
2020-10-08,123869951287
2020-10-09,125161657605
2020-10-12,128327905638
2020-10-13,127979389187
2020-10-14,125748435070
2020-10-15,125407790744
2020-10-16,124822972105
2020-10-19,121621270267
2020-10-20,119770356349
2020-10-21,119193421651
2020-10-22,118126179697
2020-10-23,116820700556
2020-10-26,114625188232
2020-10-27,114924489870
2020-10-28,112744733415
2020-10-29,113418150336
2020-10-30,118896090850
2020-11-02,115865696889
2020-11-03,116566683477
2020-11-04,124931268323
2020-11-05,127469396007
2020-11-06,126904275305
2020-11-09,120743074908
2020-11-10,123436754600
2020-11-11,125413691638
2020-11-12,125618482089
2020-11-13,127435925247
2020-11-16,126297799904
2020-11-17,126317497840
2020-11-18,126500619320
2020-11-19,128095557333
2020-11-20,129054491058
2020-11-23,127012571523
2020-11-24,128075871408
2020-11-25,128264905991
2020-11-27,126571502907
2020-11-30,128381074137
2020-12-01,130401336909
2020-12-02,131370113596
2020-12-03,132012030791
2020-12-04,132073071219
2020-12-07,134046078397
2020-12-08,130621871217
2020-12-09,126823548952
2020-12-10,129572356166
2020-12-11,128335789578
2020-12-14,127924249653
2020-12-15,127256745639
2020-12-16,126498648483
2020-12-17,128772916125
2020-12-18,128383045172
2020-12-21,128912724080
2020-12-22,126236759476
2020-12-23,127485151875
2020-12-24,129267153437
2020-12-28,128363359246
2020-12-29,130938887746
2020-12-30,128676433904
2020-12-31,126623662539
2021-01-04,123844476655
2021-01-05,121846213010
2021-01-06,119534043070
2021-01-07,120540832796
2021-01-08,121423204795
2021-01-11,122715185352
2021-01-12,118955997571
2021-01-13,118289913645
2021-01-14,119262251896
2021-01-15,120376215907
2021-01-19,121210748641
2021-01-20,123038659385
2021-01-21,124495245156
2021-01-22,123779393948
2021-01-25,124828287119
2021-01-26,124324892256
2021-01-27,117863085186
2021-01-28,125302978194
2021-01-29,116289734041
2021-02-01,114655143591
2021-02-02,118039174097
2021-02-03,116615124034
2021-02-04,118630607578
2021-02-05,118221010695
2021-02-08,117815234055
2021-02-09,118577020435
2021-02-10,117068751806
2021-02-11,118418151424
2021-02-12,117417109385
2021-02-16,118377952262
2021-02-17,119459392434
2021-02-18,117985575279
2021-02-19,116238050990
2021-02-22,114172800355
2021-02-23,115372910567
2021-02-24,116471570638
2021-02-25,115139390919
2021-02-26,117411361698
2021-03-01,118609555951
2021-03-02,117918588288
2021-03-03,115037952645
2021-03-04,116305049657
2021-03-05,119442172534
2021-03-08,117212305201
2021-03-09,117669764891
2021-03-10,120406847139
2021-03-11,119480444061
2021-03-12,119465140120
2021-03-15,119627829375
2021-03-16,122431910289
2021-03-17,122854906829
2021-03-18,120468098119
2021-03-19,120535084918
2021-03-22,122043353548
2021-03-23,123542054249
2021-03-24,124711533229
2021-03-25,122075889064
2021-03-26,120919809932
2021-03-29,121863432910
2021-03-30,121099730570
2021-03-31,114714205633
2021-04-01,113145069773
2021-04-05,112572443777
2021-04-06,114039327790
2021-04-07,113712112882
2021-04-08,114368392196
2021-04-09,114197352172
2021-04-12,115138089315
2021-04-13,115508061301
2021-04-14,114729070773
2021-04-15,118242897180
2021-04-16,119799017397
2021-04-19,119808310991
2021-04-20,121303086942
2021-04-21,121384890576
2021-04-22,122273565706
2021-04-23,122247534607
2021-04-26,121323534969
2021-04-27,121500158065
2021-04-28,121351415752
2021-04-29,124558475463
2021-04-30,125205472523
2021-05-03,125923107629
2021-05-04,125095776765
2021-05-05,125261245243
2021-05-06,125640510823
2021-05-07,128921941599
2021-05-10,129159908962
2021-05-11,127369543430
2021-05-12,126791334361
2021-05-13,127408578645
2021-05-14,132075089613
2021-05-17,127696746997
2021-05-18,127559170456
2021-05-19,126358157085
2021-05-20,129158059278
2021-05-21,128750901760
2021-05-24,130723473090
2021-05-25,129306790251
2021-05-26,128933096217
2021-05-27,128737886118
2021-05-28,129124595609
2021-06-01,128076023918
2021-06-02,126878721068
2021-06-03,125612630226
2021-06-04,126915906600
2021-06-07,126527336270
2021-06-08,126034652884
2021-06-09,125766932745
2021-06-10,126964235409
2021-06-11,127676298784
2021-06-14,128395794729
2021-06-15,127878952794
2021-06-16,126808071866
2021-06-17,128477598549
2021-06-18,127464351366
2021-06-21,129176646467
2021-06-22,131441108010
2021-06-23,130009548691
2021-06-24,132287025877
2021-06-25,134099711801
2021-06-28,134112727258
2021-06-29,133387659767
2021-06-30,131249923294
2021-07-01,131313592740
2021-07-02,133154674652
2021-07-06,132721691814
2021-07-07,135055794966
2021-07-08,135261371330
2021-07-09,133982432038
2021-07-12,130949742380
2021-07-13,129294227609
2021-07-14,127596862586
2021-07-15,128244515863
2021-07-16,129165056728
2021-07-19,129434302538
2021-07-20,130760544196
2021-07-21,130698684722
2021-07-22,131026147863
2021-07-23,132225039711
2021-07-26,132743521926
2021-07-27,132214124565
2021-07-28,131397282326
2021-07-29,129858191300
2021-07-30,135361427995
2021-08-02,136420233816
2021-08-03,140086030742
2021-08-04,140082388600
2021-08-05,140066010421
2021-08-06,140098766778
2021-08-09,139263725290
2021-08-10,139445650470
2021-08-11,141292195413
2021-08-12,140913787946
2021-08-13,140393484660
2021-08-16,142371010457
2021-08-17,143424353246
2021-08-18,142896765858
2021-08-19,142909501894
2021-08-20,144464971098
2021-08-23,145087152121
2021-08-24,144201177404
2021-08-25,144934330057
2021-08-26,145067142898
2021-08-27,146846365518
2021-08-30,148123483739
2021-08-31,148571012586
2021-09-01,148894844683
2021-09-02,149362393851
2021-09-03,147601359382
2021-09-07,145691144992
2021-09-08,145501935709
2021-09-09,142885850711
2021-09-10,143196946771
2021-09-13,144279403776
2021-09-14,138601514905
2021-09-15,139209149919
2021-09-16,139216422923
2021-09-17,138896232787
2021-09-20,137517247928
2021-09-21,136012723233
2021-09-22,136725866845
2021-09-23,134979389484
2021-09-24,134473632207
2021-09-27,133607666531
2021-09-28,132348747378
2021-09-29,133383902198
2021-09-30,127776885044
2021-10-01,129624451241
2021-10-04,130130248795
2021-10-05,131329751936
2021-10-06,130620235462
2021-10-07,130304114647
2021-10-08,124013267254
2021-10-11,122098962942
2021-10-12,121289339646
2021-10-13,122274586788
2021-10-14,123581228729
2021-10-15,122766342162
2021-10-18,124144985138
2021-10-19,126082110540
2021-10-20,128909660958
2021-10-21,129201191801
2021-10-22,128368736527
2021-10-25,128382789420
2021-10-26,127894549860
2021-10-27,125484995961
2021-10-28,124037857226
2021-10-29,118526780061
2021-11-01,117908580610
2021-11-02,119687651049
2021-11-03,121626534445
2021-11-04,120490253254
2021-11-05,121061030754
2021-11-08,122090184032
2021-11-09,122288639857
2021-11-10,123156222007
2021-11-11,121919833995
2021-11-12,121066294025
2021-11-15,121691514390
2021-11-16,121036440956
2021-11-17,121363098676
2021-11-18,120456884372
2021-11-19,119835179821
2021-11-22,117372929988
2021-11-23,118500432093
2021-11-24,118140405316
2021-11-26,118172016379
2021-11-29,117350098009
2021-11-30,113502184285
2021-12-01,111380645240
2021-12-02,117738230573
2021-12-03,119301276480
2021-12-06,118186069273
2021-12-07,114260869992
2021-12-08,112762804030
2021-12-09,107476519943
2021-12-10,107286853917
2021-12-13,106349017837
2021-12-14,109218716223
2021-12-15,108416113842
2021-12-16,110920511642
2021-12-17,114155499900
2021-12-20,113586480395
2021-12-21,113159715678
2021-12-22,112362376568
2021-12-23,113856937254
2021-12-27,114568211723
2021-12-28,115172358104
2021-12-29,115258422745
2021-12-30,115425256794
2021-12-31,111283533210
2022-01-03,110534220184
2022-01-04,109371834551
2022-01-05,106656180476
2022-01-06,107866363905
2022-01-07,104203392945
2022-01-10,103339711534
2022-01-11,104478198440
2022-01-12,104799092801
2022-01-13,105669608564
2022-01-14,103725468238
2022-01-18,99468506009
2022-01-19,99221006176
2022-01-20,97660914135
2022-01-21,97239319412
2022-01-24,98509239588
2022-01-25,96189583334
2022-01-26,94731910485
2022-01-27,95761164840
2022-01-28,100786213399
2022-01-31,101276097882
2022-02-01,101882038685
2022-02-02,102453839643
2022-02-03,104196569175
2022-02-04,103935411391
2022-02-07,104247773565
2022-02-08,103969551064
2022-02-09,104930526073
2022-02-10,103525766201
2022-02-11,103220227626
2022-02-14,103768140269
2022-02-15,104025881048
2022-02-16,104027589636
2022-02-17,102042485866
2022-02-18,101871797739
2022-02-22,101644779628
2022-02-23,97394641169
2022-02-24,100123953025
2022-02-25,102610869818
2022-02-28,102716706016
2022-03-01,101515054945
2022-03-02,97461211928
2022-03-03,95896004705
2022-03-04,93866520486
2022-03-07,94841153446
2022-03-08,94122552676
2022-03-09,95201302834
2022-03-10,95948917683
2022-03-11,95464158794
2022-03-14,96633378780
2022-03-15,97148849754
2022-03-16,97652381777
2022-03-17,98598000658
2022-03-18,98541670674
2022-03-21,96570225026
2022-03-22,98087634453
2022-03-23,95583642531
2022-03-24,95469284388
2022-03-25,95288355485
2022-03-28,96481463786
2022-03-29,97689938627
2022-03-30,97312714111
2022-03-31,89492351437
2022-04-01,92143388851
2022-04-04,92195885878
2022-04-05,91341183753
2022-04-06,92074490800
2022-04-07,90634130224
2022-04-08,91474063617
2022-04-11,91853017744
2022-04-12,90082925965
2022-04-13,92261509662
2022-04-14,91100035571
2022-04-18,87517187463
2022-04-19,91498674997
2022-04-20,87924037408
2022-04-21,85146678507
2022-04-22,83890052847
2022-04-25,83168235508
2022-04-26,79883963940
2022-04-27,79073558494
2022-04-28,75707257031
2022-04-29,70293619604
2022-05-02,70958023678
2022-05-03,69822798018
2022-05-04,73550005526
2022-05-05,74839438156
2022-05-06,75425091523
2022-05-09,76064888974
2022-05-10,76812954908
2022-05-11,73551647662
2022-05-12,76325727376
2022-05-13,77331352361
2022-05-16,76010749811
2022-05-17,77452747438
2022-05-18,77021296120
2022-05-19,77853028837
2022-05-20,78584688825
2022-05-23,77705385164
2022-05-24,78583046688
2022-05-25,79992232259
2022-05-26,82490709761
2022-05-27,83655463040
2022-05-31,83161672211
2022-06-01,81266901080
2022-06-02,81732801342
2022-06-03,80559847550
2022-06-06,79518131485
2022-06-07,79162141679
2022-06-08,80048013559
2022-06-09,79114570899
2022-06-10,77790689161
2022-06-13,74555630510
2022-06-14,74145506463
2022-06-15,73658278931
2022-06-16,68138010235
2022-06-17,72503368136
2022-06-21,71766786987
2022-06-22,73533599580
2022-06-23,74663903915
2022-06-24,75974658731
2022-06-27,76178078618
2022-06-28,74975597207
2022-06-29,76092774620
2022-06-30,74014203541
2022-07-01,75971467793
2022-07-05,76018857230
2022-07-06,74505496218
2022-07-07,73519753180
2022-07-08,73227505681
2022-07-11,71622523479
2022-07-12,73946277070
2022-07-13,73557669564
2022-07-14,74048957343
2022-07-15,75289031497
2022-07-18,74879886956
2022-07-19,76292148987
2022-07-20,76331641764
2022-07-21,77838682668
2022-07-22,76726569536
2022-07-25,75665003526
2022-07-26,75669742501
2022-07-27,75184769933
2022-07-28,68809053604
2022-07-29,68259317146
2022-08-01,67384155939
2022-08-02,69136054906
2022-08-03,71431374961
2022-08-04,72579827925
2022-08-05,73137465782
2022-08-08,73306491235
2022-08-09,71481926822
2022-08-10,73091652739
2022-08-11,73644551620
2022-08-12,75529145845
2022-08-15,75971467793
2022-08-16,76273188504
2022-08-17,73500797437
2022-08-18,72361827005
2022-08-19,71791548774
2022-08-22,69271912587
2022-08-23,68252997038
2022-08-24,67798039454
2022-08-25,69276651562
2022-08-26,67259357341
2022-08-29,66079312999
2022-08-30,64690750426
2022-08-31,65183619496
2022-09-01,66399994192
2022-09-02,64316359687
2022-09-06,62714530273
2022-09-07,63591268032
2022-09-08,62542342396
2022-09-09,64122053486
2022-09-12,64207359148
2022-09-13,61117444730
2022-09-14,60836251417
2022-09-15,59397136984
2022-09-16,59646729282
2022-09-19,58785789582
2022-09-20,57334034616
2022-09-21,55768540452
2022-09-22,52756030139
2022-09-23,50812987552
2022-09-26,48370755471
2022-09-27,48479756010
2022-09-28,50721361624
2022-09-29,49380188330
2022-09-30,46571499040
2022-10-03,49169122104
2022-10-04,50438768456
2022-10-05,50552374663
2022-10-06,49734093867
2022-10-07,47980848065
2022-10-10,48866679718
2022-10-11,47352935464
2022-10-12,47025928781
2022-10-13,50039605044
2022-10-14,49635836373
2022-10-17,50922367906
2022-10-18,50489429219
2022-10-19,49841557887
2022-10-20,50374286237
2022-10-21,50724320749
2022-10-24,51748327664
2022-10-25,53228296337
2022-10-26,52945812835
2022-10-27,54540929248
2022-10-28,56533667387
2022-10-31,56438483289
2022-11-01,54808059432
2022-11-02,53311200666
2022-11-03,52850628738
2022-11-04,53552234382
2022-11-07,54236950087
2022-11-08,54448813942
2022-11-09,53714969490
2022-11-10,57289007498
2022-11-11,60549855213
2022-11-14,59538132825
2022-11-15,60195215135
2022-11-16,59707010120
2022-11-17,58997730118
2022-11-18,57476306902
2022-11-21,56650347144
2022-11-22,59191167104
2022-11-23,59909662843
2022-11-25,59891235974
2022-11-28,59025363206
2022-11-29,59149717319
2022-11-30,60072397950
2022-12-01,59745391114
2022-12-02,60287330442
2022-12-05,59535064034
2022-12-06,56983496167
2022-12-07,57554605665
2022-12-08,57465559149
2022-12-09,58426620620
2022-12-12,59014615453
2022-12-13,60285793821
2022-12-14,50408061665
2022-12-15,48119018723
2022-12-16,46818670339
2022-12-19,47002901106
2022-12-20,47483431918
2022-12-21,49333393833
2022-12-22,49723346114
2022-12-23,51264728061
2022-12-27,51091245354
2022-12-28,51022157569
2022-12-29,52035416732
2022-12-30,52059981182
2023-01-03,51728316797
2023-01-04,53609183334
2023-01-05,54734369370
2023-01-06,55688433833
2023-01-09,55605140003
2023-01-10,56734873583
2023-01-11,57308821677
2023-01-12,58374949020
2023-01-13,58829264133
2023-01-17,58811092286
2023-01-18,57828254078
2023-01-19,58182623955
2023-01-20,59986250865
2023-01-23,59971110814
2023-01-24,59368384431
2023-01-25,61144758189
2023-01-26,62148795346
2023-01-27,59728808511
2023-01-30,59203317061
2023-01-31,58199280056
2023-02-01,60375448690
2023-02-02,62430468444
2023-02-03,61529408320
2023-02-06,61270449917
2023-02-07,60970600276
2023-02-08,61075093207
2023-02-09,59631885682
2023-02-10,60111947287
2023-02-13,60595036145
2023-02-14,60595036145
2023-02-15,61122038647
2023-02-16,60631379840
2023-02-17,59912047577
2023-02-21,57230075390
2023-02-22,57947891754
2023-02-23,58035728584
2023-02-24,56760615531
2023-02-27,56796959226
2023-02-28,55670257291
2023-03-01,54902468385
2023-03-02,54985757520
2023-03-03,56029170168
2023-03-06,55897414848
2023-03-07,54192221970
2023-03-08,53589495588
2023-03-09,51944877151
2023-03-10,49897427346
2023-03-13,50771229775
2023-03-14,50904496299
2023-03-15,51782836882
2023-03-16,52465825450
2023-03-17,53004945748
2023-03-20,52814131886
2023-03-21,53350225082
2023-03-22,51766176390
2023-03-23,51817669373
2023-03-24,52087229522
2023-03-27,52755068649
2023-03-28,52328016078
2023-03-29,52959511359
2023-03-30,52859561580
2023-03-31,53674354955
2023-04-03,53464227223
2023-04-04,52249984515
2023-04-05,53000443915
2023-04-06,52572681156
2023-04-10,53116017664
2023-04-11,53810939166
2023-04-12,51523540416
2023-04-13,52176440994
2023-04-14,51256377020
2023-04-17,51960308237
2023-04-18,51529545292
2023-04-19,51582078350
2023-04-20,50430871680
2023-04-21,49937069394
2023-04-24,49654896660
2023-04-25,48620763607
2023-04-26,48123959484
2023-04-27,51443991870
2023-04-28,55338876156
2023-05-01,55010174938
2023-05-02,53617322292
2023-05-03,53567791972
2023-05-04,52349045906
2023-05-05,52659736098
2023-05-08,52607203940
2023-05-09,50881147320
2023-05-10,51022233687
2023-05-11,51287896314
2023-05-12,50744563709
2023-05-15,51517536891
2023-05-16,50331811039
2023-05-17,50812105055
2023-05-18,51573070886
2023-05-19,51091275952
2023-05-22,51254876101
2023-05-23,50496912107
2023-05-24,49716434331
2023-05-25,47978370360
2023-05-26,49567843370
2023-05-30,50031627279
2023-05-31,48952466662
2023-06-01,49233138477
2023-06-02,49428257921
2023-06-05,50267271530
2023-06-06,49380228520
2023-06-07,50537436914
2023-06-08,50457888218
2023-06-09,49302180742
2023-06-12,50325807364
2023-06-13,50321304607
2023-06-14,50318302770
2023-06-15,51459001058
2023-06-16,51217353131
2023-06-20,49809491296
2023-06-21,49347208306
2023-06-22,48916444610
2023-06-23,48971978606
2023-06-26,50562952534
2023-06-27,53108510819
2023-06-28,53941520753
2023-06-29,54435323038
2023-06-30,54739717773
2023-07-03,54863391360
2023-07-05,54781438983
2023-07-06,55395336789
2023-07-07,55420667524
2023-07-10,55510070117
2023-07-11,56655913354
2023-07-12,57026934115
2023-07-13,57161038005
2023-07-14,55946652781
2023-07-17,55848309928
2023-07-18,57673612873
2023-07-19,57898609399
2023-07-20,58923759134
2023-07-21,58777734899
2023-07-24,59516796336
2023-07-25,59409513224
2023-07-26,58792635331
2023-07-27,59749243078
2023-07-28,59124914969
2023-07-31,60375061231
2023-08-01,61275047336
2023-08-02,62443241220
2023-08-03,62996047255
2023-08-04,62411950312
2023-08-07,62496882776
2023-08-08,62549034289
2023-08-09,62574365023
2023-08-10,63817061069
2023-08-11,63764909556
2023-08-14,63666566704
2023-08-15,63785770161
2023-08-16,63590574499
2023-08-17,63301506115
2023-08-18,62651847271
2023-08-21,62593735585
2023-08-22,61595406628
2023-08-23,61878514840
2023-08-24,61388290620
2023-08-25,62102021323
2023-08-28,64369867104
2023-08-29,67215849654
2023-08-30,65488889562
2023-08-31,65281773554
2023-09-01,62927505267
2023-09-05,60941277654
2023-09-06,62578835153
2023-09-07,62131822187
2023-09-08,62942405699
2023-09-11,64942043700
2023-09-12,65056777028
2023-09-13,65472499086
2023-09-14,66958072177
2023-09-15,66746486039
2023-09-18,67905739665
2023-09-19,67004263516
2023-09-20,66779266990
2023-09-21,66578111156
2023-09-22,66338214197
2023-09-25,65564881766
2023-09-26,63881132927
2023-09-27,64581453241
2023-09-28,66229441042
2023-09-29,65535080902
2023-10-02,64177223956
2023-10-03,63250788773
2023-10-04,63348847473
2023-10-05,63193709828
2023-10-06,63102968942
2023-10-09,64750940530
2023-10-10,65087559949
2023-10-11,65833976921
2023-10-12,65520774505
2023-10-13,65753480973
2023-10-16,66511606447
2023-10-17,66252555850
2023-10-18,65614442518
2023-10-19,63792306969
2023-10-20,62881970975
2023-10-23,62972711862
2023-10-24,63105896067
2023-10-25,62015541863
2023-10-26,60256339509
2023-10-27,54444532068
2023-10-30,57049673656
2023-10-31,58952305153
2023-11-01,59495286911
2023-11-02,60389523714
2023-11-03,61485732169
2023-11-06,60840301023
2023-11-07,60442211971
2023-11-08,60515390106
2023-11-09,59195256559
2023-11-10,59978262598
2023-11-13,59480651284
2023-11-14,60714434631
2023-11-15,61118377934
2023-11-16,60423185656
2023-11-17,59669450871
2023-11-20,60453920473
2023-11-21,58902544021
2023-11-22,59315268700
2023-11-24,59408936712
2023-11-27,58080021789
2023-11-28,58731307187
2023-11-29,58381515704
2023-11-30,58561533914
2023-12-01,58816193823
2023-12-04,58416641208
2023-12-05,53332224423
2023-12-06,52978042252
2023-12-07,53955702129
2023-12-08,53793246670
2023-12-11,54829449055
2023-12-12,53721532099
2023-12-13,55520250645
2023-12-14,56187635231
2023-12-15,55605137281
2023-12-18,56184708106
2023-12-19,56546208090
2023-12-20,55793936868
2023-12-21,56129092724
2023-12-22,55921266822
2023-12-26,57005766775
2023-12-27,57304333564
2023-12-28,57428736392
2023-12-29,56885754634
2024-01-02,56577234208
2024-01-03,55877804274
2024-01-04,54299751612
2024-01-05,53786739987
2024-01-08,54750623801
2024-01-09,53267947949
2024-01-10,53035286339
2024-01-11,53124882735
2024-01-12,52731814673
2024-01-16,53228930163
2024-01-17,51913886279
2024-01-18,52681236062
2024-01-19,53627778638
2024-01-22,53924024788
2024-01-23,54717386428
2024-01-24,53669686630
2024-01-25,53334422695
2024-01-26,54490505231
2024-01-29,55033864023
2024-01-30,54477499302
2024-01-31,53571419615
2024-02-01,55252074601
2024-02-02,46129138289
2024-02-05,43880557757
2024-02-06,41948454818
2024-02-07,40993241623
2024-02-08,40838615584
2024-02-09,42074178794
2024-02-12,43051068537
2024-02-13,42290944270
2024-02-14,41514923867
2024-02-15,42506264642
2024-02-16,42341522881
2024-02-20,42649329856
2024-02-21,41517814074
2024-02-22,42919564149
2024-02-23,43269279116
2024-02-26,42289499166
2024-02-27,41907991930
2024-02-28,41668104803
2024-02-29,42475917475
2024-03-01,42364644531
2024-03-04,40327049062
2024-03-05,40585722529
2024-03-06,39932535896
2024-03-07,40751909394
2024-03-08,41009137758
2024-03-11,43100202045
2024-03-12,42587190419
2024-03-13,43121878592
2024-03-14,42919564149
2024-03-15,42001923636
2024-03-18,42801065689
2024-03-19,43147890449
2024-03-20,42673896610
2024-03-21,42574184491
2024-03-22,41994698120
2024-03-25,41994698120
2024-03-26,41603075161
2024-03-27,42415223142
2024-03-28,41999033429
2024-04-01,41062606575
2024-04-02,40176758332
2024-04-03,39840049293
2024-04-04,39195533279
2024-04-05,38655064694
2024-04-08,39458542056
2024-04-09,39228770652
2024-04-10,37984536823
2024-04-11,38516334790
2024-04-12,37644937578
2024-04-15,37124700437
2024-04-16,37221522349
2024-04-17,37287997095
2024-04-18,37559676491
2024-04-19,38325581171
2024-04-22,38306794830
2024-04-23,38484542520
2024-04-24,38251880909
2024-04-25,37442623134
2024-04-26,36793771811
2024-04-29,37537999943
2024-04-30,36985970532
2024-05-01,37529329324
2024-05-02,37861703054
2024-05-03,38429628599
2024-05-06,39230215755
2024-05-07,38728764956
2024-05-08,39419524271
2024-05-09,38140607965
2024-05-10,39819817849
2024-05-13,39689758564
2024-05-14,40192654467
2024-05-15,39273568851
2024-05-16,40107393380
2024-05-17,39454206747
2024-05-20,39717215524
2024-05-21,39756233309
2024-05-22,39175301835
2024-05-23,38788014185
2024-05-24,39228770652
2024-05-28,39222990240
2024-05-29,39212874517
2024-05-30,39900743626
2024-05-31,41491802217
2024-06-03,41361742931
2024-06-04,40549594950
2024-06-05,40188319157
2024-06-06,40370402157
2024-06-07,40004791055
2024-06-10,39894963214
2024-06-11,40004791055
2024-06-12,39749007794
2024-06-13,39620393611
2024-06-14,39922420174
2024-06-17,41322725146
2024-06-18,40118954205
2024-06-20,41040930028
2024-06-21,41958570540
2024-06-24,41308274114
2024-06-25,42023600183
2024-06-26,42137763334
2024-06-27,42501929332
2024-06-28,43202804370
2024-07-01,42777944038
2024-07-02,43858881209
2024-07-03,43533732996
2024-07-05,43611768567
2024-07-08,41988917707
2024-07-09,42473027269
2024-07-10,42478807682
2024-07-11,43951367812
2024-07-12,44948488999
2024-07-15,46906603795
2024-07-16,47315567992
2024-07-17,47731757705
2024-07-18,46478853256
2024-07-19,46288099638
2024-07-22,45227393911
2024-07-23,45871278153
2024-07-24,44813504022
2024-07-25,45181861680
2024-07-26,52690911369
2024-07-29,54086943894
2024-07-30,54905357211
2024-07-31,54425202288
2024-08-01,54031045261
2024-08-02,53484958616
2024-08-05,52100392478
2024-08-06,51137216033
2024-08-07,50730159322
2024-08-08,52163457602
2024-08-09,52230822621
