,DELL
2016-08-17,8671505682
2016-08-18,8621215260
2016-08-19,8772086527
2016-08-22,8800823911
2016-08-23,9073829061
2016-08-24,9195962944
2016-08-25,9152856867
2016-08-26,9224700328
2016-08-29,9332465518
2016-08-30,9102566445
2016-08-31,9009169946
2016-09-01,8772086527
2016-09-02,8664321336
2016-09-06,9167225559
2016-09-07,9677314129
2016-09-08,10144296622
2016-09-09,9892844510
2016-09-12,9957503625
2016-09-13,9777894974
2016-09-14,9749157589
2016-09-15,9856922780
2016-09-16,9770710628
2016-09-19,9828185396
2016-09-20,9828185396
2016-09-21,9763526281
2016-09-22,9684498475
2016-09-23,9677314129
2016-09-26,9655761091
2016-09-27,9634208053
2016-09-28,9648576745
2016-09-29,9591101976
2016-09-30,9634208053
2016-10-03,9662945437
2016-10-04,9648576745
2016-10-05,9770710628
2016-10-06,9756341935
2016-10-07,9691682821
2016-10-10,9583917630
2016-10-11,9504889824
2016-10-12,9497705478
2016-10-13,9504889824
2016-10-14,9526442862
2016-10-17,9555180246
2016-10-18,9612655014
2016-10-19,9619839360
2016-10-20,9619839360
2016-10-21,9526442862
2016-10-24,9662945437
2016-10-25,9476152439
2016-10-26,9418677671
2016-10-27,9741973243
2016-10-28,7847840000
2016-10-31,7882160000
2016-11-01,7779200000
2016-11-02,7865000000
2016-11-03,7830680000
2016-11-04,7802080000
2016-11-07,7950800000
2016-11-08,7973680000
2016-11-09,7927920000
2016-11-10,7905040000
2016-11-11,7887879999
2016-11-14,7865000000
2016-11-15,8036600000
2016-11-16,8128120000
2016-11-17,8316879999
2016-11-18,8345480000
2016-11-21,8419840000
2016-11-22,8362640000
2016-11-23,8271120000
2016-11-25,8379800000
2016-11-28,8368360000
2016-11-29,8551400000
2016-11-30,8597160000
2016-12-01,8328320000
2016-12-02,8465600000
2016-12-05,8517080000
2016-12-06,8568560000
2016-12-07,8654360000
2016-12-08,8654360000
2016-12-09,8665800000
2016-12-12,8654360000
2016-12-13,8631480000
2016-12-14,8700120000
2016-12-15,9111960000
2016-12-16,9060480000
2016-12-19,9054760000
2016-12-20,9157720000
2016-12-21,9197759999
2016-12-22,8963240000
2016-12-23,9003280000
2016-12-27,8997560000
2016-12-28,8883160000
2016-12-29,8871720000
2016-12-30,8825960000
2017-01-03,8757320000
2017-01-04,8831680000
2017-01-05,8871720000
2017-01-06,9117680000
2017-01-09,9066200000
2017-01-10,9146280000
2017-01-11,9243520000
2017-01-12,9254960000
2017-01-13,9340759999
2017-01-17,9300720000
2017-01-18,9403680000
2017-01-19,9438000000
2017-01-20,9512360000
2017-01-23,9357920000
2017-01-24,9592440000
2017-01-25,9643920000
2017-01-26,9569560000
2017-01-27,10038600000
2017-01-30,10021440000
2017-01-31,10112960000
2017-02-01,10130120000
2017-02-02,10267400000
2017-02-03,12974928966
2017-02-06,13032403734
2017-02-07,13075509811
2017-02-08,13075509811
2017-02-09,13104247195
2017-02-10,13053956772
2017-02-13,13068325464
2017-02-14,13075509811
2017-02-15,13132984579
2017-02-16,13132984579
2017-02-17,13025219388
2017-02-21,13125800233
2017-02-22,13061141118
2017-02-23,12924638543
2017-02-24,12953375928
2017-02-27,12910269851
2017-02-28,12802504661
2017-03-01,12917454197
2017-03-02,12795320315
2017-03-03,12788135969
2017-03-06,12644449048
2017-03-07,12709108162
2017-03-08,12809689007
2017-03-09,12730661200
2017-03-10,12802504661
2017-03-13,12802504661
2017-03-14,12802504661
2017-03-15,12852795083
2017-03-16,12903085505
2017-03-17,12939007236
2017-03-20,12917454197
2017-03-21,12586974279
2017-03-22,12694739470
2017-03-23,12716292508
2017-03-24,12773767276
2017-03-27,12773767276
2017-03-28,12816873353
2017-03-29,12881532467
2017-03-30,12903085505
2017-03-31,12917454197
2017-04-03,12874348121
2017-04-04,12939007236
2017-04-05,12910269851
2017-04-06,12946191582
2017-04-07,13082694157
2017-04-10,13089878503
2017-04-11,13125800233
2017-04-12,12881532467
2017-04-13,12888716813
2017-04-17,12953375928
2017-04-18,12982113312
2017-04-19,13010850696
2017-04-20,13082694157
2017-04-21,12989297658
2017-04-24,13341330614
2017-04-25,13377252345
2017-04-26,13520939266
2017-04-27,13592782726
2017-04-28,13528123612
2017-05-01,13621520110
2017-05-02,13492201881
2017-05-03,13341330614
2017-05-04,13370067999
2017-05-05,13564045342
2017-05-08,13635888802
2017-05-09,13556860996
2017-05-10,13506570574
2017-05-11,13326961922
2017-05-12,13097062849
2017-05-15,13362883653
2017-05-16,13413174075
2017-05-17,13082694157
2017-05-18,13039588080
2017-05-19,13089878503
2017-05-22,13585598380
2017-05-23,13585598380
2017-05-24,13722100955
2017-05-25,13844234838
2017-05-26,13872972222
2017-05-30,13858603530
2017-05-31,13987921759
2017-06-01,13966368721
2017-06-02,13758022685
2017-06-05,13427542767
2017-06-06,13535307958
2017-06-07,13678994879
2017-06-08,13125800233
2017-06-09,12615711663
2017-06-12,12551052549
2017-06-13,12666002086
2017-06-14,12536683857
2017-06-15,12472024742
2017-06-16,12522315165
2017-06-19,12637264701
2017-06-20,12543868203
2017-06-21,12766582930
2017-06-22,12816873353
2017-06-23,12824057699
2017-06-26,12795320315
2017-06-27,12493577780
2017-06-28,12644449048
2017-06-29,12256494361
2017-06-30,12321153475
2017-07-03,12170282208
2017-07-05,12256494361
2017-07-06,12263678707
2017-07-07,12400181282
2017-07-10,12400181282
2017-07-11,12407365628
2017-07-12,12414549974
2017-07-13,12357075206
2017-07-14,12342706513
2017-07-17,12687555124
2017-07-18,12644449048
2017-07-19,12831242045
2017-07-20,12888716813
2017-07-21,12831242045
2017-07-24,12838426391
2017-07-25,12845610737
2017-07-26,12910269851
2017-07-27,12809689007
2017-07-28,12845610737
2017-07-31,12960560274
2017-08-01,12996482004
2017-08-02,12874348121
2017-08-03,12903085505
2017-08-04,12982113312
2017-08-07,12996482004
2017-08-08,12996482004
2017-08-09,12924638543
2017-08-10,12737845546
2017-08-11,12709108162
2017-08-14,13657441841
2017-08-15,13348514960
2017-08-16,13549676650
2017-08-17,13384436691
2017-08-18,13470648843
2017-08-21,13520939266
2017-08-22,13851419184
2017-08-23,13952000029
2017-08-24,14095686950
2017-08-25,14462088598
2017-08-28,14677618980
2017-08-29,14706356364
2017-08-30,14964992822
2017-08-31,15108679743
2017-09-01,15072758012
2017-09-05,15079942358
2017-09-06,15058389320
2017-09-07,15015283244
2017-09-08,14972177168
2017-09-11,15216444933
2017-09-12,15374500546
2017-09-13,15467897045
2017-09-14,15597215274
2017-09-15,15518187468
2017-09-18,15496634429
2017-09-19,15489450083
2017-09-20,15489450083
2017-09-21,15446344007
2017-09-22,15525371814
2017-09-25,15309841432
2017-09-26,15345763162
2017-09-27,15546924852
2017-09-28,15554109198
2017-09-29,15568477890
2017-10-02,15712164811
2017-10-03,15784008271
2017-10-04,15769639579
2017-10-05,15934879538
2017-10-06,15934879538
2017-10-09,15977985615
2017-10-10,15942063884
2017-10-11,15999538653
2017-10-12,16186331650
2017-10-13,16265359457
2017-10-16,16351571609
2017-10-17,16330018571
2017-10-18,16401862032
2017-10-19,16459336800
2017-10-20,16581470683
2017-10-23,16674867182
2017-10-24,16782632372
2017-10-25,16653314143
2017-10-26,16732341950
2017-10-27,16911950601
2017-10-30,16768263680
2017-10-31,16689235874
2017-11-01,16617392413
2017-11-02,16502442876
2017-11-03,12870900000
2017-11-06,12972960000
2017-11-07,13126050000
2017-11-08,13097700000
2017-11-09,13029660000
2017-11-10,13143060000
2017-11-13,13018320000
2017-11-14,12967290000
2017-11-15,12774510000
2017-11-16,12938940000
2017-11-17,12967290000
2017-11-20,12933270000
2017-11-21,13086359999
2017-11-22,12853890000
2017-11-24,12882240000
2017-11-27,13035330000
2017-11-28,13137390000
2017-11-29,12411630000
2017-11-30,12451320000
2017-12-01,12723480000
2017-12-04,11918340000
2017-12-05,11850300000
2017-12-06,11946690000
2017-12-07,12077100000
2017-12-08,12292560000
2017-12-11,12615750000
2017-12-12,12610080000
2017-12-13,12757500000
2017-12-14,12689460000
2017-12-15,12887910000
2017-12-18,13488930000
2017-12-19,13262130000
2017-12-20,13262130000
2017-12-21,13131720000
2017-12-22,13063680000
2017-12-26,12950280000
2017-12-27,12933270000
2017-12-28,12893580000
2017-12-29,12933270000
2018-01-02,13114710000
2018-01-03,13256460000
2018-01-04,13488930000
2018-01-05,13590990000
2018-01-08,13585320000
2018-01-09,13409550000
2018-01-10,13466250000
2018-01-11,13817790000
2018-01-12,13806450000
2018-01-16,13698720000
2018-01-17,14021910000
2018-01-18,14067270000
2018-01-19,14078609999
2018-01-22,14152320000
2018-01-23,14180670000
2018-01-24,14061600000
2018-01-25,14072940000
2018-01-26,13165740000
2018-01-29,11901330000
2018-01-30,11152890000
2018-01-31,11408040000
2018-02-01,11181240000
2018-02-02,14296848639
2018-02-05,13628704456
2018-02-06,13556860996
2018-02-07,13463464497
2018-02-08,13233565424
2018-02-09,13571229688
2018-02-12,13714916609
2018-02-13,13772391377
2018-02-14,14088502604
2018-02-15,13916078298
2018-02-16,14074133911
2018-02-20,14074133911
2018-02-21,14095686950
2018-02-22,14225005179
2018-02-23,14469272944
2018-02-26,14598591173
2018-02-27,14663250288
2018-02-28,14979361514
2018-03-01,15194891895
2018-03-02,14850043285
2018-03-05,14921886745
2018-03-06,15245182318
2018-03-07,15582846582
2018-03-08,15611583966
2018-03-09,15819930002
2018-03-12,15683427427
2018-03-13,15590030928
2018-03-14,15690611773
2018-03-15,15647505696
2018-03-16,15719349157
2018-03-19,15719349157
2018-03-20,15776823925
2018-03-21,15324210124
2018-03-22,15015283244
2018-03-23,14749462440
2018-03-26,15144601473
2018-03-27,14857227631
2018-03-28,14533932059
2018-03-29,14763831132
2018-04-02,14627328557
2018-04-03,14684803326
2018-04-04,14713540710
2018-04-05,14677618980
2018-04-06,14375876446
2018-04-09,14498010328
2018-04-10,14677618980
2018-04-11,14505194674
2018-04-12,14656065941
2018-04-13,14699172018
2018-04-16,14993730206
2018-04-17,15202076241
2018-04-18,15281104048
2018-04-19,14900333707
2018-04-20,14648881595
2018-04-23,14735093748
2018-04-24,14605775519
2018-04-25,14469272944
2018-04-26,14713540710
2018-04-27,14641697249
2018-04-30,14469272944
2018-05-01,14397429484
2018-05-02,14253742563
2018-05-03,14354323407
2018-05-04,14706356364
2018-05-07,14612959865
2018-05-08,14519563367
2018-05-09,14663250288
2018-05-10,15058389320
2018-05-11,14986545860
2018-05-14,14850043285
2018-05-15,14907518053
2018-05-16,14964992822
2018-05-17,14986545860
2018-05-18,15891773462
2018-05-21,16222253380
2018-05-22,16286912495
2018-05-23,16509627222
2018-05-24,16667682836
2018-05-25,16538364607
2018-05-29,16243806419
2018-05-30,16337202917
2018-05-31,16265359457
2018-06-01,17105927945
2018-06-04,17141849675
2018-06-05,17472329593
2018-06-06,17608832168
2018-06-07,17752519089
2018-06-08,17809993857
2018-06-11,17673491283
2018-06-12,17479513939
2018-06-13,17723781705
2018-06-14,17723781705
2018-06-15,17824362550
2018-06-18,18061445969
2018-06-19,17946496432
2018-06-20,17982418163
2018-06-21,17960865125
2018-06-22,17903390356
2018-06-25,17328642672
2018-06-26,17429223517
2018-06-27,16933503639
2018-06-28,17192140097
2018-06-29,17055637522
2018-07-02,18593087577
2018-07-03,19117544839
2018-07-05,18923567495
2018-07-06,18822986651
2018-07-09,18880461419
2018-07-10,19024148340
2018-07-11,18973857918
2018-07-12,19175019607
2018-07-13,19131913531
2018-07-16,19110360493
2018-07-17,19124729185
2018-07-18,19167835261
2018-07-19,19103176146
2018-07-20,19016963994
2018-07-23,18873277073
2018-07-24,18772696228
2018-07-25,18909198803
2018-07-26,19031332686
2018-07-27,18887645765
2018-07-30,18693668422
2018-07-31,18657746691
2018-08-01,18693668422
2018-08-02,18758327536
2018-08-03,18772696228
2018-08-06,18837355343
2018-08-07,18894830111
2018-08-08,18981042264
2018-08-09,19103176146
2018-08-10,19060070070
2018-08-13,18952304879
2018-08-14,19124729185
2018-08-15,19088807454
2018-08-16,19268416106
2018-08-17,19153466569
2018-08-20,19160650915
2018-08-21,19175019607
2018-08-22,19304337836
2018-08-23,19218125683
2018-08-24,19225310029
2018-08-27,19239678721
2018-08-28,19203756991
2018-08-29,19368996950
2018-08-30,19483946487
2018-08-31,19390549988
2018-09-04,19383365642
2018-09-05,19289969144
2018-09-06,19333075220
2018-09-07,19404918681
2018-09-10,19527052563
2018-09-11,19498315179
2018-09-12,19606080370
2018-09-13,19627633408
2018-09-14,19893454212
2018-09-17,19620449062
2018-09-18,19433656065
2018-09-19,19246863067
2018-09-20,19347443912
2018-09-21,19397734335
2018-09-24,19397734335
2018-09-25,19548605602
2018-09-26,19476762141
2018-09-27,19606080370
2018-09-28,19584527332
2018-10-01,19498315179
2018-10-02,19512683871
2018-10-03,19476762141
2018-10-04,19498315179
2018-10-05,19548605602
2018-10-08,19268416106
2018-10-09,19067254416
2018-10-10,18643377999
2018-10-11,18499691078
2018-10-12,19052885724
2018-10-15,19153466569
2018-10-16,19289969144
2018-10-17,19175019607
2018-10-18,19052885724
2018-10-19,18909198803
2018-10-22,19095991800
2018-10-23,18722405806
2018-10-24,18118920738
2018-10-25,18320082427
2018-10-26,17838731242
2018-10-29,17493882631
2018-10-30,17881837318
2018-10-31,18226685928
2018-11-01,18377557195
2018-11-02,18399210000
2018-11-05,18507060000
2018-11-06,18586150000
2018-11-07,19743740000
2018-11-08,19959440000
2018-11-09,19786880000
2018-11-12,19873160000
2018-11-13,20491500000
2018-11-14,21325540000
2018-11-15,21196120000
2018-11-16,21081080000
2018-11-19,20843810000
2018-11-20,20714390000
2018-11-21,20779100000
2018-11-23,20966040000
2018-11-26,21311160000
2018-11-27,21117030000
2018-11-28,21512480000
2018-11-29,21390250000
2018-11-30,21282400000
2018-12-03,21296780000
2018-12-04,21081080000
2018-12-06,21311160000
2018-12-07,20987610000
2018-12-10,21009180000
2018-12-11,21131410000
2018-12-12,21188930000
2018-12-13,21289590000
2018-12-14,21347110000
2018-12-17,21203310000
2018-12-18,21361490000
2018-12-19,21160170000
2018-12-20,20865380000
2018-12-21,15357840000
2018-12-24,16242210000
2018-12-26,16371630000
2018-12-27,16141550000
2018-12-28,16544190000
2018-12-31,17802440000
2019-01-02,17162530000
2019-01-03,16436340000
2019-01-04,16759890000
2019-01-07,16867740000
2019-01-08,17069059999
2019-01-09,17097820000
2019-01-10,16457910000
2019-01-11,16199070000
2019-01-14,15587920000
2019-01-15,15667010000
2019-01-16,15523210000
2019-01-17,15918660000
2019-01-18,15789240000
2019-01-22,16048080000
2019-01-23,16249400000
2019-01-24,16378820000
2019-01-25,16723940000
2019-01-28,17083440000
2019-01-29,17061870000
2019-01-30,17486080000
2019-01-31,17694590000
2019-02-01,18032550000
2019-02-04,18462750000
2019-02-05,18548790000
2019-02-06,18505770000
2019-02-07,18319350000
2019-02-08,18699360000
2019-02-11,18892950000
2019-02-12,19466550000
2019-02-13,19595610000
2019-02-14,19753350000
2019-02-15,19975620000
2019-02-19,19989960000
2019-02-20,20176380000
2019-02-21,20176380000
2019-02-22,20405820000
2019-02-25,20570730000
2019-02-26,20606580000
2019-02-27,20434500000
2019-02-28,20276760000
2019-03-01,20577900000
2019-03-04,20097510000
2019-03-05,20018640000
2019-03-06,19516740000
2019-03-07,19294470000
2019-03-08,19014840000
2019-03-11,19667310000
2019-03-12,19868070000
2019-03-13,19961280000
2019-03-14,20771490000
2019-03-15,21875670000
2019-03-18,21968880000
2019-03-19,21954540000
2019-03-20,21660570000
2019-03-21,22047750000
2019-03-22,21631890000
2019-03-25,20807340000
2019-03-26,21388110000
2019-03-27,20900550000
2019-03-28,20671110000
2019-03-29,21316410000
2019-04-01,21947370000
2019-04-02,22255680000
2019-04-03,22370400000
2019-04-04,21918690000
2019-04-05,22592670000
2019-04-08,22700220000
2019-04-09,22420590000
2019-04-10,22987020000
2019-04-11,23194950000
2019-04-12,23065890000
2019-04-15,23202120000
2019-04-16,22807770000
2019-04-17,22793430000
2019-04-18,22829280000
2019-04-22,22972680000
2019-04-23,23610810000
2019-04-24,24062520000
2019-04-25,24334980000
2019-04-26,23739870000
2019-04-29,23811570000
2019-04-30,24485550000
2019-05-01,24908580000
2019-05-02,24750840000
2019-05-03,25021199999
2019-05-06,24834260000
2019-05-07,24582610000
2019-05-08,24438810000
2019-05-09,24438810000
2019-05-10,24460380000
2019-05-13,23324360000
2019-05-14,24093690000
2019-05-15,24733600000
2019-05-16,25423840000
2019-05-17,25287230000
2019-05-20,24769550000
2019-05-21,25366320000
2019-05-22,25129050000
2019-05-23,23928320000
2019-05-24,24086500000
2019-05-28,24187160000
2019-05-29,24115260000
2019-05-30,24187160000
2019-05-31,21692230000
2019-06-03,20347700000
2019-06-04,21009180000
2019-06-05,19851590000
2019-06-06,19391430000
2019-06-07,19779690000
2019-06-10,19743740000
2019-06-11,19794070000
2019-06-12,19312340000
2019-06-13,19607130000
2019-06-14,18694000000
2019-06-17,18442350000
2019-06-18,18758710000
2019-06-19,19456140000
2019-06-20,19815640000
2019-06-21,19664650000
2019-06-24,19413000000
2019-06-25,19053500000
2019-06-26,19391430000
2019-06-27,19017550000
2019-06-28,18499870000
2019-07-01,18780280000
2019-07-02,19003170000
2019-07-03,19276390000
2019-07-05,19075070000
2019-07-08,18679620000
2019-07-09,18614910000
2019-07-10,19046310000
2019-07-11,19477710000
2019-07-12,19585560000
2019-07-15,20110430000
2019-07-16,20398030000
2019-07-17,20577780000
2019-07-18,20901330000
2019-07-19,20685630000
2019-07-22,20549020000
2019-07-23,20203900000
2019-07-24,20477120000
2019-07-25,20060100000
2019-07-26,20132000000
2019-07-29,20383650000
2019-07-30,20843810000
2019-07-31,21030750000
2019-08-01,21009180000
2019-08-02,19248750000
2019-08-05,18516500000
2019-08-06,18647000000
2019-08-07,18502000000
2019-08-08,18850000000
2019-08-09,18523750000
2019-08-12,18183000000
2019-08-13,18190250000
2019-08-14,17849500000
2019-08-15,17226000000
2019-08-16,17784250000
2019-08-19,18016250000
2019-08-20,17798750000
2019-08-21,17987250000
2019-08-22,18009000000
2019-08-23,16827250000
2019-08-26,17044750000
2019-08-27,16747500000
2019-08-28,16638750000
2019-08-29,17175250000
2019-08-30,18922500000
2019-09-03,18755750000
2019-09-04,18806500000
2019-09-05,19437250000
2019-09-06,19596750000
2019-09-09,19937500000
2019-09-10,20379750000
2019-09-11,20307250000
2019-09-12,19886750000
2019-09-13,19654750000
2019-09-16,19872250000
2019-09-17,19778000000
2019-09-18,19393750000
2019-09-19,19480750000
2019-09-20,19045750000
2019-09-23,19444500000
2019-09-24,19169000000
2019-09-25,19734500000
2019-09-26,19154500000
2019-09-27,18712250000
2019-09-30,19045750000
2019-10-01,18966000000
2019-10-02,18647000000
2019-10-03,18755750000
2019-10-04,18465750000
2019-10-07,18552750000
2019-10-08,17929250000
2019-10-09,18168500000
2019-10-10,17994500000
2019-10-11,18473000000
2019-10-14,18610750000
2019-10-15,18777500000
2019-10-16,18560000000
2019-10-17,18502000000
2019-10-18,18313500000
2019-10-21,18357000000
2019-10-22,18357000000
2019-10-23,18473000000
2019-10-24,18734000000
2019-10-25,18980500000
2019-10-28,18944250000
2019-10-29,19560500000
2019-10-30,19741750000
2019-10-31,19422750000
2019-11-01,19795980000
2019-11-04,20016180000
2019-11-05,20236380000
2019-11-06,20199680000
2019-11-07,20192340000
2019-11-08,20192340000
2019-11-11,20273080000
2019-11-12,20610720000
2019-11-13,20368500000
2019-11-14,20471260000
2019-11-15,20691460000
2019-11-18,20662100000
2019-11-19,20896980000
2019-11-20,20552000000
2019-11-21,19972140000
2019-11-22,19935440000
2019-11-25,20471260000
2019-11-26,19781300000
2019-11-27,18709660000
2019-11-29,18027040000
2019-12-02,17740780000
2019-12-03,17623340000
2019-12-04,17726100000
2019-12-05,17601320000
2019-12-06,17520580000
2019-12-09,17718760000
2019-12-10,17608660000
2019-12-11,17740780000
2019-12-12,18408720000
2019-12-13,18350000000
2019-12-16,18401380000
2019-12-17,18562860000
2019-12-18,18592220000
2019-12-19,18548180000
2019-12-20,18452760000
2019-12-23,18761040000
2019-12-24,18900500000
2019-12-26,19340900000
2019-12-27,18959220000
2019-12-30,18929860000
2019-12-31,19106020000
2020-01-02,19443660000
2020-01-03,18805080000
2020-01-06,18995920000
2020-01-07,18518820000
2020-01-08,18592220000
2020-01-09,18452760000
2020-01-10,18408720000
2020-01-13,18526160000
2020-01-14,18907840000
2020-01-15,18812420000
2020-01-16,19091340000
2020-01-17,18717000000
2020-01-21,18327980000
2020-01-22,18570200000
2020-01-23,18731680000
2020-01-24,18584880000
2020-01-27,17902260000
2020-01-28,18100440000
2020-01-29,18203200000
2020-01-30,18364680000
2020-01-31,18285400000
2020-02-03,18433400000
2020-02-04,19129000000
2020-02-05,19040200000
2020-02-06,19809800000
2020-02-07,19351000000
2020-02-10,19536000000
2020-02-11,19587800000
2020-02-12,19980000000
2020-02-13,19698800000
2020-02-14,19824600000
2020-02-18,19780200000
2020-02-19,19994800000
2020-02-20,19846800000
2020-02-21,19388000000
2020-02-24,18107800000
2020-02-25,17323400000
2020-02-26,17219800000
2020-02-27,16331800000
2020-02-28,15170000000
2020-03-02,15887800000
2020-03-03,15658400000
2020-03-04,16265200000
2020-03-05,15310600000
2020-03-06,14851800000
2020-03-09,13586400000
2020-03-10,14674199999
2020-03-11,13845400000
2020-03-12,12276600000
2020-03-13,13475400000
2020-03-16,12076800000
2020-03-17,11743800000
2020-03-18,10826200000
2020-03-19,11980600000
2020-03-20,12180400000
2020-03-23,12720600000
2020-03-24,14563200000
2020-03-25,14748200000
2020-03-26,15947000000
2020-03-27,14526200000
2020-03-30,14918400000
2020-03-31,14829600000
2020-04-01,13830600000
2020-04-02,13919400000
2020-04-03,13660400000
2020-04-06,14585400000
2020-04-07,14385600000
2020-04-08,15140400000
2020-04-09,15577000000
2020-04-13,15170000000
2020-04-14,15495600000
2020-04-15,15162599999
2020-04-16,15406800000
2020-04-17,15562200000
2020-04-20,15355000000
2020-04-21,14023000000
2020-04-22,14526200000
2020-04-23,14585400000
2020-04-24,14881400000
2020-04-27,15066400000
2020-04-28,15310600000
2020-04-29,16265200000
2020-04-30,16006200000
2020-05-01,15012660000
2020-05-04,15220140000
2020-05-05,15086760000
2020-05-06,15197910000
2020-05-07,15672149999
2020-05-08,16383510000
2020-05-11,16279770000
2020-05-12,15857399999
2020-05-13,15405390000
2020-05-14,15716610000
2020-05-15,15798120000
2020-05-18,16435380000
2020-05-19,16531710000
2020-05-20,16761420000
2020-05-21,16665089999
2020-05-22,16168620000
2020-05-26,16687320000
2020-05-27,17102279999
2020-05-28,17109690000
2020-05-29,18636150000
2020-06-01,18532410000
2020-06-02,18450900000
2020-06-03,18324930000
2020-06-04,18465720000
2020-06-05,18962190000
2020-06-08,19391970000
2020-06-09,18776940000
2020-06-10,18539820000
2020-06-11,17487600000
2020-06-12,17606160000
2020-06-15,17665440000
2020-06-16,17895150000
2020-06-17,17835870000
2020-06-18,17798820000
2020-06-19,18361980000
2020-06-22,18124860000
2020-06-23,18399030000
2020-06-24,19932900000
2020-06-25,19369740000
2020-06-26,19614270000
2020-06-29,20177430000
2020-06-30,20622030000
2020-07-01,20377500000
2020-07-02,20177430000
2020-07-06,20295990000
2020-07-07,19873620000
2020-07-08,20325630000
2020-07-09,20155200000
2020-07-10,20058870000
2020-07-13,19436430000
2020-07-14,19710600000
2020-07-15,19777290000
2020-07-16,22185540000
2020-07-17,22659780000
2020-07-20,23067330000
2020-07-21,22919130000
2020-07-22,23185890000
2020-07-23,23089560000
2020-07-24,22822800000
2020-07-27,22882080000
2020-07-28,22289280000
2020-07-29,22407840000
2020-07-30,22207770000
2020-07-31,22641570000
2020-08-03,22888080000
2020-08-04,22828320000
2020-08-05,22932900000
2020-08-06,23067360000
2020-08-07,23007600000
2020-08-10,23396040000
2020-08-11,23291460000
2020-08-12,23396040000
2020-08-13,22536990000
2020-08-14,22671450000
2020-08-17,22589280000
2020-08-18,22716270000
2020-08-19,22649040000
2020-08-20,22574340000
2020-08-21,22880610000
2020-08-24,23298930000
2020-08-25,22947840000
2020-08-26,23508090000
2020-08-27,23627610000
2020-08-28,25054380000
2020-08-31,25002090000
2020-09-01,25114139999
2020-09-02,25913430000
2020-09-03,24800400000
2020-09-04,24464250000
2020-09-08,24277500000
2020-09-09,25293420000
2020-09-10,24763050000
2020-09-11,25121610000
2020-09-14,25300889999
2020-09-15,25390530000
2020-09-16,25495110000
2020-09-17,25188840000
2020-09-18,25114139999
2020-09-21,24785460000
2020-09-22,25091730000
2020-09-23,24830280000
2020-09-24,24740639999
2020-09-25,24867630000
2020-09-28,25472700000
2020-09-29,25883550000
2020-09-30,25614630000
2020-10-01,25554870000
2020-10-02,25412940000
2020-10-05,25808849999
2020-10-06,25532460000
2020-10-07,25510050000
2020-10-08,25980660000
2020-10-09,25883550000
2020-10-12,26204760000
2020-10-13,26682840000
2020-10-14,26735130000
2020-10-15,26503559999
2020-10-16,26548380000
2020-10-19,26301870000
2020-10-20,26264519999
2020-10-21,26421389999
2020-10-22,26025480000
2020-10-23,25801380000
2020-10-26,24501599999
2020-10-27,24053400000
2020-10-28,22970250000
2020-10-29,22903020000
2020-10-30,22897500000
2020-11-02,22905000000
2020-11-03,23460000000
2020-11-04,23640000000
2020-11-05,24510000000
2020-11-06,24540000000
2020-11-09,24405000000
2020-11-10,24547499999
2020-11-11,24652499999
2020-11-12,24472500000
2020-11-13,25117500000
2020-11-16,25589999999
2020-11-17,25785000000
2020-11-18,25680000000
2020-11-19,26025000000
2020-11-20,25964999999
2020-11-23,26362500000
2020-11-24,26722500000
2020-11-25,26347500000
2020-11-27,26527499999
2020-11-30,26227500000
2020-12-01,26790000000
2020-12-02,26790000000
2020-12-03,26940000000
2020-12-04,27390000000
2020-12-07,26737500000
2020-12-08,27307499999
2020-12-09,27180000000
2020-12-10,27412499999
2020-12-11,27217500000
2020-12-14,27517500000
2020-12-15,28020000000
2020-12-16,28065000000
2020-12-17,28387500000
2020-12-18,27705000000
2020-12-21,27757500000
2020-12-22,27630000000
2020-12-23,27885000000
2020-12-24,27734999999
2020-12-28,27675000000
2020-12-29,27165000000
2020-12-30,27547499999
2020-12-31,27847500000
2021-01-04,27540000000
2021-01-05,27907500000
2021-01-06,28140000000
2021-01-07,29002500000
2021-01-08,29339999999
2021-01-11,28732500000
2021-01-12,29160000000
2021-01-13,27060000000
2021-01-14,27832500000
2021-01-15,28214999999
2021-01-19,28440000000
2021-01-20,29272500000
2021-01-21,29220000000
2021-01-22,28852500000
2021-01-25,28755000000
2021-01-26,28890000000
2021-01-27,28065000000
2021-01-28,28087500000
2021-01-29,27948440000
2021-02-01,28357220000
2021-02-02,29591130000
2021-02-03,29818230000
2021-02-04,30416260000
2021-02-05,30529810000
2021-02-08,30658500000
2021-02-09,30522240000
2021-02-10,30514670000
2021-02-11,30484390000
2021-02-12,30696349999
2021-02-16,30461680000
2021-02-17,30393550000
2021-02-18,30560089999
2021-02-19,30976440000
2021-02-22,30976440000
2021-02-23,30893170000
2021-02-24,31324660000
2021-02-25,30552520000
2021-02-26,31089990000
2021-03-01,31862130000
2021-03-02,31718300000
2021-03-03,32058950000
2021-03-04,31748580000
2021-03-05,32732680000
2021-03-08,32641839999
2021-03-09,33164170000
2021-03-10,33625940000
2021-03-11,33981730000
2021-03-12,34057430000
2021-03-15,34246680000
2021-03-16,34163410000
2021-03-17,35003680000
2021-03-18,33784910000
2021-03-19,33603230000
2021-03-22,33497250000
2021-03-23,32884080000
2021-03-24,33111180000
2021-03-25,32974920000
2021-03-26,34125560000
2021-03-29,33830330000
2021-03-30,33974160000
2021-03-31,33807619999
2021-04-01,34163410000
2021-04-05,34269390000
2021-04-06,34314810000
2021-04-07,35094520000
2021-04-08,35503300000
2021-04-09,36002920000
2021-04-12,35836380000
2021-04-13,35480590000
2021-04-14,35548720000
2021-04-15,37933270000
2021-04-16,38894660000
2021-04-19,39659230000
2021-04-20,38917370000
2021-04-21,38887090000
2021-04-22,38538870000
2021-04-23,38887090000
2021-04-26,38493450000
2021-04-27,38622140000
2021-04-28,38122520000
2021-04-29,38349620000
2021-04-30,38005030000
2021-05-03,37791390000
2021-05-04,37310700000
2021-05-05,38035550000
2021-05-06,38562020000
2021-05-07,39065600000
2021-05-10,38531500000
2021-05-11,37806650000
2021-05-12,36364580000
2021-05-13,37257290000
2021-05-14,38043180000
2021-05-17,38027920000
2021-05-18,37936360000
2021-05-19,37417520000
2021-05-20,38111850000
2021-05-21,38058440000
2021-05-24,38706990000
2021-05-25,38462830000
2021-05-26,38523870000
2021-05-27,38539130000
2021-05-28,38127110000
2021-06-01,39752300000
2021-06-02,38958780000
2021-06-03,39294500000
2021-06-04,40019350000
2021-06-07,39752300000
2021-06-08,40164320000
2021-06-09,40179580000
2021-06-10,40118540000
2021-06-11,40187210000
2021-06-14,39714150000
2021-06-15,39759930000
2021-06-16,39714150000
2021-06-17,38516240000
2021-06-18,38096590000
2021-06-21,38653580000
2021-06-22,38562020000
2021-06-23,38348380000
2021-06-24,38294970000
2021-06-25,38455200000
2021-06-28,38554390000
2021-06-29,39500510000
2021-06-30,38523870000
2021-07-01,38142370000
2021-07-02,38409420000
2021-07-06,38020290000
2021-07-07,38455200000
2021-07-08,38264450000
2021-07-09,38745140000
2021-07-12,37539600000
2021-07-13,36242500000
2021-07-14,36097530000
2021-07-15,36196720000
2021-07-16,35670250000
2021-07-19,35899150000
2021-07-20,36860530000
2021-07-21,37188620000
2021-07-22,37081800000
2021-07-23,37318330000
2021-07-26,37280180000
2021-07-27,37142840000
2021-07-28,37066540000
2021-07-29,37409890000
2021-07-30,37495700000
2021-08-02,37365480000
2021-08-03,38192760000
2021-08-04,37794440000
2021-08-05,38162120000
2021-08-06,38238720000
2021-08-09,38223400000
2021-08-10,38192760000
2021-08-11,38951100000
2021-08-12,39004720000
2021-08-13,38813220000
2021-08-16,38667680000
2021-08-17,37955300000
2021-08-18,37625920000
2021-08-19,37334840000
2021-08-20,38223400000
2021-08-23,38851520000
2021-08-24,39088980000
2021-08-25,39602200000
2021-08-26,39403040000
2021-08-27,37618260000
2021-08-30,38085520000
2021-08-31,37817420000
2021-09-01,37541660000
2021-09-02,37664220000
2021-09-03,37694860000
2021-09-07,37258240000
2021-09-08,36821620000
2021-09-09,37396120000
2021-09-10,36959500000
2021-09-13,38376600000
2021-09-14,37809760000
2021-09-15,38974080000
2021-09-16,39349420000
2021-09-17,39012380000
2021-09-20,39142600000
2021-09-21,38545120000
2021-09-22,38522140000
2021-09-23,39847320000
2021-09-24,40306920000
2021-09-27,40697580000
2021-09-28,40858440000
2021-09-29,40889080000
2021-09-30,40368200000
2021-10-01,41049940000
2021-10-04,40835460000
2021-10-05,41103560000
2021-10-06,40935040000
2021-10-07,41540180000
2021-10-08,40766520000
2021-10-11,40820140000
2021-10-12,40260960000
2021-10-13,40230320000
2021-10-14,41134200000
2021-10-15,41792960000
2021-10-18,42160640000
2021-10-19,42995580000
2021-10-20,43317300000
2021-10-21,43838180000
2021-10-22,44443320000
2021-10-25,43570080000
2021-10-26,42765780000
2021-10-27,42061060000
2021-10-28,42712160000
2021-10-29,42514360000
2021-11-01,43101870000
2021-11-02,41667430000
2021-11-03,42117600000
2021-11-04,41636910000
2021-11-05,43002680000
2021-11-08,42369390000
2021-11-09,42789040000
2021-11-10,43201060000
2021-11-11,42872970000
2021-11-12,42728000000
2021-11-15,43262100000
2021-11-16,43262100000
2021-11-17,42728000000
2021-11-18,42651700000
2021-11-19,41980260000
2021-11-22,42064190000
2021-11-23,41713210000
2021-11-24,43719900000
2021-11-26,42865340000
2021-11-29,43925910000
2021-11-30,43086610000
2021-12-01,42499100000
2021-12-02,43605450000
2021-12-03,44620240000
2021-12-06,44826250000
2021-12-07,44948330000
2021-12-08,44559200000
2021-12-09,43986950000
2021-12-10,43948800000
2021-12-13,42514360000
2021-12-14,41682690000
2021-12-15,42758520000
2021-12-16,41957370000
2021-12-17,41697950000
2021-12-20,40896800000
2021-12-21,42308350000
2021-12-22,42247310000
2021-12-23,42636440000
2021-12-27,43185800000
2021-12-28,43452850000
2021-12-29,43529150000
2021-12-30,43117130000
2021-12-31,42857710000
2022-01-03,43475740000
2022-01-04,44627870000
2022-01-05,44238740000
2022-01-06,44284520000
2022-01-07,44246370000
2022-01-10,45688440000
2022-01-11,45970750000
2022-01-12,45741850000
2022-01-13,45909710000
2022-01-14,46184390000
2022-01-18,45383240000
2022-01-19,44223480000
2022-01-20,43796200000
2022-01-21,42399910000
2022-01-24,42285460000
2022-01-25,42300720000
2022-01-26,42224420000
2022-01-27,42308350000
2022-01-28,42404960000
2022-01-31,42834740000
2022-02-01,44161780000
2022-02-02,44787600000
2022-02-03,44636800000
2022-02-04,44289960000
2022-02-07,44455840000
2022-02-08,45202300000
2022-02-09,45820580000
2022-02-10,45782880000
2022-02-11,44870540000
2022-02-14,44184400000
2022-02-15,45104280000
2022-02-16,45458660000
2022-02-17,44682040000
2022-02-18,44410600000
2022-02-22,43076020000
2022-02-23,42812120000
2022-02-24,42103360000
2022-02-25,38800840000
2022-02-28,38423840000
2022-03-01,37609520000
2022-03-02,40414400000
2022-03-03,39652860000
2022-03-04,39177840000
2022-03-07,37194820000
2022-03-08,37880960000
2022-03-09,39192920000
2022-03-10,39185380000
2022-03-11,39215540000
2022-03-14,38257960000
2022-03-15,39268320000
2022-03-16,39185380000
2022-03-17,38084540000
2022-03-18,39079820000
2022-03-21,39449280000
2022-03-22,39954460000
2022-03-23,39660400000
2022-03-24,40346540000
2022-03-25,41311660000
2022-03-28,40942200000
2022-03-29,41492620000
2022-03-30,40957280000
2022-03-31,37843260000
2022-04-01,36795200000
2022-04-04,37232520000
2022-04-05,36689640000
2022-04-06,35528480000
2022-04-07,35958260000
2022-04-08,35732060000
2022-04-11,35400300000
2022-04-12,35513400000
2022-04-13,35671740000
2022-04-14,35392760000
2022-04-18,35769760000
2022-04-19,36184460000
2022-04-20,36946000000
2022-04-21,36350340000
2022-04-22,35339980000
2022-04-25,35641580000
2022-04-26,35068540000
2022-04-27,35098700000
2022-04-28,36282480000
2022-04-29,34740390000
2022-05-02,35102500000
2022-05-03,35361150000
2022-05-04,36070590000
2022-05-05,34925140000
2022-05-06,33683620000
2022-05-09,33395410000
2022-05-10,33624500000
2022-05-11,32818989999
2022-05-12,32323860000
2022-05-13,33321510000
2022-05-16,33277170000
2022-05-17,34444790000
2022-05-18,32006090000
2022-05-19,30372900000
2022-05-20,29596949999
2022-05-23,30461580000
2022-05-24,30210320000
2022-05-25,31998699999
2022-05-26,32464270000
2022-05-27,36639620000
2022-05-31,36905660000
2022-06-01,37445130000
2022-06-02,37895920000
2022-06-03,37703780000
2022-06-06,36979560000
2022-06-07,37799850000
2022-06-08,37193870000
2022-06-09,37208650000
2022-06-10,36329240000
2022-06-13,34917750000
2022-06-14,34991650000
2022-06-15,35405490000
2022-06-16,33912710000
2022-06-17,35169010000
2022-06-21,36380970000
2022-06-22,35922790000
2022-06-23,36240560000
2022-06-24,37134750000
2022-06-27,37127360000
2022-06-28,36166660000
2022-06-29,35021210000
2022-06-30,34149190000
2022-07-01,31584860000
2022-07-05,31880460000
2022-07-06,31185800000
2022-07-07,31732660000
2022-07-08,31717880000
2022-07-11,31392719999
2022-07-12,31813949999
2022-07-13,31880460000
2022-07-14,31555300000
2022-07-15,32116940000
2022-07-18,31703100000
2022-07-19,32545560000
2022-07-20,32641630000
2022-07-21,32996350000
2022-07-22,32028260000
2022-07-25,32405150000
2022-07-26,32094770000
2022-07-27,32730310000
2022-07-28,32885500000
2022-07-29,32803680000
2022-08-01,33065760000
2022-08-02,32221280000
2022-08-03,32359600000
2022-08-04,32177600000
2022-08-05,33058479999
2022-08-08,33087600000
2022-08-09,32825520000
2022-08-10,34383440000
2022-08-11,34652800000
2022-08-12,35104160000
2022-08-15,35162400000
2022-08-16,35373520000
2022-08-17,34820240000
2022-08-18,35628320000
2022-08-19,34703760000
2022-08-22,34099520000
2022-08-23,34172320000
2022-08-24,33939360000
2022-08-25,34871200000
2022-08-26,30161040000
2022-08-29,29549520000
2022-08-30,28894320000
2022-08-31,27875120000
2022-09-01,27409200000
2022-09-02,27511120000
2022-09-06,27147120000
2022-09-07,27649439999
2022-09-08,28028000000
2022-09-09,28967120000
2022-09-12,29338399999
2022-09-13,27882399999
2022-09-14,27758640000
2022-09-15,27409200000
2022-09-16,27634880000
2022-09-19,27532960000
2022-09-20,26899600000
2022-09-21,26775840000
2022-09-22,26411840000
2022-09-23,25858560000
2022-09-26,25261600000
2022-09-27,25276160000
2022-09-28,25691120000
2022-09-29,24890320000
2022-09-30,24875760000
2022-10-03,26120640000
2022-10-04,27270880000
2022-10-05,27562080000
2022-10-06,27285439999
2022-10-07,25188800000
2022-10-10,25101439999
2022-10-11,24657360000
2022-10-12,24584560000
2022-10-13,25472720000
2022-10-14,24941280000
2022-10-17,25094160000
2022-10-18,25159680000
2022-10-19,25108720000
2022-10-20,25378080000
2022-10-21,26826800000
2022-10-24,27139840000
2022-10-25,27474720000
2022-10-26,27511120000
2022-10-27,27489280000
2022-10-28,28038559999
2022-10-31,27494400000
2022-11-01,28031400000
2022-11-02,26971720000
2022-11-03,26742600000
2022-11-04,27924000000
2022-11-07,28546920000
2022-11-08,28940720000
2022-11-09,28160280000
2022-11-10,29871520000
2022-11-11,30558880000
2022-11-14,30251000000
2022-11-15,30322600000
2022-11-16,29484880000
2022-11-17,29900160000
2022-11-18,30100640000
2022-11-21,29406120000
2022-11-22,31396600000
2022-11-23,31940760000
2022-11-25,31955080000
2022-11-28,31203280000
2022-11-29,31160320000
2022-11-30,32069640000
2022-12-01,32148400000
2022-12-02,31890640000
2022-12-05,30838120000
2022-12-06,30408520000
2022-12-07,30014720000
2022-12-08,30236679999
2022-12-09,29950280000
2022-12-12,30694920000
2022-12-13,30680600000
2022-12-14,29842880000
2022-12-15,28196080000
2022-12-16,28103000000
2022-12-19,27924000000
2022-12-20,27888200000
2022-12-21,28009920000
2022-12-22,28024240000
2022-12-23,28009920000
2022-12-27,28217559999
2022-12-28,27752160000
2022-12-29,28511120000
2022-12-30,28797520000
2023-01-03,29284400000
2023-01-04,29313040000
2023-01-05,29262920000
2023-01-06,30372720000
2023-01-09,30272480000
2023-01-10,30422840000
2023-01-11,29191320000
2023-01-12,28589880000
2023-01-13,28768880000
2023-01-17,28661480000
2023-01-18,28654320000
2023-01-19,28253360000
2023-01-20,28826160000
2023-01-23,29384640000
2023-01-24,29062440000
2023-01-25,29012320000
2023-01-26,29348840000
2023-01-27,28861960000
2023-01-30,28647160000
2023-01-31,29083920000
2023-02-01,29520679999
2023-02-02,30372720000
2023-02-03,30581760000
2023-02-06,29655040000
2023-02-07,30400760000
2023-02-08,30292160000
2023-02-09,30436960000
2023-02-10,30929280000
2023-02-13,31421600000
2023-02-14,31153720000
2023-02-15,30987199999
2023-02-16,30929280000
2023-02-17,30755519999
2023-02-21,30328360000
2023-02-22,30270440000
2023-02-23,30429720000
2023-02-24,30125640000
2023-02-27,29684000000
2023-02-28,29423360000
2023-03-01,29278560000
2023-03-02,29083080000
2023-03-03,28807960000
2023-03-06,28286680000
2023-03-07,27512000000
2023-03-08,28069480000
2023-03-09,27367199999
2023-03-10,26585280000
2023-03-13,26476680000
2023-03-14,27186199999
2023-03-15,27157240000
2023-03-16,27548199999
2023-03-17,26947280000
2023-03-20,27910199999
2023-03-21,28344600000
2023-03-22,27569920000
2023-03-23,27381680000
2023-03-24,27063120000
2023-03-27,27504760000
2023-03-28,27736440000
2023-03-29,28322880000
2023-03-30,28858640000
2023-03-31,29112040000
2023-04-03,29662280000
2023-04-04,29589880000
2023-04-05,29539199999
2023-04-06,29126519999
2023-04-10,29995320000
2023-04-11,30118400000
2023-04-12,30313880000
2023-04-13,30878600000
2023-04-14,31334720000
2023-04-17,31805320000
2023-04-18,32942000000
2023-04-19,31732920000
2023-04-20,31074080000
2023-04-21,31211640000
2023-04-24,30900320000
2023-04-25,30198040000
2023-04-26,30169080000
2023-04-27,30987199999
2023-04-28,31486760000
2023-05-01,31725680000
2023-05-02,32406240000
2023-05-03,32695839999
2023-05-04,31986320000
2023-05-05,32953140000
2023-05-08,33410520000
2023-05-09,33381479999
2023-05-10,33272580000
2023-05-11,32452200000
2023-05-12,32495760000
2023-05-15,32619180000
2023-05-16,32945880000
2023-05-17,33287100000
2023-05-18,34209120000
2023-05-19,34666500000
2023-05-22,34514040000
2023-05-23,33650100000
2023-05-24,33330659999
2023-05-25,34906080000
2023-05-26,35218260000
2023-05-30,34354320000
2023-05-31,32532060000
2023-06-01,33003960000
2023-06-02,34318020000
2023-06-05,33018479999
2023-06-06,34013100000
2023-06-07,34601160000
2023-06-08,34768140000
2023-06-09,34564860000
2023-06-12,34898820000
2023-06-13,35428800000
2023-06-14,35849880000
2023-06-15,36445200000
2023-06-16,36060420000
2023-06-20,35813580000
2023-06-21,36343560000
2023-06-22,37229280000
2023-06-23,36931620000
2023-06-26,37258320000
2023-06-27,37309140000
2023-06-28,37585020000
2023-06-29,38550600000
2023-06-30,39283860000
2023-07-03,39646860000
2023-07-05,39356460000
2023-07-06,39058800000
2023-07-07,38862780000
2023-07-10,39835620000
2023-07-11,40467240000
2023-07-12,39327420000
2023-07-13,40394640000
2023-07-14,40234920000
2023-07-17,39712200000
2023-07-18,39080580000
2023-07-19,39421800000
2023-07-20,38913600000
2023-07-21,38884560000
2023-07-24,39007980000
2023-07-25,39472620000
2023-07-26,39145920000
2023-07-27,38993460000
2023-07-28,38194860000
2023-07-31,38419920000
2023-08-01,38746620000
2023-08-02,38441700000
2023-08-03,38848260000
2023-08-04,38439280000
2023-08-07,39399540000
2023-08-08,41572760000
2023-08-09,40843540000
2023-08-10,40432000000
2023-08-11,41038480000
2023-08-14,40980720000
2023-08-15,40237060000
2023-08-16,39868840000
2023-08-17,39608920000
2023-08-18,39659460000
2023-08-21,40468100000
2023-08-22,40287600000
2023-08-23,41031260000
2023-08-24,40944620000
2023-08-25,40583620000
2023-08-28,41291180000
2023-08-29,40793000000
2023-08-30,40208180000
2023-08-31,40605280000
2023-09-01,49233180000
2023-09-05,49168199999
2023-09-06,50879340000
2023-09-07,49803560000
2023-09-08,50901000000
2023-09-11,52099520000
2023-09-12,51067060000
2023-09-13,50864900000
2023-09-14,51377520000
2023-09-15,50027380000
2023-09-18,49926300000
2023-09-19,50467800000
2023-09-20,49774680000
2023-09-21,49413680000
2023-09-22,50576100000
2023-09-25,50561660000
2023-09-26,49767460000
2023-09-27,49059900000
2023-09-28,49457000000
2023-09-29,49745800000
2023-10-02,48879400000
2023-10-03,48547280000
2023-10-04,48518400000
2023-10-05,47789180000
2023-10-06,47948020000
2023-10-09,48503960000
2023-10-10,49081560000
2023-10-11,50785480000
2023-10-12,49854100000
2023-10-13,49124880000
2023-10-16,48922720000
2023-10-17,49023800000
2023-10-18,48294580000
2023-10-19,48395660000
2023-10-20,47587020000
2023-10-23,47319880000
2023-10-24,48337900000
2023-10-25,47897480000
2023-10-26,46576220000
2023-10-27,47623119999
2023-10-30,47962460000
2023-10-31,48309020000
2023-11-01,49579740000
2023-11-02,49565300000
2023-11-03,49097359752
2023-11-06,50834944344
2023-11-07,50580663672
2023-11-08,51195175296
2023-11-09,51025654848
2023-11-10,51915637200
2023-11-13,52106347704
2023-11-14,52191107928
2023-11-15,51520089488
2023-11-16,51237555408
2023-11-17,51986270719
2023-11-20,51816750272
2023-11-21,52000397424
2023-11-22,52749112736
2023-11-24,52558402232
2023-11-27,52593718991
2023-11-28,52289994856
2023-11-29,53017520112
2023-11-30,53589651624
2023-12-01,50806690936
2023-12-04,48963156063
2023-12-05,48941966008
2023-12-06,47769449576
2023-12-07,48447531368
2023-12-08,48525228240
2023-12-11,48906649248
2023-12-12,49436400648
2023-12-13,49351640424
2023-12-14,51159858536
2023-12-15,50587727024
2023-12-18,51823813624
2023-12-19,51936827256
2023-12-20,51152795184
2023-12-21,53201167263
2023-12-22,53476637991
2023-12-26,54387810400
2023-12-27,54571457552
2023-12-28,54161783136
2023-12-29,54034642800
2024-01-02,52826809608
2024-01-03,54105276319
2024-01-04,53660285144
2024-01-05,53568461568
2024-01-08,56054761472
2024-01-09,54465507272
2024-01-10,55270729400
2024-01-11,56301978791
2024-01-12,56019444712
2024-01-16,56167775104
2024-01-17,54853991632
2024-01-18,55383743032
2024-01-19,58760025288
2024-01-22,57312038128
2024-01-23,58223210536
2024-01-24,59127319591
2024-01-25,58654075008
2024-01-26,59487550544
2024-01-29,58915419032
2024-01-30,59897224960
2024-01-31,58541061376
2024-02-01,60589433456
2024-02-02,61114559999
2024-02-05,60682679999
2024-02-06,58537440000
2024-02-07,59287920000
2024-02-08,60038400000
2024-02-09,61029600000
2024-02-12,61326960000
2024-02-13,59457840000
2024-02-14,60916320000
2024-02-15,58565760000
2024-02-16,59620679999
2024-02-20,58381679999
2024-02-21,57624120000
2024-02-22,62155320000
2024-02-23,63967799999
2024-02-26,65681160000
2024-02-27,64824480000
2024-02-28,66021000000
2024-02-29,67019280000
2024-03-01,88209720000
2024-03-04,86220240000
2024-03-05,83367000000
2024-03-06,83898000000
2024-03-07,85314000000
2024-03-08,82305000000
2024-03-11,82028880000
2024-03-12,80393400000
2024-03-13,77880000000
2024-03-14,75366600000
2024-03-15,75756000000
2024-03-18,75494040000
2024-03-19,76124160000
2024-03-20,78637560000
2024-03-21,80740320000
2024-03-22,79465920000
2024-03-25,80004000000
2024-03-26,81172200000
2024-03-27,79069440000
2024-03-28,80789880000
2024-04-01,84705120000
2024-04-02,83855520000
2024-04-03,91034640000
2024-04-04,90029280000
2024-04-05,93965760000
2024-04-08,90022200000
2024-04-09,87600840000
2024-04-10,87345960000
2024-04-11,87820320000
2024-04-12,83374080000
2024-04-15,83409480000
2024-04-16,85724640000
2024-04-17,84690960000
2024-04-18,83805960000
2024-04-19,81327960000
2024-04-22,81802320000
2024-04-23,85406040000
2024-04-24,85101600000
2024-04-25,88436280000
2024-04-26,88542480000
2024-04-29,90411600000
2024-04-30,88245120000
2024-05-01,84096240000
2024-05-02,87360120000
2024-05-03,88570800000
2024-05-06,91565640000
2024-05-07,90305400000
2024-05-08,93179880000
2024-05-09,93229440000
2024-05-10,94001160000
2024-05-13,92755080000
2024-05-14,94956960000
2024-05-15,105605280000
2024-05-16,103580400000
2024-05-17,105860160000
2024-05-20,102978599999
2024-05-21,104245920000
2024-05-22,104628240000
2024-05-23,108727560000
2024-05-24,113407440000
2024-05-28,117584640000
2024-05-29,126880680000
2024-05-30,120303359999
2024-05-31,98808480000
2024-06-03,93477240000
2024-06-04,96118080000
2024-06-05,97463280000
2024-06-06,94843680000
2024-06-07,92018760000
2024-06-10,93774599999
2024-06-11,93201119999
2024-06-12,93321480000
2024-06-13,95594160000
2024-06-14,95565840000
2024-06-17,100557240000
2024-06-18,105598200000
2024-06-20,105152160000
2024-06-21,102702480000
2024-06-24,97392480000
2024-06-25,99367800000
2024-06-26,97873920000
2024-06-27,98716440000
2024-06-28,97640280000
2024-07-01,101116560000
2024-07-02,101576760000
2024-07-03,101010359999
2024-07-05,98383680000
2024-07-08,103346760000
2024-07-09,103183920000
2024-07-10,103205160000
2024-07-11,99629760000
2024-07-12,98815560000
2024-07-15,97151760000
2024-07-16,95056080000
2024-07-17,88620360000
2024-07-18,88740720000
2024-07-19,89059320000
2024-07-22,91147920000
2024-07-23,89101800000
2024-07-24,82212960000
2024-07-25,78892440000
2024-07-26,80400480000
2024-07-29,78729600000
2024-07-30,76895880000
2024-07-31,80485440000
2024-08-01,76768440000
2024-08-02,72421320000
2024-08-05,69511440000
2024-08-06,67026360000
2024-08-07,62226120000
2024-08-08,64753679999
2024-08-09,65525400000
