,EC
2008-09-18,37993929039
2008-09-19,41831699649
2008-09-22,41371167175
2008-09-23,38300950687
2008-09-24,37533396565
2008-09-25,39513686200
2008-09-26,39145260222
2008-09-29,36105745898
2008-09-30,36842597856
2008-10-01,48668196377
2008-10-02,46948114592
2008-10-03,49578827910
2008-10-06,45308977833
2008-10-07,43103225897
2008-10-08,38044161825
2008-10-09,40472512580
2008-10-10,36425261322
2008-10-13,42030704314
2008-10-14,40533221348
2008-10-15,37942980543
2008-10-16,37275184086
2008-10-17,37437074136
2008-10-20,39541644790
2008-10-21,37942980543
2008-10-22,35413448507
2008-10-23,35251558457
2008-10-24,31872103656
2008-10-27,30435329460
2008-10-28,32357773807
2008-10-29,34543289487
2008-10-30,34401635693
2008-10-31,34300454411
2008-11-03,33895729285
2008-11-04,36829986447
2008-11-05,33895729285
2008-11-06,34381399436
2008-11-07,35332503482
2008-11-10,33369586622
2008-11-11,34462344461
2008-11-12,34401635693
2008-11-13,34603998255
2008-11-14,35615811070
2008-11-17,35818173633
2008-11-18,34340926924
2008-11-19,32378010064
2008-11-20,33875493029
2008-11-21,30759109560
2008-11-24,35393212251
2008-11-25,31730449862
2008-11-26,36627623884
2008-11-28,35555102301
2008-12-01,33976674310
2008-12-02,34603998255
2008-12-03,35190849688
2008-12-04,34421871949
2008-12-05,34907542100
2008-12-08,36182426246
2008-12-09,35534866045
2008-12-10,35372975994
2008-12-11,36829986447
2008-12-12,36425261322
2008-12-15,37639436699
2008-12-16,38651249513
2008-12-17,38145343106
2008-12-18,36425261322
2008-12-19,43507951023
2008-12-22,38853612076
2008-12-23,38752430795
2008-12-24,36627623884
2008-12-26,37234711573
2008-12-29,36101481221
2008-12-30,37437074136
2008-12-31,37174002804
2009-01-02,37234711573
2009-01-05,38448886951
2009-01-06,39055974639
2009-01-07,37639436699
2009-01-08,37841799262
2009-01-09,37093057779
2009-01-12,37133530292
2009-01-13,37315656598
2009-01-14,36425261322
2009-01-15,35656283582
2009-01-16,39460699765
2009-01-20,35433684763
2009-01-21,36728805166
2009-01-22,35413448507
2009-01-23,35939591171
2009-01-26,35716992351
2009-01-27,35413448507
2009-01-28,35656283582
2009-01-29,34340926924
2009-01-30,34017146823
2009-02-02,33349350365
2009-02-03,33551712928
2009-02-04,33895729285
2009-02-05,35413448507
2009-02-06,34401635693
2009-02-09,35312267226
2009-02-10,34725415793
2009-02-11,33693366722
2009-02-12,33895729285
2009-02-13,34624234512
2009-02-17,33875493029
2009-02-18,33045806521
2009-02-19,33126751546
2009-02-20,31912576169
2009-02-23,30981708379
2009-02-24,32479191345
2009-02-25,31487614787
2009-02-26,33066042777
2009-02-27,32074466219
2009-03-02,32883916471
2009-03-03,32337537551
2009-03-04,34158800617
2009-03-05,31689977350
2009-03-06,32378010064
2009-03-09,32762498933
2009-03-10,33754075491
2009-03-11,33592185441
2009-03-12,34846833331
2009-03-13,34664707024
2009-03-16,34401635693
2009-03-17,35797937377
2009-03-18,36384788809
2009-03-19,37416837880
2009-03-20,37072821523
2009-03-23,37841799262
2009-03-24,36850222704
2009-03-25,35008723381
2009-03-26,36101481221
2009-03-27,34624234512
2009-03-30,34239745642
2009-03-31,33389822878
2009-04-01,34888528125
2009-04-02,35596821909
2009-04-03,36224167833
2009-04-06,35920613354
2009-04-07,36345589624
2009-04-08,36345589624
2009-04-09,36871750721
2009-04-13,36224167833
2009-04-14,36406300520
2009-04-15,36406300520
2009-04-16,36871750721
2009-04-17,36628907138
2009-04-20,35414689222
2009-04-21,35475400118
2009-04-22,37438385749
2009-04-23,36770565895
2009-04-24,37903835950
2009-04-27,37094357339
2009-04-28,36102746041
2009-04-29,37114594305
2009-04-30,36446774451
2009-05-01,38247864360
2009-05-04,38753788492
2009-05-05,39138290832
2009-05-06,38996632075
2009-05-07,40575115366
2009-05-08,42477390101
2009-05-11,41040565567
2009-05-12,41829807213
2009-05-13,40554878401
2009-05-14,41425067907
2009-05-15,41445304872
2009-05-18,41951229004
2009-05-19,42760707615
2009-05-20,43428527469
2009-05-21,42355968310
2009-05-22,43590423191
2009-05-26,43266631747
2009-05-27,42963077268
2009-05-28,44845115038
2009-05-29,45108195586
2009-06-01,47233076940
2009-06-02,48062792516
2009-06-03,46079569919
2009-06-04,48568716648
2009-06-05,48042555550
2009-06-08,46990233356
2009-06-09,47577105349
2009-06-10,48447294856
2009-06-11,50369806557
2009-06-12,50126962973
2009-06-15,49438906154
2009-06-16,48366346995
2009-06-17,47961607689
2009-06-18,49580564911
2009-06-19,49297247397
2009-06-22,47536631419
2009-06-23,48568716648
2009-06-24,46949759426
2009-06-25,47496157488
2009-06-26,48508005752
2009-06-29,49823408494
2009-06-30,49357958293
2009-07-01,50794125207
2009-07-02,49438266088
2009-07-06,49863236857
2009-07-07,48163353782
2009-07-08,48568087848
2009-07-09,47839566530
2009-07-10,49033532023
2009-07-13,49579923011
2009-07-14,49276372462
2009-07-15,51300042789
2009-07-16,51542883228
2009-07-17,53586790258
2009-07-20,54679572235
2009-07-21,54396258389
2009-07-22,54841465861
2009-07-23,58220995307
2009-07-24,57775787835
2009-07-27,56500875529
2009-07-28,54922412674
2009-07-29,53121346083
2009-07-30,55408093553
2009-07-31,55792590915
2009-08-03,56763952672
2009-08-04,56925846298
2009-08-05,56925846298
2009-08-06,56784189375
2009-08-07,57047266518
2009-08-10,57027029814
2009-08-11,55104543004
2009-08-12,54537915312
2009-08-13,56359218606
2009-08-14,55772354212
2009-08-17,53627263665
2009-08-18,53445133336
2009-08-19,55003359487
2009-08-20,55145016410
2009-08-21,56055668057
2009-08-24,55833064321
2009-08-25,55448566959
2009-08-26,54396258389
2009-08-27,54720045642
2009-08-28,53789157291
2009-08-31,52413061469
2009-09-01,50429864548
2009-09-02,51704776854
2009-09-03,52797558831
2009-09-04,53445133336
2009-09-08,56258035090
2009-09-09,54578388719
2009-09-10,54679572235
2009-09-11,53222529600
2009-09-14,53424896632
2009-09-15,54942649378
2009-09-16,55650933992
2009-09-17,54720045642
2009-09-18,56500875529
2009-09-21,56521112233
2009-09-22,57330580363
2009-09-23,57087739924
2009-09-24,55853301025
2009-09-25,56642532452
2009-09-28,56662769156
2009-09-29,56743715969
2009-09-30,57856734648
2009-10-01,55686487070
2009-10-02,56536353515
2009-10-05,57467159622
2009-10-06,58013502337
2009-10-07,58377730813
2009-10-08,59126422681
2009-10-09,59693000312
2009-10-12,60704746080
2009-10-13,60178638280
2009-10-14,60684511164
2009-10-15,59470416243
2009-10-16,59612060650
2009-10-19,59328771835
2009-10-20,57224340638
2009-10-21,57426689791
2009-10-22,56334004362
2009-10-23,55747191816
2009-10-26,54310512826
2009-10-27,53096417904
2009-10-28,50324234500
2009-10-29,53015478243
2009-10-30,52185846713
2009-11-02,52206081628
2009-11-03,51234805691
2009-11-04,53177357566
2009-11-05,54371217572
2009-11-06,53804639942
2009-11-09,55038969779
2009-11-10,55180614186
2009-11-11,54877090456
2009-11-12,54411687403
2009-11-13,53683230450
2009-11-16,55443668086
2009-11-17,54917560287
2009-11-18,54775915879
2009-11-19,54148633503
2009-11-20,52307256205
2009-11-23,53662995534
2009-11-24,53561820957
2009-11-25,54391452487
2009-11-27,52691719597
2009-11-30,50202825008
2009-12-01,51760913490
2009-12-02,51599034168
2009-12-03,52428665697
2009-12-04,52165611798
2009-12-07,51335980268
2009-12-08,50971751791
2009-12-09,51781148406
2009-12-10,50789637553
2009-12-11,51416919929
2009-12-14,50486113823
2009-12-15,50283764669
2009-12-16,50749167722
2009-12-17,49170844324
2009-12-18,49595777547
2009-12-21,49049434832
2009-12-22,48543561948
2009-12-23,49029199917
2009-12-24,48968495171
2009-12-28,49454133139
2009-12-29,48907790425
2009-12-30,48482857202
2009-12-31,49089904663
2010-01-04,50408514418
2010-01-05,50368041905
2010-01-06,50610876981
2010-01-07,50752530775
2010-01-08,51278673438
2010-01-11,52614266354
2010-01-12,51137019644
2010-01-13,50671585750
2010-01-14,51096547132
2010-01-15,51420327232
2010-01-19,51885761127
2010-01-20,50712058262
2010-01-21,47757564844
2010-01-22,48101581201
2010-01-25,49335992835
2010-01-26,48850322684
2010-01-27,50125206830
2010-01-28,49578827910
2010-01-29,49295520322
2010-02-01,50590640725
2010-02-02,51217964669
2010-02-03,50185915599
2010-02-04,48567015096
2010-02-05,49032448990
2010-02-08,48465833814
2010-02-09,50347805649
2010-02-10,51238200926
2010-02-11,52067887434
2010-02-12,51440563489
2010-02-16,52330958765
2010-02-17,52715447635
2010-02-18,52917810198
2010-02-19,52573793841
2010-02-22,52270249997
2010-02-23,53079700248
2010-02-24,54820018289
2010-02-25,54051040550
2010-02-26,54455765676
2010-03-01,54759309520
2010-03-02,55406869722
2010-03-03,55244979671
2010-03-04,54597419470
2010-03-05,56438918792
2010-03-08,56600808843
2010-03-09,56580572586
2010-03-10,57430495351
2010-03-11,58057819296
2010-03-12,56965061456
2010-03-15,57855456733
2010-03-16,57470967863
2010-03-17,58138764321
2010-03-18,57592385401
2010-03-19,56884116431
2010-03-22,56823407662
2010-03-23,57511440376
2010-03-24,56803171406
2010-03-25,56722226380
2010-03-26,56479391305
2010-03-29,57046006481
2010-03-30,57046006481
2010-03-31,57329314069
2010-04-01,57855456733
2010-04-05,57450731607
2010-04-06,58239945602
2010-04-07,57046006481
2010-04-08,57349550325
2010-04-09,56944825200
2010-04-12,56580572586
2010-04-13,56499627561
2010-04-14,56459155049
2010-04-15,56418682536
2010-04-16,55852067360
2010-04-19,55164034646
2010-04-20,55730649822
2010-04-21,56985297712
2010-04-22,56701990124
2010-04-23,57592385401
2010-04-26,57895929245
2010-04-27,56459155049
2010-04-28,56256792486
2010-04-29,57228132788
2010-04-30,57632857913
2010-05-03,57531676632
2010-05-04,56034193667
2010-05-05,55528287259
2010-05-06,53059463992
2010-05-07,52938046454
2010-05-10,55548523516
2010-05-11,56094902435
2010-05-12,57491204119
2010-05-13,57005533968
2010-05-14,55224743415
2010-05-17,55609232284
2010-05-18,55285452184
2010-05-19,54981908339
2010-05-20,52614266354
2010-05-21,53545134143
2010-05-24,54091513063
2010-05-25,54577183214
2010-05-26,53828441731
2010-05-27,56074666179
2010-05-28,55366397209
2010-06-01,55325924696
2010-06-02,56762698893
2010-06-03,56944825200
2010-06-04,55528287259
2010-06-07,54334348138
2010-06-08,56418682536
2010-06-09,55872303616
2010-06-10,57632857913
2010-06-11,57572149145
2010-06-14,57167424019
2010-06-15,57895929245
2010-06-16,58219709346
2010-06-17,58664906984
2010-06-18,58766088266
2010-06-21,59413648467
2010-06-22,58199473090
2010-06-23,59858846105
2010-06-24,58017346783
2010-06-25,58604198215
2010-06-28,58887505803
2010-06-29,58685143241
2010-06-30,58017346783
2010-07-01,58361363140
2010-07-02,58482780678
2010-07-06,58523253190
2010-07-07,60486170050
2010-07-08,60587351332
2010-07-09,62388378142
2010-07-12,62145543066
2010-07-13,62368141885
2010-07-14,63804916082
2010-07-15,65100036484
2010-07-16,65160745253
2010-07-19,65059563972
2010-07-20,66536810681
2010-07-21,65949959249
2010-07-22,68054529903
2010-07-23,68175947441
2010-07-26,68702090104
2010-07-27,68560436310
2010-07-28,68054529903
2010-07-29,68439018772
2010-07-30,69046106461
2010-08-02,69794847944
2010-08-03,72466033774
2010-08-04,73680209151
2010-08-05,75805016062
2010-08-06,75825252318
2010-08-09,76149032419
2010-08-10,74530131916
2010-08-11,72870758900
2010-08-12,71494693472
2010-08-13,74226588071
2010-08-16,75339582167
2010-08-17,74611076941
2010-08-18,74530131916
2010-08-19,74368241865
2010-08-20,74489659403
2010-08-23,74084934277
2010-08-24,75299109655
2010-08-25,74955093298
2010-08-26,76675175082
2010-08-27,77504861590
2010-08-30,76371631238
2010-08-31,78375020611
2010-09-01,81815184180
2010-09-02,78880927018
2010-09-03,81714002899
2010-09-07,81491404079
2010-09-08,84628023804
2010-09-09,85477946568
2010-09-10,83919754834
2010-09-13,83494793452
2010-09-14,82321090587
2010-09-15,79467778450
2010-09-16,79589195988
2010-09-17,79548723475
2010-09-20,81754475411
2010-09-21,82928178276
2010-09-22,80702190084
2010-09-23,79123762093
2010-09-24,80135574908
2010-09-27,80985497672
2010-09-28,82948414532
2010-09-29,85720781644
2010-09-30,84486370010
2010-10-01,85012512674
2010-10-04,83778101040
2010-10-05,88634802550
2010-10-06,93734339135
2010-10-07,90132285515
2010-10-08,91609532224
2010-10-11,93187960215
2010-10-12,94685443180
2010-10-13,95656783482
2010-10-14,94442608105
2010-10-15,95413948407
2010-10-18,97518519061
2010-10-19,96182926146
2010-10-20,96304343684
2010-10-21,96284107427
2010-10-22,96769777578
2010-10-25,96931667629
2010-10-26,96951903885
2010-10-27,96607887528
2010-10-28,94725915693
2010-10-29,96607887528
2010-11-01,97619700342
2010-11-02,97700645368
2010-11-03,98044661725
2010-11-04,100877737605
2010-11-05,104398846200
2010-11-08,105066642657
2010-11-09,102962072003
2010-11-10,101181281450
2010-11-11,96688832553
2010-11-12,91730949762
2010-11-15,93127251446
2010-11-16,88391967474
2010-11-17,90759609460
2010-11-18,93349850265
2010-11-19,88756220087
2010-11-22,89039527676
2010-11-23,86509995639
2010-11-24,88493148756
2010-11-26,83251958377
2010-11-29,81896129205
2010-11-30,81289041516
2010-12-01,82543689406
2010-12-02,85761254157
2010-12-03,84749441342
2010-12-06,87359918403
2010-12-07,85801726669
2010-12-08,85943380463
2010-12-09,87420627172
2010-12-10,88574093781
2010-12-13,86813539484
2010-12-14,88837165113
2010-12-15,86206451795
2010-12-16,86004089232
2010-12-17,82867469507
2010-12-20,83717392271
2010-12-21,84243534935
2010-12-22,86186215539
2010-12-23,84951803905
2010-12-27,85052985186
2010-12-28,83980463603
2010-12-29,86165979282
2010-12-30,87076610815
2010-12-31,88270549936
2011-01-03,86044561745
2011-01-04,84385188729
2011-01-05,83535265965
2011-01-06,82584161919
2011-01-07,82907942020
2011-01-10,82847233251
2011-01-11,83474557196
2011-01-12,85498182825
2011-01-13,87359918403
2011-01-14,87137319584
2011-01-18,88655038806
2011-01-19,88149132399
2011-01-20,85821962925
2011-01-21,86469523127
2011-01-24,85660072875
2011-01-25,83757864784
2011-01-26,86307633076
2011-01-27,85741017900
2011-01-28,85518419081
2011-01-31,86489759383
2011-02-01,87218264609
2011-02-02,86388578102
2011-02-03,85133930212
2011-02-04,83757864784
2011-02-07,84425661241
2011-02-08,85356529031
2011-02-09,85761254157
2011-02-10,84344716216
2011-02-11,83494793452
2011-02-14,83636447246
2011-02-15,83029359557
2011-02-16,83049595814
2011-02-17,82098491768
2011-02-18,80904552647
2011-02-22,80398646240
2011-02-23,84344716216
2011-02-24,84688732573
2011-02-25,84506606267
2011-02-28,84708968829
2011-03-01,84951803905
2011-03-02,84810150111
2011-03-03,86226688051
2011-03-04,87400390916
2011-03-07,87137319584
2011-03-08,85801726669
2011-03-09,86226688051
2011-03-10,84931567649
2011-03-11,84972040161
2011-03-14,83980463603
2011-03-15,80924788903
2011-03-16,80014157370
2011-03-17,81997310487
2011-03-18,81349750285
2011-03-21,82725815713
2011-03-22,83393612171
2011-03-23,85012512674
2011-03-24,84081644884
2011-03-25,82402035612
2011-03-28,83413848427
2011-03-29,83413848427
2011-03-30,83980463603
2011-03-31,84324479960
2011-04-01,85052985186
2011-04-04,85518419081
2011-04-05,86267160564
2011-04-06,85720781644
2011-04-07,84162589910
2011-04-08,83960227347
2011-04-11,81896129205
2011-04-12,80256992446
2011-04-13,82037782999
2011-04-14,82219909306
2011-04-15,82179436793
2011-04-18,80985497672
2011-04-19,82402035612
2011-04-20,85356529031
2011-04-21,86793303227
2011-04-25,86206451795
2011-04-26,86489759383
2011-04-27,86833775740
2011-04-28,88371731218
2011-04-29,88776456344
2011-05-02,88108659886
2011-05-03,86550468152
2011-05-04,87096847072
2011-05-05,85983852976
2011-05-06,86064798001
2011-05-09,85842199182
2011-05-10,88695511319
2011-05-11,87380154660
2011-05-12,87926533580
2011-05-13,87542044710
2011-05-16,85275584006
2011-05-17,85781490413
2011-05-18,86085034257
2011-05-19,88695511319
2011-05-20,88108659886
2011-05-23,87278973378
2011-05-24,87481335941
2011-05-25,87218264609
2011-05-26,88108659886
2011-05-27,88999055163
2011-05-31,92014257350
2011-06-01,90800081973
2011-06-02,91144098330
2011-06-03,91528587199
2011-06-06,92297564938
2011-06-07,93086778934
2011-06-08,92843943858
2011-06-09,92054729863
2011-06-10,91346460893
2011-06-13,91063153305
2011-06-14,90678664435
2011-06-15,87278973378
2011-06-16,86307633076
2011-06-17,86206451795
2011-06-20,86085034257
2011-06-21,86509995639
2011-06-22,86692121946
2011-06-23,85680309131
2011-06-24,85599364106
2011-06-27,86429050614
2011-06-28,86874248252
2011-06-29,88169368655
2011-06-30,89059763932
2011-07-01,89504961570
2011-07-05,88391967474
2011-07-06,86590940664
2011-07-07,85842199182
2011-07-08,85619600362
2011-07-11,82725815713
2011-07-12,82260381818
2011-07-13,83636447246
2011-07-14,83171013351
2011-07-15,82705579457
2011-07-18,83899518578
2011-07-19,85255347749
2011-07-20,84891095136
2011-07-21,85477946568
2011-07-22,85720781644
2011-07-25,86671885690
2011-07-26,85943380463
2011-07-27,85720781644
2011-07-28,86004089232
2011-07-29,85498182825
2011-08-01,86105270513
2011-08-02,84708968829
2011-08-03,85437474056
2011-08-04,82847233251
2011-08-05,82766288226
2011-08-08,79548723475
2011-08-09,83757864784
2011-08-10,81936601718
2011-08-11,83373375914
2011-08-12,84628023804
2011-08-15,86712358202
2011-08-16,84668496317
2011-08-17,85235111493
2011-08-18,81693766642
2011-08-19,81390222798
2011-08-22,82381799356
2011-08-23,83798337296
2011-08-24,82280618075
2011-08-25,81612821617
2011-08-26,82482980638
2011-08-29,86307633076
2011-08-30,87967006092
2011-08-31,88472912499
2011-09-01,88655038806
2011-09-02,88371731218
2011-09-06,87278973378
2011-09-07,88047951117
2011-09-08,87299209635
2011-09-09,85943380463
2011-09-12,85902907951
2011-09-13,86692121946
2011-09-14,86631413177
2011-09-15,89343071520
2011-09-16,92135674888
2011-09-19,90273939309
2011-09-20,90172758028
2011-09-21,86408814358
2011-09-22,81592585361
2011-09-23,81127151466
2011-09-26,82482980638
2011-09-27,83090068326
2011-09-28,81208096491
2011-09-29,84081644884
2011-09-30,81531876592
2011-10-03,79087969449
2011-10-04,81041012625
2011-10-05,82911822404
2011-10-06,83055730848
2011-10-07,82891264055
2011-10-10,84042531611
2011-10-11,83549131230
2011-10-12,84700398786
2011-10-13,84535931992
2011-10-14,86488975168
2011-10-17,86242274977
2011-10-18,86118924882
2011-10-19,85255474215
2011-10-20,85789991295
2011-10-21,87434659232
2011-10-24,88277551550
2011-10-25,87619684375
2011-10-26,87989734661
2011-10-27,90497853266
2011-10-28,89593285900
2011-10-31,87455217581
2011-11-01,86303950025
2011-11-02,86817908756
2011-11-03,87496334280
2011-11-04,86468416819
2011-11-07,88236434852
2011-11-08,88154201455
2011-11-09,86057249834
2011-11-10,86077808184
2011-11-11,86653441962
2011-11-14,86817908756
2011-11-15,86447858470
2011-11-16,85543291104
2011-11-17,85193799167
2011-11-18,85440499358
2011-11-21,83878064817
2011-11-22,84268673452
2011-11-23,82253955229
2011-11-25,82089488435
2011-11-28,84679840437
2011-11-29,84762073834
2011-11-30,86797350406
2011-12-01,87311309137
2011-12-02,89141002217
2011-12-05,88154201455
2011-12-06,87105725645
2011-12-07,88668160185
2011-12-08,87722476121
2011-12-09,89326027360
2011-12-12,88647601836
2011-12-13,88770951931
2011-12-14,87372984185
2011-12-15,88133643106
2011-12-16,88400901646
2011-12-19,87763592820
2011-12-20,90004452885
2011-12-21,90867903552
2011-12-22,91854704314
2011-12-23,91895821013
2011-12-27,91587445775
2011-12-28,90374503171
2011-12-29,91587445775
2011-12-30,91525770727
2012-01-03,92450896487
2012-01-04,94609523156
2012-01-05,94486173061
2012-01-06,94116122774
2012-01-09,95657998967
2012-01-10,99132359987
2012-01-11,100468652687
2012-01-12,97199875159
2012-01-13,99666877067
2012-01-17,101064844814
2012-01-18,104066363802
2012-01-19,102647837705
2012-01-20,102853421197
2012-01-23,104045805453
2012-01-24,103346821579
2012-01-25,104251388945
2012-01-26,103264588182
2012-01-27,103305704880
2012-01-30,104045805453
2012-01-31,104991489517
2012-02-01,105423214851
2012-02-02,108054683552
2012-02-03,108116358600
2012-02-06,107006207742
2012-02-07,107766866663
2012-02-08,109000367617
2012-02-09,109925493332
2012-02-10,108774225775
2012-02-13,110151635174
2012-02-14,110048843428
2012-02-15,110377777015
2012-02-16,114366096766
2012-02-17,117593757595
2012-02-21,113790462988
2012-02-22,113913813083
2012-02-23,114695030354
2012-02-24,115784622863
2012-02-27,116113556451
2012-02-28,116504165086
2012-02-29,119629034169
2012-03-01,122507203061
2012-03-02,120739185027
2012-03-05,121232585409
2012-03-06,119341217280
2012-03-07,120204667947
2012-03-08,120656951630
2012-03-09,119978526106
2012-03-12,119731825915
2012-03-13,124378012841
2012-03-14,123864054110
2012-03-15,123637912269
2012-03-16,122568878109
2012-03-19,125076996715
2012-03-20,121808219187
2012-03-21,122753903252
2012-03-22,122774461601
2012-03-23,124830296524
2012-03-26,127173948336
2012-03-27,126413289415
2012-03-28,124850854873
2012-03-29,124460246238
2012-03-30,125590955446
2012-04-02,128016840655
2012-04-03,129784858688
2012-04-04,129270899958
2012-04-05,128798057925
2012-04-09,130812776150
2012-04-10,130134350625
2012-04-11,128489682687
2012-04-12,128469124338
2012-04-13,128962524719
2012-04-16,130771659452
2012-04-17,132395769041
2012-04-18,130812776150
2012-04-19,124378012841
2012-04-20,122013802680
2012-04-23,122877253347
2012-04-24,122609994807
2012-04-25,126433847764
2012-04-26,128201865798
2012-04-27,129743741990
2012-04-30,133012519518
2012-05-01,138727740604
2012-05-02,137083072665
2012-05-03,136589672284
2012-05-04,130874451198
2012-05-07,132498560787
2012-05-08,131265059833
2012-05-09,130689426055
2012-05-10,130812776150
2012-05-11,129640950244
2012-05-14,126968364844
2012-05-15,125282580207
2012-05-16,124789179826
2012-05-17,120595276583
2012-05-18,119916851058
2012-05-21,119341217280
2012-05-22,121787660838
2012-05-23,120698068329
2012-05-24,117819899437
2012-05-25,118683350104
2012-05-29,123596795570
2012-05-30,120862535123
2012-05-31,122445528013
2012-06-01,119361775629
2012-06-04,120924210170
2012-06-05,120965326869
2012-06-06,121787660838
2012-06-07,122198827823
2012-06-08,120821418424
2012-06-11,118888933597
2012-06-12,118971166994
2012-06-13,117963807881
2012-06-14,119361775629
2012-06-15,122013802680
2012-06-18,123021161792
2012-06-19,125796538938
2012-06-20,125940447382
2012-06-21,120328018043
2012-06-22,115620156069
2012-06-25,110665593905
2012-06-26,111282344381
2012-06-27,113769904638
2012-06-28,111549602921
2012-06-29,114695030354
2012-07-02,112906453971
2012-07-03,116524723435
2012-07-05,116421931689
2012-07-06,114592238608
2012-07-09,114921172195
2012-07-10,113872696384
2012-07-11,114653913655
2012-07-12,113605437844
2012-07-13,114941730544
2012-07-16,114695030354
2012-07-17,115023963941
2012-07-18,115517364323
2012-07-19,114797822100
2012-07-20,113235387558
2012-07-23,113440971051
2012-07-24,113996046480
2012-07-25,110932852445
2012-07-26,113379296003
2012-07-27,118251624770
2012-07-30,118991725343
2012-07-31,117655432643
2012-08-01,118436649914
2012-08-02,120122434550
2012-08-03,121458727250
2012-08-06,120142992900
2012-08-07,121767102489
2012-08-08,118786141850
2012-08-09,120718626678
2012-08-10,122219386172
2012-08-13,121438168901
2012-08-14,120903651821
2012-08-15,121109235313
2012-08-16,122404411315
2012-08-17,122424969664
2012-08-20,122178269473
2012-08-21,122116594426
2012-08-22,122383852966
2012-08-23,121746544140
2012-08-24,121088676964
2012-08-27,120266342995
2012-08-28,120698068329
2012-08-29,119012283692
2012-08-30,118601116707
2012-08-31,118930050295
2012-09-04,116401373340
2012-09-05,117717107690
2012-09-06,120245784646
2012-09-07,121047560266
2012-09-10,120101876201
2012-09-11,120184109598
2012-09-12,118703908454
2012-09-13,120430809789
2012-09-14,121253143758
2012-09-17,120060759503
2012-09-18,119752384264
2012-09-19,120595276583
2012-09-20,120615834932
2012-09-21,121869894235
2012-09-24,119444009026
2012-09-25,119156192137
2012-09-26,119238425534
2012-09-27,120328018043
2012-09-28,121150352012
2012-10-01,120451368138
2012-10-02,122178269473
2012-10-03,122096036076
2012-10-04,123000603443
2012-10-05,122342736267
2012-10-08,122836136649
2012-10-09,123062278490
2012-10-10,123535120523
2012-10-11,123822937412
2012-10-12,125159230112
2012-10-15,127852373861
2012-10-16,129209224910
2012-10-17,129620391895
2012-10-18,130956684595
2012-10-19,130566075959
2012-10-22,129805417038
2012-10-23,128325215893
2012-10-24,129291458307
2012-10-25,129024199767
2012-10-26,129764300339
2012-10-31,121725985790
2012-11-01,120389693090
2012-11-02,118046041278
2012-11-05,118087157977
2012-11-06,117634874294
2012-11-07,116257464895
2012-11-08,117490965849
2012-11-09,116565840134
2012-11-12,115537922672
2012-11-13,115394014227
2012-11-14,116072439752
2012-11-15,117717107690
2012-11-16,119444009026
2012-11-19,120698068329
2012-11-20,121294260457
2012-11-21,120780301726
2012-11-23,121088676964
2012-11-26,119793500963
2012-11-27,119053400390
2012-11-28,119690709217
2012-11-29,119629034169
2012-11-30,119526242423
2012-12-03,119094517089
2012-12-04,117819899437
2012-12-05,118046041278
2012-12-06,118683350104
2012-12-07,119361775629
2012-12-10,120040201153
2012-12-11,120471926487
2012-12-12,121191468710
2012-12-13,121170910361
2012-12-14,121890452584
2012-12-17,120739185027
2012-12-18,121869894235
2012-12-19,121643752393
2012-12-20,122445528013
2012-12-21,124439687889
2012-12-24,124974204969
2012-12-26,125632072144
2012-12-27,126639431256
2012-12-28,124172429349
2012-12-31,122671669855
2013-01-02,127687907067
2013-01-03,127852373861
2013-01-04,127831815512
2013-01-07,127276740082
2013-01-08,125961005732
2013-01-09,127132831638
2013-01-10,127400090178
2013-01-11,126845014749
2013-01-14,127543998622
2013-01-15,126680547955
2013-01-16,125981564081
2013-01-17,126063797478
2013-01-18,127050598241
2013-01-22,126618872907
2013-01-23,128674707830
2013-01-24,129229783259
2013-01-25,130072675578
2013-01-28,129106433164
2013-01-29,130298817419
2013-01-30,130113792276
2013-01-31,130134350625
2013-02-01,130730542753
2013-02-04,130874451198
2013-02-05,131162268087
2013-02-06,128983083069
2013-02-07,126146030875
2013-02-08,126495522812
2013-02-11,125076996715
2013-02-12,125323696906
2013-02-13,125426488652
2013-02-14,125488163699
2013-02-15,124275221095
2013-02-19,119156192137
2013-02-20,117819899437
2013-02-21,118909491946
2013-02-22,119711267566
2013-02-25,118806700200
2013-02-26,117922691183
2013-02-27,118539441660
2013-02-28,118313299818
2013-03-01,117511524198
2013-03-04,116586398483
2013-03-05,116195789847
2013-03-06,115784622863
2013-03-07,115147314037
2013-03-08,116668631880
2013-03-11,117367615754
2013-03-12,116668631880
2013-03-13,116113556451
2013-03-14,116278023244
2013-03-15,115558481021
2013-03-18,112166353398
2013-03-19,111117877588
2013-03-20,110418893714
2013-03-21,112289703494
2013-03-22,113050362415
2013-03-25,112084120001
2013-03-26,113790462988
2013-03-27,112824220574
2013-03-28,112084120001
2013-04-01,111954937295
2013-04-02,112448311972
2013-04-03,111029859774
2013-04-04,110495370540
2013-04-05,112222181912
2013-04-08,111811036347
2013-04-09,104451530737
2013-04-10,101902428235
2013-04-11,102046329183
2013-04-12,100216731420
2013-04-15,94501808069
2013-04-16,98284347265
2013-04-17,95611901094
2013-04-18,95940817546
2013-04-19,97133139684
2013-04-22,97297597909
2013-04-23,97626514361
2013-04-24,98366576378
2013-04-25,98695492830
2013-04-26,96907009623
2013-04-29,97503170692
2013-04-30,97790972587
2013-05-01,96351963110
2013-05-02,96208062163
2013-05-03,97009796014
2013-05-06,94090662504
2013-05-07,94501808069
2013-05-08,94214006173
2013-05-09,93926204278
2013-05-10,92528309358
2013-05-13,91788247341
2013-05-14,92302179297
2013-05-15,92322736575
2013-05-16,92158278349
2013-05-17,91048185324
2013-05-20,89362488509
2013-05-21,88396296432
2013-05-22,88951342944
2013-05-23,90719268873
2013-05-24,90904284377
2013-05-28,90719268873
2013-05-29,91356544498
2013-05-30,92034934680
2013-05-31,89115801170
2013-06-03,88684098327
2013-06-04,88848556553
2013-06-05,88437410988
2013-06-06,88396296432
2013-06-07,89300816674
2013-06-10,88540197379
2013-06-11,87841249919
2013-06-12,85518277478
2013-06-13,86669485059
2013-06-14,87265646128
2013-06-17,89506389456
2013-06-18,89835305908
2013-06-19,87985150867
2013-06-20,83462549654
2013-06-21,85230475583
2013-06-24,81961868342
2013-06-25,82229112960
2013-06-26,83215862315
2013-06-27,83174747759
2013-06-28,86463912277
2013-07-01,88256993244
2013-07-02,87044050639
2013-07-03,86386183464
2013-07-05,86098366575
2013-07-08,86160041622
2013-07-09,84535932033
2013-07-10,83055730889
2013-07-11,87352425878
2013-07-12,87393542576
2013-07-15,90004452928
2013-07-16,90744553501
2013-07-17,92594804931
2013-07-18,93766630838
2013-07-19,95082365188
2013-07-22,94630081505
2013-07-23,95185156934
2013-07-24,95329065379
2013-07-25,94897340045
2013-07-26,94321706267
2013-07-29,93746072488
2013-07-30,93704955790
2013-07-31,93725514139
2013-08-01,93951655981
2013-08-02,94301147918
2013-08-05,94917898394
2013-08-06,97240991857
2013-08-07,95390740427
2013-08-08,94897340045
2013-08-09,95390740427
2013-08-12,94773989950
2013-08-13,94568406458
2013-08-14,94917898394
2013-08-15,93581605694
2013-08-16,93746072488
2013-08-19,92944296868
2013-08-20,93561047345
2013-08-21,92450896487
2013-08-22,93232113758
2013-08-23,93334905504
2013-08-26,92677038328
2013-08-27,92882621821
2013-08-28,94568406458
2013-08-29,93314347154
2013-08-30,91813587661
2013-09-03,92224754645
2013-09-04,93108763662
2013-09-05,92882621821
2013-09-06,92800388424
2013-09-09,93704955790
2013-09-10,95308507030
2013-09-11,96295307793
2013-09-12,95616882268
2013-09-13,94712314902
2013-09-16,94732873251
2013-09-17,94691756553
2013-09-18,98042767477
2013-09-19,96603683031
2013-09-20,96028049253
2013-09-23,96500891285
2013-09-24,96274749444
2013-09-25,96110282650
2013-09-26,95616882268
2013-09-27,94959015093
2013-09-30,94568406458
2013-10-01,95411298776
2013-10-02,94239472870
2013-10-03,94424498013
2013-10-04,94588964807
2013-10-07,94732873251
2013-10-08,94403939664
2013-10-09,93746072488
2013-10-10,94938456744
2013-10-11,96233632745
2013-10-14,97282108556
2013-10-15,97528808747
2013-10-16,98906218145
2013-10-17,99070684939
2013-10-18,99872460559
2013-10-21,99502410273
2013-10-22,99255710082
2013-10-23,98988451542
2013-10-24,100550886083
2013-10-25,100324744242
2013-10-28,99502410273
2013-10-29,99728552114
2013-10-30,97199875159
2013-10-31,97364341953
2013-11-01,96418657888
2013-11-04,95863582459
2013-11-05,94403939664
2013-11-06,95493532173
2013-11-07,93828305885
2013-11-08,90456736612
2013-11-11,88503693435
2013-11-12,86201158321
2013-11-13,88647601879
2013-11-14,88688718578
2013-11-15,87701917815
2013-11-18,87578567719
2013-11-19,86345066766
2013-11-20,86057249876
2013-11-21,85851666384
2013-11-22,85913341432
2013-11-25,85029332415
2013-11-26,83384664476
2013-11-27,83096847587
2013-11-29,83939739906
2013-12-02,85481616098
2013-12-03,85399382701
2013-12-04,84618165430
2013-12-05,85625524542
2013-12-06,87475775973
2013-12-09,88339226641
2013-12-10,87969176355
2013-12-11,88154201498
2013-12-12,87681359465
2013-12-13,87825267910
2013-12-16,81678321490
2013-12-17,81637204792
2013-12-18,78039493677
2013-12-19,77977818629
2013-12-20,80506495584
2013-12-23,79663603266
2013-12-24,79930861806
2013-12-26,79951420155
2013-12-27,79869186758
2013-12-30,78121727074
2013-12-31,79046852789
2014-01-02,78060052026
2014-01-03,77463859898
2014-01-06,77504976597
2014-01-07,75757516912
2014-01-08,73496098497
2014-01-09,72797114623
2014-01-10,72776556274
2014-01-13,72591531131
2014-01-14,72838231321
2014-01-15,73557773544
2014-01-16,72797114623
2014-01-17,73105489861
2014-01-21,72283155892
2014-01-22,71748638812
2014-01-23,71337471828
2014-01-24,69980620778
2014-01-27,70391787763
2014-01-28,71111329986
2014-01-29,69836712334
2014-01-30,71584172018
2014-01-31,70432904461
2014-02-03,69980620778
2014-02-04,70597371255
2014-02-05,71543055320
2014-02-06,72797114623
2014-02-07,72036455701
2014-02-10,71111329986
2014-02-11,72755997924
2014-02-12,74688482752
2014-02-13,74626807704
2014-02-14,74462340911
2014-02-18,74606249355
2014-02-19,75305233229
2014-02-20,74010057228
2014-02-21,72714881226
2014-02-24,73105489861
2014-02-25,71419705225
2014-02-26,68253719443
2014-02-27,69363870302
2014-02-28,70576812906
2014-03-03,69219961857
2014-03-04,70474021160
2014-03-05,72098130749
2014-03-06,73578331894
2014-03-07,73208281608
2014-03-10,72694322877
2014-03-11,73537215195
2014-03-12,73023256464
2014-03-13,73372748401
2014-03-14,72550414432
2014-03-17,72899906369
2014-03-18,73537215195
2014-03-19,75408024975
2014-03-20,76456500786
2014-03-21,76703200977
2014-03-24,78101168724
2014-03-25,79684161615
2014-03-26,79971978504
2014-03-27,82500655459
2014-03-28,83158522635
2014-03-31,83857506509
2014-04-01,83960298255
2014-04-02,84268673493
2014-04-03,84227556795
2014-04-04,83836948159
2014-04-07,83816389810
2014-04-08,82644563904
2014-04-09,83302431079
2014-04-10,84392023589
2014-04-11,83960298255
2014-04-14,84515373684
2014-04-15,84618165430
2014-04-16,82068930126
2014-04-17,81411062950
2014-04-21,82253955269
2014-04-22,75983658754
2014-04-23,74976299641
2014-04-24,74852949546
2014-04-25,75181883134
2014-04-28,73043814814
2014-04-29,73640006941
2014-04-30,77073251263
2014-05-01,75079091387
2014-05-02,75963100404
2014-05-05,73948382180
2014-05-06,74750157800
2014-05-07,75778075261
2014-05-08,76004217103
2014-05-09,76250917294
2014-05-12,75510816721
2014-05-13,75120208086
2014-05-14,76065892151
2014-05-15,76579850881
2014-05-16,76744317675
2014-05-19,77895585232
2014-05-20,76600409230
2014-05-21,77587209994
2014-05-22,76662084278
2014-05-23,76271475643
2014-05-27,74832391197
2014-05-28,74380107514
2014-05-29,75449141674
2014-05-30,75058533038
2014-06-02,74832391197
2014-06-03,75551933420
2014-06-04,75572491769
2014-06-05,76189242246
2014-06-06,76579850881
2014-06-09,76805992723
2014-06-10,79108527837
2014-06-11,79519694821
2014-06-12,79437461424
2014-06-13,79889745107
2014-06-16,79272994630
2014-06-17,76024775452
2014-06-18,76415384087
2014-06-19,76024775452
2014-06-20,76189242246
2014-06-23,76497617484
2014-06-24,75819191960
2014-06-25,75839750309
2014-06-26,74647366054
2014-06-27,74709041101
2014-06-30,74112848974
2014-07-01,74133407323
2014-07-02,73701681989
2014-07-03,74811832847
2014-07-07,74215640720
2014-07-08,71851430558
2014-07-09,70001179128
2014-07-10,70535696208
2014-07-11,71666405415
2014-07-14,70309554366
2014-07-15,70844071446
2014-07-16,73167164909
2014-07-17,72221480844
2014-07-18,72632647829
2014-07-21,73393306751
2014-07-22,73126048211
2014-07-23,73023256464
2014-07-24,71584172018
2014-07-25,72077572400
2014-07-28,72858789671
2014-07-29,70844071446
2014-07-30,70700163001
2014-07-31,69363870302
2014-08-01,68562094682
2014-08-04,69487220397
2014-08-05,70391787763
2014-08-06,71337471828
2014-08-07,70083412525
2014-08-08,70617929605
2014-08-11,70802954748
2014-08-12,69322753603
2014-08-13,69528337095
2014-08-14,68212602745
2014-08-15,68192044395
2014-08-18,68706003126
2014-08-19,68685444777
2014-08-20,69507778746
2014-08-21,69446103698
2014-08-22,68109810998
2014-08-25,68438744586
2014-08-26,69507778746
2014-08-27,70987979891
2014-08-28,71070213288
2014-08-29,71090771637
2014-09-02,71501938621
2014-09-03,71995339003
2014-09-04,71399146875
2014-09-05,71625288717
2014-09-08,70371229414
2014-09-09,70474021160
2014-09-10,70350671065
2014-09-11,69877829032
2014-09-12,69240520206
2014-09-15,69446103698
2014-09-16,70062854175
2014-09-17,69939504080
2014-09-18,69754478937
2014-09-19,69877829032
2014-09-22,67883669157
2014-09-23,67020218489
2014-09-24,66341792965
2014-09-25,65272758805
2014-09-26,65725042488
2014-09-29,64799916772
2014-09-30,64285958042
2014-10-01,63401949025
2014-10-02,63607532517
2014-10-03,63052457088
2014-10-06,63052457088
2014-10-07,62106773023
2014-10-08,60606013530
2014-10-09,60626571879
2014-10-10,58796878797
2014-10-13,59125812385
2014-10-14,59454745973
2014-10-15,59578096068
2014-10-16,60503221783
2014-10-17,60050938100
2014-10-20,60112613148
2014-10-21,61490022546
2014-10-22,58755762099
2014-10-23,58817437147
2014-10-24,58324036765
2014-10-27,56658810477
2014-10-28,57008302414
2014-10-29,57131652510
2014-10-30,56391551937
2014-10-31,55096375936
2014-11-03,53616174791
2014-11-04,52197648694
2014-11-05,52773282473
2014-11-06,52403232187
2014-11-07,52978865965
2014-11-10,52259323742
2014-11-11,51848156758
2014-11-12,51889273456
2014-11-13,50635214153
2014-11-14,51005264439
2014-11-17,51087497836
2014-11-18,51293081328
2014-11-19,51395873075
2014-11-20,51704248313
2014-11-21,52197648694
2014-11-24,51005264439
2014-11-25,50347397264
2014-11-26,48990546215
2014-11-28,41712890587
2014-12-01,41342840301
2014-12-02,39718730712
2014-12-03,40972790015
2014-12-04,40191572744
2014-12-05,38773046647
2014-12-08,35792086009
2014-12-09,36203252994
2014-12-10,32132699846
2014-12-11,32441075084
2014-12-12,32173816544
2014-12-15,30364681812
2014-12-16,31310365877
2014-12-17,33571784292
2014-12-18,34044626324
2014-12-19,35545385818
2014-12-22,35874319406
2014-12-23,36922795217
2014-12-24,36470511534
2014-12-26,36059344549
2014-12-29,35565944167
2014-12-30,34928635341
2014-12-31,35195893881
2015-01-02,33852500005
2015-01-05,30918616671
2015-01-06,30631383338
2015-01-07,31677733338
2015-01-08,33360100005
2015-01-09,33442166672
2015-01-12,31657216671
2015-01-13,32129100005
2015-01-14,32498400005
2015-01-15,31800833338
2015-01-16,32990800005
2015-01-20,32539433338
2015-01-21,33585783338
2015-01-22,33831983338
2015-01-23,34365416672
2015-01-26,35021950005
2015-01-27,35165566672
2015-01-28,34283350005
2015-01-29,33360100005
2015-01-30,33442166672
2015-02-02,35699000005
2015-02-03,40623000006
2015-02-04,37607050006
2015-02-05,38694433339
2015-02-06,38243066672
2015-02-09,38407200006
2015-02-10,36232433339
2015-02-11,34898850005
2015-02-12,36765866672
2015-02-13,37955833339
2015-02-17,37524983339
2015-02-18,37196716672
2015-02-19,36109333339
2015-02-20,35268150005
2015-02-23,35083500005
2015-02-24,35514350005
2015-02-25,35452800005
2015-02-26,34283350005
2015-02-27,34303866672
2015-03-02,32293233338
2015-03-03,30323633338
2015-03-04,31287916671
2015-03-05,30980166671
2015-03-06,29749166671
2015-03-09,28497650004
2015-03-10,28518166671
2015-03-11,28825916671
2015-03-12,29379866671
2015-03-13,28949016671
2015-03-16,28949016671
2015-03-17,29585033338
2015-03-18,30528800004
2015-03-19,29585033338
2015-03-20,31021200005
2015-03-23,31903416671
2015-03-24,31595666671
2015-03-25,31780316671
2015-03-26,31964966671
2015-03-27,31595666671
2015-03-30,31636700005
2015-03-31,31226366671
2015-04-01,31968233052
2015-04-02,31906558004
2015-04-06,33592342641
2015-04-07,33941834578
2015-04-08,33201734006
2015-04-09,33386759149
2015-04-10,33037267212
2015-04-13,32728891974
2015-04-14,33037267212
2015-04-15,34085743023
2015-04-16,34455793309
2015-04-17,33941834578
2015-04-20,33448434197
2015-04-21,33016708863
2015-04-22,33181175657
2015-04-23,33982951277
2015-04-24,34517468357
2015-04-27,35483710770
2015-04-28,35134218834
2015-04-29,35442594072
2015-04-30,35195893881
2015-05-01,34558585055
2015-05-04,34908076992
2015-05-05,35565944167
2015-05-06,35935994454
2015-05-07,34743610198
2015-05-08,33962392927
2015-05-11,32687775275
2015-05-12,32811125371
2015-05-13,33510109244
2015-05-14,33941834578
2015-05-15,33530667594
2015-05-18,32626100228
2015-05-19,30919757241
2015-05-20,31269249178
2015-05-21,32029908100
2015-05-22,31988791401
2015-05-26,30693615400
2015-05-27,29336764351
2015-05-28,29686256288
2015-05-29,29809606383
2015-06-01,28987272414
2015-06-02,29295647652
2015-06-03,29007830763
2015-06-04,28452755334
2015-06-05,28473313683
2015-06-08,28925597366
2015-06-09,29542347843
2015-06-10,29974073177
2015-06-11,29604022891
2015-06-12,29213414255
2015-06-15,29768489685
2015-06-16,28617222128
2015-06-17,26828645745
2015-06-18,27013670888
2015-06-19,26417478760
2015-06-22,27095904285
2015-06-23,27733213111
2015-06-24,27692096412
2015-06-25,27322046126
2015-06-26,27260371078
2015-06-29,26869762443
2015-06-30,27260371078
2015-07-01,25800725924
2015-07-02,26150217829
2015-07-06,25101742114
2015-07-07,25266208893
2015-07-08,24670016820
2015-07-09,25369000629
2015-07-10,25019508724
2015-07-13,25101742114
2015-07-14,25369000629
2015-07-15,24731691862
2015-07-16,24608341777
2015-07-17,24238291525
2015-07-20,23765449536
2015-07-21,24114941441
2015-07-22,23539307715
2015-07-23,23683216147
2015-07-24,22922557295
2015-07-27,22326365222
2015-07-28,22799207211
2015-07-29,23724332841
2015-07-30,23457074326
2015-07-31,23210374158
2015-08-03,21915198275
2015-08-04,22141340095
2015-08-05,21298447854
2015-08-06,21935756622
2015-08-07,20969514297
2015-08-10,21874081580
2015-08-11,21072306033
2015-08-12,21483472980
2015-08-13,21113422728
2015-08-14,20907839254
2015-08-17,20661139086
2015-08-18,20578905697
2015-08-19,19736013456
2015-08-20,19694896761
2015-08-21,19324846509
2015-08-24,18235254099
2015-08-25,18091345668
2015-08-26,18173579057
2015-08-27,19715455108
2015-08-28,20722814128
2015-08-31,21545148022
2015-09-01,20023830318
2015-09-02,19797688498
2015-09-03,20085505360
2015-09-04,19818246845
2015-09-08,19468754940
2015-09-09,18995912951
2015-09-10,19427638245
2015-09-11,19057587993
2015-09-14,19057587993
2015-09-15,18934237909
2015-09-16,19818246845
2015-09-17,19838805192
2015-09-18,19304288161
2015-09-21,19448196593
2015-09-22,18790329477
2015-09-23,17967995583
2015-09-24,18111904015
2015-09-25,18132462362
2015-09-28,17022311605
2015-09-29,17412920205
2015-09-30,17680178721
2015-10-01,17618503678
2015-10-02,18399720878
2015-10-05,19324846509
2015-10-06,20393880571
2015-10-07,21154539423
2015-10-08,21853523233
2015-10-09,21668498106
2015-10-12,21072306033
2015-10-13,21031189339
2015-10-14,20969514297
2015-10-15,21051747686
2015-10-16,20805047518
2015-10-19,19427638245
2015-10-20,19612663371
2015-10-21,18954796256
2015-10-22,19530429982
2015-10-23,19345404856
2015-10-26,19098704688
2015-10-27,18646421046
2015-10-28,19119263035
2015-10-29,19016471298
2015-10-30,19160379730
2015-11-02,19941596929
2015-11-03,20743372476
2015-11-04,20393880571
2015-11-05,20249972139
2015-11-06,20003271971
2015-11-09,19653780066
2015-11-10,19509871635
2015-11-11,18934237909
2015-11-12,18235254099
2015-11-13,17926878889
2015-11-16,18852004519
2015-11-17,17659620373
2015-11-18,17947437236
2015-11-19,17597945331
2015-11-20,17474595247
2015-11-23,17824087152
2015-11-24,18070787320
2015-11-25,17885762194
2015-11-27,17351245163
2015-11-30,17248453426
2015-12-01,17022311605
2015-12-02,16385002837
2015-12-03,16426119532
2015-12-04,15398202165
2015-12-07,14473076534
2015-12-08,14041351240
2015-12-09,14616984965
2015-12-10,14370284797
2015-12-11,13691859335
2015-12-14,13362925777
2015-12-15,14390843145
2015-12-16,14308609755
2015-12-17,14082467934
2015-12-18,14061909587
2015-12-21,14144142976
2015-12-22,14431959839
2015-12-23,15336527123
2015-12-24,15213177039
2015-12-28,14843126786
2015-12-29,14637543313
2015-12-30,14041351240
2015-12-31,14411401492
2016-01-04,14226376366
2016-01-05,14020792892
2016-01-06,13404042472
2016-01-07,12807850399
2016-01-08,12684500314
2016-01-11,12088308241
2016-01-12,11944399810
2016-01-13,12006074852
2016-01-14,12335008410
2016-01-15,12108866589
2016-01-19,11409882779
2016-01-20,11101507569
2016-01-21,11738816336
2016-01-22,12684500314
2016-01-25,11471557821
2016-01-26,11944399810
2016-01-27,12047191547
2016-01-28,12705058662
2016-01-29,13239575693
2016-02-01,12520033536
2016-02-02,11985516505
2016-02-03,12725617009
2016-02-04,13095667261
2016-02-05,12972317177
2016-02-08,12910642135
2016-02-09,12355566757
2016-02-10,12396683452
2016-02-11,12273333367
2016-02-12,12869525441
2016-02-16,12293891715
2016-02-17,14164701324
2016-02-18,14349726450
2016-02-19,13959117850
2016-02-22,14555309923
2016-02-23,14205818018
2016-02-24,14061909587
2016-02-25,14390843145
2016-02-26,14308609755
2016-02-29,14349726450
2016-03-01,14966476870
2016-03-02,16117744322
2016-03-03,17022311605
2016-03-04,17926878889
2016-03-07,18954796256
2016-03-08,17083986647
2016-03-09,17248453426
2016-03-10,17083986647
2016-03-11,17639062026
2016-03-14,17310128468
2016-03-15,16755053090
2016-03-16,17474595247
2016-03-17,18296929141
2016-03-18,17988553931
2016-03-21,18296929141
2016-03-22,17926878889
2016-03-23,17310128468
2016-03-24,16816728132
2016-03-28,17515711942
2016-03-29,17042869953
2016-03-30,17659620373
2016-03-31,17700737068
2016-04-01,17536270289
2016-04-04,17104544995
2016-04-05,16734494742
2016-04-06,16878403174
2016-04-07,16220536059
2016-04-08,16940078216
2016-04-11,17474595247
2016-04-12,18769771130
2016-04-13,19180938077
2016-04-14,18995912951
2016-04-15,18523070962
2016-04-18,18769771130
2016-04-19,19653780066
2016-04-20,20147180403
2016-04-21,20044388666
2016-04-22,20147180403
2016-04-25,19633221719
2016-04-26,20229413792
2016-04-27,20640580739
2016-04-28,20640580739
2016-04-29,20434997265
2016-05-02,19818246845
2016-05-03,19057587993
2016-05-04,19324846509
2016-05-05,19427638245
2016-05-06,19407079898
2016-05-09,18687537741
2016-05-10,19345404856
2016-05-11,19592105024
2016-05-12,19736013456
2016-05-13,19304288161
2016-05-16,19612663371
2016-05-17,19962155276
2016-05-18,19201496424
2016-05-19,18995912951
2016-05-20,18893121214
2016-05-23,18625862699
2016-05-24,18605304351
2016-05-25,19078146340
2016-05-26,18893121214
2016-05-27,18728654435
2016-05-31,18009112278
2016-06-01,18009112278
2016-06-02,18461395920
2016-06-03,18810887825
2016-06-06,19489313287
2016-06-07,19879921887
2016-06-08,20393880571
2016-06-09,20558347350
2016-06-10,19550988329
2016-06-13,19222054772
2016-06-14,19037029646
2016-06-15,19201496424
2016-06-16,19119263035
2016-06-17,19550988329
2016-06-20,19653780066
2016-06-21,19694896761
2016-06-22,19777130150
2016-06-23,20147180403
2016-06-24,19263171466
2016-06-27,18461395920
2016-06-28,19160379730
2016-06-29,19736013456
2016-06-30,19653780066
2016-07-01,19797688498
2016-07-05,18893121214
2016-07-06,18872562867
2016-07-07,18605304351
2016-07-08,18995912951
2016-07-11,19119263035
2016-07-12,19612663371
2016-07-13,19489313287
2016-07-14,19879921887
2016-07-15,19674338413
2016-07-18,19879921887
2016-07-19,19468754940
2016-07-20,18728654435
2016-07-21,19057587993
2016-07-22,19037029646
2016-07-25,18194137404
2016-07-26,18050228973
2016-07-27,17741853763
2016-07-28,17269011774
2016-07-29,17577386984
2016-08-01,16631703006
2016-08-02,16097185975
2016-08-03,16426119532
2016-08-04,16549469616
2016-08-05,16713936395
2016-08-08,17227895079
2016-08-09,17063428300
2016-08-10,16940078216
2016-08-11,17433478552
2016-08-12,17145661689
2016-08-15,17412920205
2016-08-16,17926878889
2016-08-17,18625862699
2016-08-18,19016471298
2016-08-19,19037029646
2016-08-22,18358604183
2016-08-23,18646421046
2016-08-24,18502512615
2016-08-25,18810887825
2016-08-26,18564187657
2016-08-29,18523070962
2016-08-30,18461395920
2016-08-31,18214695752
2016-09-01,17721295415
2016-09-02,18358604183
2016-09-06,19057587993
2016-09-07,19509871635
2016-09-08,20147180403
2016-09-09,19119263035
2016-09-12,18584746004
2016-09-13,17865203847
2016-09-14,17700737068
2016-09-15,17659620373
2016-09-16,17104544995
2016-09-19,17104544995
2016-09-20,16898961521
2016-09-21,17515711942
2016-09-22,17700737068
2016-09-23,16919519869
2016-09-26,16878403174
2016-09-27,16570027964
2016-09-28,17474595247
2016-09-29,17782970457
2016-09-30,18009112278
2016-10-03,17865203847
2016-10-04,17700737068
2016-10-05,18420279225
2016-10-06,18728654435
2016-10-07,18481954267
2016-10-10,19119263035
2016-10-11,18708096088
2016-10-12,18564187657
2016-10-13,18666979393
2016-10-14,18584746004
2016-10-17,18153020710
2016-10-18,18995912951
2016-10-19,19263171466
2016-10-20,18872562867
2016-10-21,18872562867
2016-10-24,18810887825
2016-10-25,18708096088
2016-10-26,18523070962
2016-10-27,18605304351
2016-10-28,18173579057
2016-10-31,17865203847
2016-11-01,17906320541
2016-11-02,17536270289
2016-11-03,17392361858
2016-11-04,17433478552
2016-11-07,17947437236
2016-11-08,18091345668
2016-11-09,17988553931
2016-11-10,16796169784
2016-11-11,16241094406
2016-11-14,16426119532
2016-11-15,17125103342
2016-11-16,16734494742
2016-11-17,16755053090
2016-11-18,16570027964
2016-11-21,17248453426
2016-11-22,17104544995
2016-11-23,16940078216
2016-11-25,16734494742
2016-11-28,16775611437
2016-11-29,16138302669
2016-11-30,17597945331
2016-12-01,17659620373
2016-12-02,17639062026
2016-12-05,17680178721
2016-12-06,17906320541
2016-12-07,17926878889
2016-12-08,17700737068
2016-12-09,17967995583
2016-12-12,18440837572
2016-12-13,18708096088
2016-12-14,18461395920
2016-12-15,18481954267
2016-12-16,18687537741
2016-12-19,18893121214
2016-12-20,19016471298
2016-12-21,18913679562
2016-12-22,18564187657
2016-12-23,18296929141
2016-12-27,18769771130
2016-12-28,18708096088
2016-12-29,18666979393
2016-12-30,18605304351
2017-01-03,19078146340
2017-01-04,19324846509
2017-01-05,19653780066
2017-01-06,19509871635
2017-01-09,19119263035
2017-01-10,19263171466
2017-01-11,19530429982
2017-01-12,19612663371
2017-01-13,19427638245
2017-01-17,19653780066
2017-01-18,19365963203
2017-01-19,19304288161
2017-01-20,19530429982
2017-01-23,19653780066
2017-01-24,19571546677
2017-01-25,19448196593
2017-01-26,19427638245
2017-01-27,19407079898
2017-01-30,19139821382
2017-01-31,19324846509
2017-02-01,19694896761
2017-02-02,19777130150
2017-02-03,19879921887
2017-02-06,19592105024
2017-02-07,19427638245
2017-02-08,19365963203
2017-02-09,19386521551
2017-02-10,19777130150
2017-02-13,19653780066
2017-02-14,19550988329
2017-02-15,19468754940
2017-02-16,19304288161
2017-02-17,19078146340
2017-02-21,19057587993
2017-02-22,18523070962
2017-02-23,19098704688
2017-02-24,18666979393
2017-02-27,18852004519
2017-02-28,18543629309
2017-03-01,18317487488
2017-03-02,18009112278
2017-03-03,18214695752
2017-03-06,18070787320
2017-03-07,18296929141
2017-03-08,17700737068
2017-03-09,17844645499
2017-03-10,18173579057
2017-03-13,18050228973
2017-03-14,17680178721
2017-03-15,18440837572
2017-03-16,18420279225
2017-03-17,18358604183
2017-03-20,18605304351
2017-03-21,18564187657
2017-03-22,18399720878
2017-03-23,18461395920
2017-03-24,18605304351
2017-03-27,18379162530
2017-03-28,18708096088
2017-03-29,19180938077
2017-03-30,19057587993
2017-03-31,19160379730
2017-04-03,19283729814
2017-04-04,19489313287
2017-04-05,19365963203
2017-04-06,19468754940
2017-04-07,19653780066
2017-04-10,19982713624
2017-04-11,19982713624
2017-04-12,19756571803
2017-04-13,19078146340
2017-04-17,19797688498
2017-04-18,19777130150
2017-04-19,19509871635
2017-04-20,19736013456
2017-04-21,19345404856
2017-04-24,19633221719
2017-04-25,19365963203
2017-04-26,19180938077
2017-04-27,18625862699
2017-04-28,18790329477
2017-05-01,18666979393
2017-05-02,18564187657
2017-05-03,18934237909
2017-05-04,18440837572
2017-05-05,19057587993
2017-05-08,19160379730
2017-05-09,19037029646
2017-05-10,19304288161
2017-05-11,19119263035
2017-05-12,20352763876
2017-05-15,21051747686
2017-05-16,20784489170
2017-05-17,20044388666
2017-05-18,19777130150
2017-05-19,20434997265
2017-05-22,20188297097
2017-05-23,20085505360
2017-05-24,19941596929
2017-05-25,19530429982
2017-05-26,19715455108
2017-05-30,19242613119
2017-05-31,18769771130
2017-06-01,18934237909
2017-06-02,18810887825
2017-06-05,19550988329
2017-06-06,19879921887
2017-06-07,19365963203
2017-06-08,18934237909
2017-06-09,19242613119
2017-06-12,19037029646
2017-06-13,19201496424
2017-06-14,18708096088
2017-06-15,18790329477
2017-06-16,18769771130
2017-06-19,18564187657
2017-06-20,17926878889
2017-06-21,17885762194
2017-06-22,18194137404
2017-06-23,18214695752
2017-06-26,18214695752
2017-06-27,18194137404
2017-06-28,18255812446
2017-06-29,18338045836
2017-06-30,18687537741
2017-07-03,19180938077
2017-07-05,18173579057
2017-07-06,18296929141
2017-07-07,18050228973
2017-07-10,18194137404
2017-07-11,18399720878
2017-07-12,18769771130
2017-07-13,18810887825
2017-07-14,19057587993
2017-07-17,18749212783
2017-07-18,18913679562
2017-07-19,19139821382
2017-07-20,19263171466
2017-07-21,18666979393
2017-07-24,18625862699
2017-07-25,19016471298
2017-07-26,18893121214
2017-07-27,19078146340
2017-07-28,19222054772
2017-07-31,19201496424
2017-08-01,18913679562
2017-08-02,19078146340
2017-08-03,19222054772
2017-08-04,19057587993
2017-08-07,18810887825
2017-08-08,18708096088
2017-08-09,19098704688
2017-08-10,18749212783
2017-08-11,18790329477
2017-08-14,18810887825
2017-08-15,18790329477
2017-08-16,18666979393
2017-08-17,18687537741
2017-08-18,18893121214
2017-08-21,18564187657
2017-08-22,18852004519
2017-08-23,18913679562
2017-08-24,18913679562
2017-08-25,18995912951
2017-08-28,18687537741
2017-08-29,18852004519
2017-08-30,18687537741
2017-08-31,18934237909
2017-09-01,19078146340
2017-09-05,19180938077
2017-09-06,19386521551
2017-09-07,19407079898
2017-09-08,19098704688
2017-09-11,18975354604
2017-09-12,18995912951
2017-09-13,19222054772
2017-09-14,19324846509
2017-09-15,19427638245
2017-09-18,19365963203
2017-09-19,19427638245
2017-09-20,19530429982
2017-09-21,19489313287
2017-09-22,19633221719
2017-09-25,19612663371
2017-09-26,19715455108
2017-09-27,19592105024
2017-09-28,19571546677
2017-09-29,19509871635
2017-10-02,19550988329
2017-10-03,19633221719
2017-10-04,19612663371
2017-10-05,19715455108
2017-10-06,19530429982
2017-10-09,19407079898
2017-10-10,19530429982
2017-10-11,19592105024
2017-10-12,19633221719
2017-10-13,19962155276
2017-10-16,20208855445
2017-10-17,20496672307
2017-10-18,20640580739
2017-10-19,20578905697
2017-10-20,20434997265
2017-10-23,20229413792
2017-10-24,20373322223
2017-10-25,20496672307
2017-10-26,21421797938
2017-10-27,22182456790
2017-10-30,22593623737
2017-10-31,22799207211
2017-11-01,23415957631
2017-11-02,23169257463
2017-11-03,23066465726
2017-11-06,24382199957
2017-11-07,24649458472
2017-11-08,23868241273
2017-11-09,24731691862
2017-11-10,24752250209
2017-11-13,24382199957
2017-11-14,24053266399
2017-11-15,23847682926
2017-11-16,23909357968
2017-11-17,23950474662
2017-11-20,23642099452
2017-11-21,23765449536
2017-11-22,24443874999
2017-11-24,24156058136
2017-11-27,24423316651
2017-11-28,23744891189
2017-11-29,24135499788
2017-11-30,23847682926
2017-12-01,24217733178
2017-12-04,24464433346
2017-12-05,24382199957
2017-12-06,24135499788
2017-12-07,24443874999
2017-12-08,24998950377
2017-12-11,25554025756
2017-12-12,25944634355
2017-12-13,26396917997
2017-12-14,26540826428
2017-12-15,26540826428
2017-12-18,26931435028
2017-12-19,27157576849
2017-12-20,27692093880
2017-12-21,27959352396
2017-12-22,28432194385
2017-12-26,29213411584
2017-12-27,29213411584
2017-12-28,29624578531
2017-12-29,30076862173
2018-01-02,31639296571
2018-01-03,33181172622
2018-01-04,34784723716
2018-01-05,35257565705
2018-01-08,34681931979
2018-01-09,35853757778
2018-01-10,36244366378
2018-01-11,35360357442
2018-01-12,34681931979
2018-01-16,34681931979
2018-01-17,35709849346
2018-01-18,35874316125
2018-01-19,35648174304
2018-01-22,37457308871
2018-01-23,38958068228
2018-01-24,41219486436
2018-01-25,40376594195
2018-01-26,40520502626
2018-01-29,40191569069
2018-01-30,39040301617
2018-01-31,38793601449
2018-02-01,40664411058
2018-02-02,38259084418
2018-02-05,35709849346
2018-02-06,36491066546
2018-02-07,34866957105
2018-02-08,33427872791
2018-02-09,34496906853
2018-02-12,34599698590
2018-02-13,33921273127
2018-02-14,35730407694
2018-02-15,36100457946
2018-02-16,35997666209
2018-02-20,35648174304
2018-02-21,35175332315
2018-02-22,36922791840
2018-02-23,37889034166
2018-02-26,38546901281
2018-02-27,37724567387
2018-02-28,35997666209
2018-03-01,35442590831
2018-03-02,35915432820
2018-03-05,36141574641
2018-03-06,36182691336
2018-03-07,35175332315
2018-03-08,35360357442
2018-03-09,36100457946
2018-03-12,35833199431
2018-03-13,36059341251
2018-03-14,36326599767
2018-03-15,36758325061
2018-03-16,37231167050
2018-03-19,37087258619
2018-03-20,38135734334
2018-03-21,39842077164
2018-03-22,37724567387
2018-03-23,39184210049
2018-03-26,40746644447
2018-03-27,39204768396
2018-03-28,38382434502
2018-03-29,39739285427
2018-04-02,39677610385
2018-04-03,40602736016
2018-04-04,40623294363
2018-04-05,40458827584
2018-04-06,39800960469
2018-04-09,40664411058
2018-04-10,41548419994
2018-04-11,45187247475
2018-04-12,44919988959
2018-04-13,44385471928
2018-04-16,43069737698
2018-04-17,43357554561
2018-04-18,44652730444
2018-04-19,45721764506
2018-04-20,45105014085
2018-04-23,45002222349
2018-04-24,45187247475
2018-04-25,44734963833
2018-04-26,44591055402
2018-04-27,44961105654
2018-04-30,45392830948
2018-05-01,44632172096
2018-05-02,45002222349
2018-05-03,44652730444
2018-05-04,45413389296
2018-05-07,44035980023
2018-05-08,44323796886
2018-05-09,45557297727
2018-05-10,45660089464
2018-05-11,45187247475
2018-05-14,47613132462
2018-05-15,47345873947
2018-05-16,45927347979
2018-05-17,44899430612
2018-05-18,44426588623
2018-05-21,44796638875
2018-05-22,44734963833
2018-05-23,43480904645
2018-05-24,44303238539
2018-05-25,42021261983
2018-05-29,43172529435
2018-05-30,44776080528
2018-05-31,44179888455
2018-06-01,44611613749
2018-06-04,44385471928
2018-06-05,44364913581
2018-06-06,43665929771
2018-06-07,44282680191
2018-06-08,43974304981
2018-06-11,43748163160
2018-06-12,43275321171
2018-06-13,43151971087
2018-06-14,43131412740
2018-06-15,42103495372
2018-06-18,42247403804
2018-06-19,40952227921
2018-06-20,40602736016
2018-06-21,39780402122
2018-06-22,40705527753
2018-06-25,39985985595
2018-06-26,40602736016
2018-06-27,41301719826
2018-06-28,41712886773
2018-06-29,42247403804
2018-07-02,41281161478
2018-07-03,41692328425
2018-07-05,41198928089
2018-07-06,42124053720
2018-07-09,42905270919
2018-07-10,43254762824
2018-07-11,41980145288
2018-07-12,42267962151
2018-07-13,42596895709
2018-07-16,42124053720
2018-07-17,42432428930
2018-07-18,42720245793
2018-07-19,42124053720
2018-07-20,42884712572
2018-07-23,42000703636
2018-07-24,42103495372
2018-07-25,42925829266
2018-07-26,42864154224
2018-07-27,42514662319
2018-07-30,44035980023
2018-07-31,43933188286
2018-08-01,44344355233
2018-08-02,44570497054
2018-08-03,43830396550
2018-08-06,44406030276
2018-08-07,44981664001
2018-08-08,43295879519
2018-08-09,42514662319
2018-08-10,42966945961
2018-08-13,41980145288
2018-08-14,42350195541
2018-08-15,40335477500
2018-08-16,41671770078
2018-08-17,42124053720
2018-08-20,42699687445
2018-08-21,43316437866
2018-08-22,44776080528
2018-08-23,44467705318
2018-08-24,45433947643
2018-08-27,46235723190
2018-08-28,45865672937
2018-08-29,46461865011
2018-08-30,46605773442
2018-08-31,46461865011
2018-09-04,46071256411
2018-09-05,45331155906
2018-09-06,45248922517
2018-09-07,45886231285
2018-09-10,45372272601
2018-09-11,46297398232
2018-09-12,51765918627
2018-09-13,51169726554
2018-09-14,51704243585
2018-09-17,53019977815
2018-09-18,53595611541
2018-09-19,52012618795
2018-09-20,51005259775
2018-09-21,50943584733
2018-09-24,53472261457
2018-09-25,54109570225
2018-09-26,53903986751
2018-09-27,54705762298
2018-09-28,55363629413
2018-10-01,56843830422
2018-10-02,55795354707
2018-10-03,56699921991
2018-10-04,55219720982
2018-10-05,54808554035
2018-10-08,53945103446
2018-10-09,54973020813
2018-10-10,52814394342
2018-10-11,51704243585
2018-10-12,52423785742
2018-10-15,50840792996
2018-10-16,52876069384
2018-10-17,53205002941
2018-10-18,52115410532
2018-10-19,52608810868
2018-10-22,53040536163
2018-10-23,50861351343
2018-10-24,47777599241
2018-10-25,48353232967
2018-10-26,48497141398
2018-10-29,47510340725
2018-10-30,48209324535
2018-10-31,47818715936
2018-11-01,44878872265
2018-11-02,44323796886
2018-11-05,45618972769
2018-11-06,44919988959
2018-11-07,45968464674
2018-11-08,44549938707
2018-11-09,45146130780
2018-11-12,43624813076
2018-11-13,41486744952
2018-11-14,41959586941
2018-11-15,42411870583
2018-11-16,42391312235
2018-11-19,41281161478
2018-11-20,39451468564
2018-11-21,40541060974
2018-11-23,38423551197
2018-11-26,38773043102
2018-11-27,39369235175
2018-11-28,39019743270
2018-11-29,39410351869
2018-11-30,39492585259
2018-12-03,42062378678
2018-12-04,40499944279
2018-12-06,39842077164
2018-12-07,40273802458
2018-12-10,38916951533
2018-12-11,38464667891
2018-12-12,39143093354
2018-12-13,38423551197
2018-12-14,37745125734
2018-12-17,37066700272
2018-12-18,35935991167
2018-12-19,35586499262
2018-12-20,33880156432
2018-12-21,33222289317
2018-12-24,31454271445
2018-12-26,34352998421
2018-12-27,34085739906
2018-12-28,33160614275
2018-12-31,32646655591
2019-01-02,33839039738
2019-01-03,33921273127
2019-01-04,35997666209
2019-01-07,36532183240
2019-01-08,37580658955
2019-01-09,38567459628
2019-01-10,38423551197
2019-01-11,37868475818
2019-01-14,37477867219
2019-01-15,38279642765
2019-01-16,38588017975
2019-01-17,38217967723
2019-01-18,38135734334
2019-01-22,37354517134
2019-01-23,36737766714
2019-01-24,36840558451
2019-01-25,36881675145
2019-01-28,36552741588
2019-01-29,37066700272
2019-01-30,37847917471
2019-01-31,38752484754
2019-02-01,38814159796
2019-02-04,38814159796
2019-02-05,38896393186
2019-02-06,38670251365
2019-02-07,37806800776
2019-02-08,37909592513
2019-02-11,37210608703
2019-02-12,38608576323
2019-02-13,38711368060
2019-02-14,38649693018
2019-02-15,39924310553
2019-02-19,40109335679
2019-02-20,40767202795
2019-02-21,40171010721
2019-02-22,40705527753
2019-02-25,41589536689
2019-02-26,42370753888
2019-02-27,43295879519
2019-02-28,41610095036
2019-03-01,42124053720
2019-03-04,42720245793
2019-03-05,42761362488
2019-03-06,42165170414
2019-03-07,41589536689
2019-03-08,40664411058
2019-03-11,41548419994
2019-03-12,42185728762
2019-03-13,43583696382
2019-03-14,43357554561
2019-03-15,43953746634
2019-03-18,45742322853
2019-03-19,46071256411
2019-03-20,46893590305
2019-03-21,47345873947
2019-03-22,44714405486
2019-03-25,44611613749
2019-03-26,45516181032
2019-03-27,43933188286
2019-03-28,43686488118
2019-03-29,44077096718
2019-04-01,44981664001
2019-04-02,44899430612
2019-04-03,44878872265
2019-04-04,43994863329
2019-04-05,44364913581
2019-04-08,45166689127
2019-04-09,44426588623
2019-04-10,44940547307
2019-04-11,43830396550
2019-04-12,43172529435
2019-04-15,42267962151
2019-04-16,42432428930
2019-04-17,41774561815
2019-04-18,40911111226
2019-04-22,42781920835
2019-04-23,39924310553
2019-04-24,38793601449
2019-04-25,38834718144
2019-04-26,38197409376
2019-04-29,38053500944
2019-04-30,38012384250
2019-05-01,37148933661
2019-05-02,37087258619
2019-05-03,37210608703
2019-05-06,36799441756
2019-05-07,36121016293
2019-05-08,37148933661
2019-05-09,38217967723
2019-05-10,38320759460
2019-05-13,37601217303
2019-05-14,37950709208
2019-05-15,38156292681
2019-05-16,38567459628
2019-05-17,38094617639
2019-05-20,37477867219
2019-05-21,38032942597
2019-05-22,37457308871
2019-05-23,35894874473
2019-05-24,36737766714
2019-05-28,34147414948
2019-05-29,35051982231
2019-05-30,34414673463
2019-05-31,33695131306
2019-06-03,34579140242
2019-06-04,35257565705
2019-06-05,34373556769
2019-06-06,34681931979
2019-06-07,35956549515
2019-06-10,35689290999
2019-06-11,35319240747
2019-06-12,34147414948
2019-06-13,34928632147
2019-06-14,34846398758
2019-06-17,35257565705
2019-06-18,36326599767
2019-06-19,36984466882
2019-06-20,38197409376
2019-06-21,38505784586
2019-06-24,38526342933
2019-06-25,38485226239
2019-06-26,38588017975
2019-06-27,37827359124
2019-06-28,37601217303
2019-07-01,38485226239
2019-07-02,37210608703
2019-07-03,37662892345
2019-07-05,38567459628
2019-07-08,38402992849
2019-07-09,38464667891
2019-07-10,39430910217
2019-07-11,39410351869
2019-07-12,39348676827
2019-07-15,39060859965
2019-07-16,38793601449
2019-07-17,38814159796
2019-07-18,38300201113
2019-07-19,38937509880
2019-07-22,39143093354
2019-07-23,38855276491
2019-07-24,38485226239
2019-07-25,38238526071
2019-07-26,37889034166
2019-07-29,37416192177
2019-07-30,37128375314
2019-07-31,36861116798
2019-08-01,35956549515
2019-08-02,35339799094
2019-08-05,33900714780
2019-08-06,34209089990
2019-08-07,33489547833
2019-08-08,34681931979
2019-08-09,34311881727
2019-08-12,33654014611
2019-08-13,34311881727
2019-08-14,32626097244
2019-08-15,32297163686
2019-08-16,32872797412
2019-08-19,33119497580
2019-08-20,32913914107
2019-08-21,33407314443
2019-08-22,32605538897
2019-08-23,31433713098
2019-08-26,31844880045
2019-08-27,31454271445
2019-08-28,31433713098
2019-08-29,32009346823
2019-08-30,32461630465
2019-09-03,32317722034
2019-09-04,33160614275
2019-09-05,34003506516
2019-09-06,34496906853
2019-09-09,34846398758
2019-09-10,35298682399
2019-09-11,35134215621
2019-09-12,35894874473
2019-09-13,35339799094
2019-09-16,36943350187
2019-09-17,36532183240
2019-09-18,36367716462
2019-09-19,36203249683
2019-09-20,36121016293
2019-09-23,35894874473
2019-09-24,35504265873
2019-09-25,35360357442
2019-09-26,35545382568
2019-09-27,35442590831
2019-09-30,35010865537
2019-10-01,34496906853
2019-10-02,33962389822
2019-10-03,34887515452
2019-10-04,34990307189
2019-10-07,34949190495
2019-10-08,34352998421
2019-10-09,34579140242
2019-10-10,35072540579
2019-10-11,35977107862
2019-10-14,35648174304
2019-10-15,35792082736
2019-10-16,35463149178
2019-10-17,35237007357
2019-10-18,34846398758
2019-10-21,34702490326
2019-10-22,35463149178
2019-10-23,36532183240
2019-10-24,36408833156
2019-10-25,36902233493
2019-10-28,36963908535
2019-10-29,37375075482
2019-10-30,37066700272
2019-10-31,37518983913
2019-11-01,38197409376
2019-11-04,38588017975
2019-11-05,39143093354
2019-11-06,38464667891
2019-11-07,38916951533
2019-11-08,38629134670
2019-11-11,38978626575
2019-11-12,37539542261
2019-11-13,37354517134
2019-11-14,37416192177
2019-11-15,37765684081
2019-11-18,37066700272
2019-11-19,36922791840
2019-11-20,37395633829
2019-11-21,37683450692
2019-11-22,37950709208
2019-11-25,37889034166
2019-11-26,37107816966
2019-11-27,37683450692
2019-11-29,37642333997
2019-12-02,37518983913
2019-12-03,37498425566
2019-12-04,39307560133
2019-12-05,38731926407
2019-12-06,39554260301
2019-12-09,39533701954
2019-12-10,39307560133
2019-12-11,39800960469
2019-12-12,40273802458
2019-12-13,40171010721
2019-12-16,40767202795
2019-12-17,40869994531
2019-12-18,40664411058
2019-12-19,41322278173
2019-12-20,41507303299
2019-12-23,42329637193
2019-12-24,42555779014
2019-12-26,41671770078
2019-12-27,41568978341
2019-12-30,41671770078
2019-12-31,41034461310
2020-01-02,42173080312
2020-01-03,42526080000
2020-01-06,42359962500
2020-01-07,42567609375
2020-01-08,42235374375
2020-01-09,42463785937
2020-01-10,43003667812
2020-01-13,43502020312
2020-01-14,42775256250
2020-01-15,42484550625
2020-01-16,42380727187
2020-01-17,42297668437
2020-01-21,41633198437
2020-01-22,41467080937
2020-01-23,40740316875
2020-01-24,40491140625
2020-01-27,38954553750
2020-01-28,39120671250
2020-01-29,38892259687
2020-01-30,38850730312
2020-01-31,38414671875
2020-02-03,38435436562
2020-02-04,39162200625
2020-02-05,39369847500
2020-02-06,39099906562
2020-02-07,38913024375
2020-02-10,38746906875
2020-02-11,39888964687
2020-02-12,41321728125
2020-02-13,41134845937
2020-02-14,40553434687
2020-02-18,40906434375
2020-02-19,42318433125
2020-02-20,41861610000
2020-02-21,41944668750
2020-02-24,40262729062
2020-02-25,39722847187
2020-02-26,39182965312
2020-02-27,36940379062
2020-02-28,36649673437
2020-03-02,36961143750
2020-03-03,36317438437
2020-03-04,37625613750
2020-03-05,37251849375
2020-03-06,34074852187
2020-03-09,25312154062
2020-03-10,26205035625
2020-03-11,23609449687
2020-03-12,20120982187
2020-03-13,22488156562
2020-03-16,17172396562
2020-03-17,16590985312
2020-03-18,13870811250
2020-03-19,14514516562
2020-03-20,14929810312
2020-03-23,14867516250
2020-03-24,16175691562
2020-03-25,18210630937
2020-03-26,20930805000
2020-03-27,19145041875
2020-03-30,18895865625
2020-03-31,19747217812
2020-04-01,18523070962
2020-04-02,21051747686
2020-04-03,22943115642
2020-04-06,23087024074
2020-04-07,23292607547
2020-04-08,24690575167
2020-04-09,24505550041
2020-04-13,23786007883
2020-04-14,23498191021
2020-04-15,22017990011
2020-04-16,21812406538
2020-04-17,22470273653
2020-04-20,21606823064
2020-04-21,18502512615
2020-04-22,19468754940
2020-04-23,20229413792
2020-04-24,19550988329
2020-04-27,20023830318
2020-04-28,21113422728
2020-04-29,21853523233
2020-04-30,21483472980
2020-05-01,19345404856
2020-05-04,20311647181
2020-05-05,20702255781
2020-05-06,20064947013
2020-05-07,20599464044
2020-05-08,22017990011
2020-05-11,21689056454
2020-05-12,21133981075
2020-05-13,19962155276
2020-05-14,20126622055
2020-05-15,20414438918
2020-05-18,21689056454
2020-05-19,21175097770
2020-05-20,21915198275
2020-05-21,21668498106
2020-05-22,21627381412
2020-05-26,21853523233
2020-05-27,22161898443
2020-05-28,21668498106
2020-05-29,21401239591
2020-06-01,22141340095
2020-06-02,23210374158
2020-06-03,24526108388
2020-06-04,24670016820
2020-06-05,27034226765
2020-06-08,27712652227
2020-06-09,26910876681
2020-06-10,25841842618
2020-06-11,22593623737
2020-06-12,23333724242
2020-06-15,23025349032
2020-06-16,24567225083
2020-06-17,23539307715
2020-06-18,23292607547
2020-06-19,23251490852
2020-06-22,23045907379
2020-06-23,23909357968
2020-06-24,22675857127
2020-06-25,23230932505
2020-06-26,22593623737
2020-06-29,22881440600
2020-06-30,22881440600
2020-07-01,22819765558
2020-07-02,23395399284
2020-07-06,23744891189
2020-07-07,23169257463
2020-07-08,23477632673
2020-07-09,22963673989
2020-07-10,23498191021
2020-07-13,23559866063
2020-07-14,24484991693
2020-07-15,24443874999
2020-07-16,24361641609
2020-07-17,24834483598
2020-07-20,24094383094
2020-07-21,25451234019
2020-07-22,25183975503
2020-07-23,24937275335
2020-07-24,24813925251
2020-07-27,25081183767
2020-07-28,24443874999
2020-07-29,24916716988
2020-07-30,24156058136
2020-07-31,23929916315
2020-08-03,23559866063
2020-08-04,23929916315
2020-08-05,24053266399
2020-08-06,23827124578
2020-08-07,23559866063
2020-08-10,23744891189
2020-08-11,23827124578
2020-08-12,24341083262
2020-08-13,23786007883
2020-08-14,23703774494
2020-08-17,23559866063
2020-08-18,23786007883
2020-08-19,23744891189
2020-08-20,23313165894
2020-08-21,23189815810
2020-08-24,23703774494
2020-08-25,23847682926
2020-08-26,23457074326
2020-08-27,23169257463
2020-08-28,23991591357
2020-08-31,23415957631
2020-09-01,24505550041
2020-09-02,24341083262
2020-09-03,24135499788
2020-09-04,23786007883
2020-09-08,22634740432
2020-09-09,23004790684
2020-09-10,22285248527
2020-09-11,22408598611
2020-09-14,22305806874
2020-09-15,22511390348
2020-09-16,22819765558
2020-09-17,22799207211
2020-09-18,22799207211
2020-09-21,21791848191
2020-09-22,21627381412
2020-09-23,20990072644
2020-09-24,20887280907
2020-09-25,20414438918
2020-09-28,20866722560
2020-09-29,20126622055
2020-09-30,20229413792
2020-10-01,19921038582
2020-10-02,20147180403
2020-10-05,20599464044
2020-10-06,20414438918
2020-10-07,20393880571
2020-10-08,20928397602
2020-10-09,20661139086
2020-10-12,20393880571
2020-10-13,19962155276
2020-10-14,20167738750
2020-10-15,19982713624
2020-10-16,19859363540
2020-10-19,19962155276
2020-10-20,20229413792
2020-10-21,19982713624
2020-10-22,20311647181
2020-10-23,20106063708
2020-10-26,19674338413
2020-10-27,19592105024
2020-10-28,18338045836
2020-10-29,18605304351
2020-10-30,19016471298
2020-11-02,19242613119
2020-11-03,19612663371
2020-11-04,20003271971
2020-11-05,20147180403
2020-11-06,20147180403
2020-11-09,21791848191
2020-11-10,22573065390
2020-11-11,22758090516
2020-11-12,22161898443
2020-11-13,22593623737
2020-11-16,23991591357
2020-11-17,24279408220
2020-11-18,23868241273
2020-11-19,24341083262
2020-11-20,24402758304
2020-11-23,24937275335
2020-11-24,25471792366
2020-11-25,25759609229
2020-11-27,24772808556
2020-11-30,23683216147
2020-12-01,24690575167
2020-12-02,24937275335
2020-12-03,25204533851
2020-12-04,26438034692
2020-12-07,26109101134
2020-12-08,26047426092
2020-12-09,26499709734
2020-12-10,27794885617
2020-12-11,27548185449
2020-12-14,27322043628
2020-12-15,27712652227
2020-12-16,28267727606
2020-12-17,28534986121
2020-12-18,28041585785
2020-12-21,26787526597
2020-12-22,26746409902
2020-12-23,27095901807
2020-12-24,26684734860
2020-12-28,26664176512
2020-12-29,26910876681
2020-12-30,26972551723
2020-12-31,26540826428
2021-01-04,26623059818
2021-01-05,27322043628
2021-01-06,27836002311
2021-01-07,28123819174
2021-01-08,28391077690
2021-01-11,28082702480
2021-01-12,29048944805
2021-01-13,28720011247
2021-01-14,29665695226
2021-01-15,28514427774
2021-01-19,28884478026
2021-01-20,28925594721
2021-01-21,28514427774
2021-01-22,27589302143
2021-01-25,26705293207
2021-01-26,26931435028
2021-01-27,25327883935
2021-01-28,24916716988
2021-01-29,23395399284
2021-02-01,24012149704
2021-02-02,24546666735
2021-02-03,24443874999
2021-02-04,24628900125
2021-02-05,24937275335
2021-02-08,25430675671
2021-02-09,25245650545
2021-02-10,25327883935
2021-02-11,25101742114
2021-02-12,25266208893
2021-02-16,25862400966
2021-02-17,25800725924
2021-02-18,25122300461
2021-02-19,24896158640
2021-02-22,25595142450
2021-02-23,26479151386
2021-02-24,26540826428
2021-02-25,26026867745
2021-02-26,25183975503
2021-03-01,25554025756
2021-03-02,25369000629
2021-03-03,25369000629
2021-03-04,25739050882
2021-03-05,27383718670
2021-03-08,26787526597
2021-03-09,26664176512
2021-03-10,27486510406
2021-03-11,27589302143
2021-03-12,27280926933
2021-03-15,28843361332
2021-03-16,28411636037
2021-03-17,28514427774
2021-03-18,26910876681
2021-03-19,27486510406
2021-03-22,27465952059
2021-03-23,26026867745
2021-03-24,26499709734
2021-03-25,26109101134
2021-03-26,26479151386
2021-03-29,26417476344
2021-03-30,26129659481
2021-03-31,26355801302
2021-04-01,26376359650
2021-04-05,25944634355
2021-04-06,25903517661
2021-04-07,26191334523
2021-04-08,25882959313
2021-04-09,25492350714
2021-04-12,25595142450
2021-04-13,25512909061
2021-04-14,26232451218
2021-04-15,26314684608
2021-04-16,26417476344
2021-04-19,26479151386
2021-04-20,25574584103
2021-04-21,25718492534
2021-04-22,25492350714
2021-04-23,25327883935
2021-04-26,25369000629
2021-04-27,25307325587
2021-04-28,26026867745
2021-04-29,25718492534
2021-04-30,24320524915
2021-05-03,24114941441
2021-05-04,23888799620
2021-05-05,24423316651
2021-05-06,24813925251
2021-05-07,25163417156
2021-05-10,26088542787
2021-05-11,25554025756
2021-05-12,26047426092
2021-05-13,25410117324
2021-05-14,26705293207
2021-05-17,26787526597
2021-05-18,26294126260
2021-05-19,26129659481
2021-05-20,25615700798
2021-05-21,24998950377
2021-05-24,25286767240
2021-05-25,24608341777
2021-05-26,24279408220
2021-05-27,24053266399
2021-05-28,24546666735
2021-06-01,25574584103
2021-06-02,26294126260
2021-06-03,26438034692
2021-06-04,26808084944
2021-06-07,27424835364
2021-06-08,27322043628
2021-06-09,26972551723
2021-06-10,27095901807
2021-06-11,26951993375
2021-06-14,27034226765
2021-06-15,27157576849
2021-06-16,26869759986
2021-06-17,26253009565
2021-06-18,26088542787
2021-06-21,26993110070
2021-06-22,27054785112
2021-06-23,27424835364
2021-06-24,30179653909
2021-06-25,30508587467
2021-06-28,29974070436
2021-06-29,29624578531
2021-06-30,30056303825
2021-07-01,30549704162
2021-07-02,31289804666
2021-07-06,30220770604
2021-07-07,29932953741
2021-07-08,29460111752
2021-07-09,29768486962
2021-07-12,29460111752
2021-07-13,29192853237
2021-07-14,28617219511
2021-07-15,27630418838
2021-07-16,27322043628
2021-07-19,26253009565
2021-07-20,26129659481
2021-07-21,27116460154
2021-07-22,27054785112
2021-07-23,26849201639
2021-07-26,27445393712
2021-07-27,27219251891
2021-07-28,27774327269
2021-07-29,28267727606
2021-07-30,27774327269
2021-08-02,27280926933
2021-08-03,27527627101
2021-08-04,26951993375
2021-08-05,26499709734
2021-08-06,26253009565
2021-08-09,26479151386
2021-08-10,27013668417
2021-08-11,27363160322
2021-08-12,27815443964
2021-08-13,27507068754
2021-08-16,26746409902
2021-08-17,26993110070
2021-08-18,27178135196
2021-08-19,26643618165
2021-08-20,26890318333
2021-08-23,27979910743
2021-08-24,28493869427
2021-08-25,28576102816
2021-08-26,27918235701
2021-08-27,28658336205
2021-08-30,28473311079
2021-08-31,28699452900
2021-09-01,28349960995
2021-09-02,28925594721
2021-09-03,28432194385
2021-09-07,28144377522
2021-09-08,27712652227
2021-09-09,27404277017
2021-09-10,27260368586
2021-09-13,27692093880
2021-09-14,27301485280
2021-09-15,28103260827
2021-09-16,28103260827
2021-09-17,27404277017
2021-09-20,26890318333
2021-09-21,27013668417
2021-09-22,27404277017
2021-09-23,27753768922
2021-09-24,27219251891
2021-09-27,28699452900
2021-09-28,28905036374
2021-09-29,28987269763
2021-09-30,29501228447
2021-10-01,30076862173
2021-10-04,30673054246
2021-10-05,30590820856
2021-10-06,30467470772
2021-10-07,31187012929
2021-10-08,31844880045
2021-10-11,32153255255
2021-10-12,32112138560
2021-10-13,31947671781
2021-10-14,31824321697
2021-10-15,32256046992
2021-10-18,31762646655
2021-10-19,32153255255
2021-10-20,31968230129
2021-10-21,31474829792
2021-10-22,31495388140
2021-10-25,31454271445
2021-10-26,31618738224
2021-10-27,31289804666
2021-10-28,31351479708
2021-10-29,31145896235
2021-11-01,31248687972
2021-11-02,30796404330
2021-11-03,30775845982
2021-11-04,30570262509
2021-11-05,30611379204
2021-11-08,31084221193
2021-11-09,31228129624
2021-11-10,30323562341
2021-11-11,30405795730
2021-11-12,30035745478
2021-11-15,29891837046
2021-11-16,29275086626
2021-11-17,28576102816
2021-11-18,28637777858
2021-11-19,27815443964
2021-11-22,27486510406
2021-11-23,27815443964
2021-11-24,27712652227
2021-11-26,26335242955
2021-11-29,26294126260
2021-11-30,26417476344
2021-12-01,26828643291
2021-12-02,27609860491
2021-12-03,27650977185
2021-12-06,28103260827
2021-12-07,28637777858
2021-12-08,29048944805
2021-12-09,28617219511
2021-12-10,28699452900
2021-12-13,27753768922
2021-12-14,26931435028
2021-12-15,26705293207
2021-12-16,26766968249
2021-12-17,27013668417
2021-12-20,26396917997
2021-12-21,26725851555
2021-12-22,27239810238
2021-12-23,26993110070
2021-12-27,27692093880
2021-12-28,27589302143
2021-12-29,27198693544
2021-12-30,26766968249
2021-12-31,26499709734
2022-01-03,27527627088
2022-01-04,27486510393
2022-01-05,26890318320
2022-01-06,26705293194
2022-01-07,27465952046
2022-01-10,26766968236
2022-01-11,28308844287
2022-01-12,28658336191
2022-01-13,28905036360
2022-01-14,29069503138
2022-01-18,30488029105
2022-01-19,30693612578
2022-01-20,29912395379
2022-01-21,29583461822
2022-01-24,29069503138
2022-01-25,30159095547
2022-01-26,30261887284
2022-01-27,30035745463
2022-01-28,30117978853
2022-01-31,30303003979
2022-02-01,30261887284
2022-02-02,30220770589
2022-02-03,29604020169
2022-02-04,30282445631
2022-02-07,30488029105
2022-02-08,30179653895
2022-02-09,30200212242
2022-02-10,29974070421
2022-02-11,31084221178
2022-02-14,30631937536
2022-02-15,30405795715
2022-02-16,31495388124
2022-02-17,31515946472
2022-02-18,31166454567
2022-02-22,31680413250
2022-02-23,32071021850
2022-02-24,32009346808
2022-02-25,32132696892
2022-02-28,33242847648
2022-03-01,34065181542
2022-03-02,34209089973
2022-03-03,35175332298
2022-03-04,36018224539
2022-03-07,36778883391
2022-03-08,37046141906
2022-03-09,36100457929
2022-03-10,36306041402
2022-03-11,36634974959
2022-03-14,34723048657
2022-03-15,34270765015
2022-03-16,34250206668
2022-03-17,35997666192
2022-03-18,35298682382
2022-03-21,36963908517
2022-03-22,36696650001
2022-03-23,38361876136
2022-03-24,38546901262
2022-03-25,39081418293
2022-03-28,38094617621
2022-03-29,38259084399
2022-03-30,38690809693
2022-03-31,38238526052
2022-04-01,38916951533
2022-04-04,39081418312
2022-04-05,39698168732
2022-04-06,38958068228
2022-04-07,39430910217
2022-04-08,39328118480
2022-04-11,38690809712
2022-04-12,39245885091
2022-04-13,39636493690
2022-04-14,40397152542
2022-04-18,39759843774
2022-04-19,36717208367
2022-04-20,37087258619
2022-04-21,35915432820
2022-04-22,35565940915
2022-04-25,34291323379
2022-04-26,33880156432
2022-04-27,34373556769
2022-04-28,34291323379
2022-04-29,33366197749
2022-05-02,33222289317
2022-05-03,33880156432
2022-05-04,35051982231
2022-05-05,33592339569
2022-05-06,33407314443
2022-05-09,31043104498
2022-05-10,31166454582
2022-05-11,31084221193
2022-05-12,30673054246
2022-05-13,31145896235
2022-05-16,31557063182
2022-05-17,31639296571
2022-05-18,29131178194
2022-05-19,28555544469
2022-05-20,29151736542
2022-05-23,30076862173
2022-05-24,29994628783
2022-05-25,30693612593
2022-05-26,31022546151
2022-05-27,31474829792
2022-05-31,34743607021
2022-06-01,35607057610
2022-06-02,35401474136
2022-06-03,35915432820
2022-06-06,35380915789
2022-06-07,35833199431
2022-06-08,35113657273
2022-06-09,33839039738
2022-06-10,32749447328
2022-06-13,31022546151
2022-06-14,30673054246
2022-06-15,30529145814
2022-06-16,29562903489
2022-06-17,28123819174
2022-06-21,25040067072
2022-06-22,23724332841
2022-06-23,22244131832
2022-06-24,22675857127
2022-06-27,24197174830
2022-06-28,23600982757
2022-06-29,22758090516
2022-06-30,22326365222
2022-07-01,22778648863
2022-07-05,20948955949
2022-07-06,20332205529
2022-07-07,21175097770
2022-07-08,21339564549
2022-07-11,20681697434
2022-07-12,20476113960
2022-07-13,20661139086
2022-07-14,19571546677
2022-07-15,19694896761
2022-07-18,20147180403
2022-07-19,20969514297
2022-07-20,20928397602
2022-07-21,19941596929
2022-07-22,19180938077
2022-07-25,20023830318
2022-07-26,20393880571
2022-07-27,20928397602
2022-07-28,21360122896
2022-07-29,22079665053
2022-08-01,21627381412
2022-08-02,21791848191
2022-08-03,21750731496
2022-08-04,20887280907
2022-08-05,21195656117
2022-08-08,21997431664
2022-08-09,22161898443
2022-08-10,22203015138
2022-08-11,22593623737
2022-08-12,23066465726
2022-08-15,22161898443
2022-08-16,21812406538
2022-08-17,21462914633
2022-08-18,21771289843
2022-08-19,21380681244
2022-08-22,21606823064
2022-08-23,22881440600
2022-08-24,23045907379
2022-08-25,23025349032
2022-08-26,22552507042
2022-08-29,23251490852
2022-08-30,22059106706
2022-08-31,21195656117
2022-09-01,20270530487
2022-09-02,21277889507
2022-09-06,21360122896
2022-09-07,21339564549
2022-09-08,21051747686
2022-09-09,22141340095
2022-09-12,22675857127
2022-09-13,22223573485
2022-09-14,22655298779
2022-09-15,21421797938
2022-09-16,21072306033
2022-09-19,21380681244
2022-09-20,20661139086
2022-09-21,20291088834
2022-09-22,20702255781
2022-09-23,18893121214
2022-09-26,17762412110
2022-09-27,18194137404
2022-09-28,18831446172
2022-09-29,18872562867
2022-09-30,18358604183
2022-10-03,19797688498
2022-10-04,21051747686
2022-10-05,20948955949
2022-10-06,21133981075
2022-10-07,20969514297
2022-10-10,20085505360
2022-10-11,19530429982
2022-10-12,19242613119
2022-10-13,19962155276
2022-10-14,18831446172
2022-10-17,19324846509
2022-10-18,19324846509
2022-10-19,19715455108
2022-10-20,19304288161
2022-10-21,19674338413
2022-10-24,19160379730
2022-10-25,18954796256
2022-10-26,19263171466
2022-10-27,19777130150
2022-10-28,20291088834
2022-10-31,20270530487
2022-11-01,20948955949
2022-11-02,20414438918
2022-11-03,19982713624
2022-11-04,20496672307
2022-11-07,20990072644
2022-11-08,20990072644
2022-11-09,20208855445
2022-11-10,21257331159
2022-11-11,20455555613
2022-11-14,21339564549
2022-11-15,21298447854
2022-11-16,20414438918
2022-11-17,20722814128
2022-11-18,20332205529
2022-11-21,19838805192
2022-11-22,21072306033
2022-11-23,21072306033
2022-11-25,21442356286
2022-11-28,20476113960
2022-11-29,21298447854
2022-11-30,20291088834
2022-12-01,19838805192
2022-12-02,19859363540
2022-12-05,18872562867
2022-12-06,19057587993
2022-12-07,19078146340
2022-12-08,19078146340
2022-12-09,18687537741
2022-12-12,18769771130
2022-12-13,19324846509
2022-12-14,18852004519
2022-12-15,18605304351
2022-12-16,18379162530
2022-12-19,18872562867
2022-12-20,19365963203
2022-12-21,19797688498
2022-12-22,19674338413
2022-12-23,20620022392
2022-12-27,20969514297
2022-12-28,20455555613
2022-12-29,20599464044
2022-12-30,21524589675
2023-01-03,20352763876
2023-01-04,20188297097
2023-01-05,20990072644
2023-01-06,22531948695
2023-01-09,22860882253
2023-01-10,23066465726
2023-01-11,23374840936
2023-01-12,23744891189
2023-01-13,23888799620
2023-01-17,23642099452
2023-01-18,24587783430
2023-01-19,24505550041
2023-01-20,24855041946
2023-01-23,24772808556
2023-01-24,24341083262
2023-01-25,24217733178
2023-01-26,24587783430
2023-01-27,23189815810
2023-01-30,22860882253
2023-01-31,23415957631
2023-02-01,23025349032
2023-02-02,22244131832
2023-02-03,22038548359
2023-02-06,22244131832
2023-02-07,22552507042
2023-02-08,22346923569
2023-02-09,21586264717
2023-02-10,22511390348
2023-02-13,22346923569
2023-02-14,22079665053
2023-02-15,21689056454
2023-02-16,21935756622
2023-02-17,21236772812
2023-02-21,21380681244
2023-02-22,21257331159
2023-02-23,22017990011
2023-02-24,22161898443
2023-02-27,23210374158
2023-02-28,22799207211
2023-03-01,23415957631
2023-03-02,22943115642
2023-03-03,23498191021
2023-03-06,23950474662
2023-03-07,23148699116
2023-03-08,23272049200
2023-03-09,22634740432
2023-03-10,22346923569
2023-03-13,21339564549
2023-03-14,21606823064
2023-03-15,20578905697
2023-03-16,20722814128
2023-03-17,20332205529
2023-03-20,20229413792
2023-03-21,21010630991
2023-03-22,20620022392
2023-03-23,19879921887
2023-03-24,19756571803
2023-03-27,20537789002
2023-03-28,21113422728
2023-03-29,21257331159
2023-03-30,21360122896
2023-03-31,21709614801
2023-04-03,22901998947
2023-04-04,22696415474
2023-04-05,22901998947
2023-04-06,22429156958
2023-04-10,22778648863
2023-04-11,23642099452
2023-04-12,23765449536
2023-04-13,23971033010
2023-04-14,23929916315
2023-04-17,23765449536
2023-04-18,23415957631
2023-04-19,23087024074
2023-04-20,22860882253
2023-04-21,22819765558
2023-04-24,23868241273
2023-04-25,20188297097
2023-04-26,19489313287
2023-04-27,19160379730
2023-04-28,19982713624
2023-05-01,19633221719
2023-05-02,18091345668
2023-05-03,18009112278
2023-05-04,17803528805
2023-05-05,18913679562
2023-05-08,18646421046
2023-05-09,18728654435
2023-05-10,18728654435
2023-05-11,18769771130
2023-05-12,19139821382
2023-05-15,18975354604
2023-05-16,18831446172
2023-05-17,19427638245
2023-05-18,19160379730
2023-05-19,19304288161
2023-05-22,19365963203
2023-05-23,19530429982
2023-05-24,19592105024
2023-05-25,18975354604
2023-05-26,19201496424
2023-05-30,18913679562
2023-05-31,18666979393
2023-06-01,19386521551
2023-06-02,20064947013
2023-06-05,20023830318
2023-06-06,20722814128
2023-06-07,21195656117
2023-06-08,21401239591
2023-06-09,21380681244
2023-06-12,20907839254
2023-06-13,20990072644
2023-06-14,21092864381
2023-06-15,21442356286
2023-06-16,21483472980
2023-06-20,21216214465
2023-06-21,21750731496
2023-06-22,21545148022
2023-06-23,21092864381
2023-06-26,21483472980
2023-06-27,21072306033
2023-06-28,21236772812
2023-06-29,21175097770
2023-06-30,21072306033
2023-07-03,21483472980
2023-07-05,21339564549
2023-07-06,20743372476
2023-07-07,21277889507
2023-07-10,21380681244
2023-07-11,21771289843
2023-07-12,22141340095
2023-07-13,22490832000
2023-07-14,21894639927
2023-07-17,22100223401
2023-07-18,22429156958
2023-07-19,22552507042
2023-07-20,22655298779
2023-07-21,22778648863
2023-07-24,23128140768
2023-07-25,23251490852
2023-07-26,23230932505
2023-07-27,22799207211
2023-07-28,23210374158
2023-07-31,24094383094
2023-08-01,23539307715
2023-08-02,22984232337
2023-08-03,23128140768
2023-08-04,23477632673
2023-08-07,23600982757
2023-08-08,23806566231
2023-08-09,23148699116
2023-08-10,23539307715
2023-08-11,23765449536
2023-08-14,23128140768
2023-08-15,22819765558
2023-08-16,22860882253
2023-08-17,22984232337
2023-08-18,23148699116
2023-08-21,23087024074
2023-08-22,23128140768
2023-08-23,23313165894
2023-08-24,23107582421
2023-08-25,23045907379
2023-08-28,23477632673
2023-08-29,24053266399
2023-08-30,24587783430
2023-08-31,24012149704
2023-09-01,24238291525
2023-09-05,24361641609
2023-09-06,24526108388
2023-09-07,24443874999
2023-09-08,24731691862
2023-09-11,24670016820
2023-09-12,25327883935
2023-09-13,25101742114
2023-09-14,25800725924
2023-09-15,25780167576
2023-09-18,25677375840
2023-09-19,26047426092
2023-09-20,26520268081
2023-09-21,25800725924
2023-09-22,25841842618
2023-09-25,26047426092
2023-09-26,23374840936
2023-09-27,23744891189
2023-09-28,23868241273
2023-09-29,23806566231
2023-10-02,23025349032
2023-10-03,23087024074
2023-10-04,22305806874
2023-10-05,22017990011
2023-10-06,22429156958
2023-10-09,23642099452
2023-10-10,24176616483
2023-10-11,24382199957
2023-10-12,24464433346
2023-10-13,25101742114
2023-10-16,25389558977
2023-10-17,25636259145
2023-10-18,25533467408
2023-10-19,25307325587
2023-10-20,25183975503
2023-10-23,24711133514
2023-10-24,24772808556
2023-10-25,24998950377
2023-10-26,24772808556
2023-10-27,24567225083
2023-10-30,24361641609
2023-10-31,24279408220
2023-11-01,24855041946
2023-11-02,25615700798
2023-11-03,25410117324
2023-11-06,24978392030
2023-11-07,24053266399
2023-11-08,23518749368
2023-11-09,23929916315
2023-11-10,24094383094
2023-11-13,24443874999
2023-11-14,24752250209
2023-11-15,24505550041
2023-11-16,24258849873
2023-11-17,25225092198
2023-11-20,25636259145
2023-11-21,25656817492
2023-11-22,25492350714
2023-11-24,26211892871
2023-11-27,26232451218
2023-11-28,26458593039
2023-11-29,26129659481
2023-11-30,25924076008
2023-12-01,26335242955
2023-12-04,25985751050
2023-12-05,25841842618
2023-12-06,25245650545
2023-12-07,25430675671
2023-12-08,26150217829
2023-12-11,26026867745
2023-12-12,25389558977
2023-12-13,26047426092
2023-12-14,26623059818
2023-12-15,26314684608
2023-12-18,26540826428
2023-12-19,24649458472
2023-12-20,24135499788
2023-12-21,24546666735
2023-12-22,24546666735
2023-12-26,25122300461
2023-12-27,24916716988
2023-12-28,24608341777
2023-12-29,24505550041
2024-01-02,24587783430
2024-01-03,25327883935
2024-01-04,25122300461
2024-01-05,25800725924
2024-01-08,25183975503
2024-01-09,24813925251
2024-01-10,24464433346
2024-01-11,24731691862
2024-01-12,24957833682
2024-01-16,24197174830
2024-01-17,24012149704
2024-01-18,24094383094
2024-01-19,23991591357
2024-01-22,23847682926
2024-01-23,23971033010
2024-01-24,24114941441
2024-01-25,24649458472
2024-01-26,25266208893
2024-01-29,25142858809
2024-01-30,25183975503
2024-01-31,24731691862
2024-02-01,24875600293
2024-02-02,24238291525
2024-02-05,24094383094
2024-02-06,24464433346
2024-02-07,24628900125
2024-02-08,24484991693
2024-02-09,24402758304
2024-02-12,24464433346
2024-02-13,23950474662
2024-02-14,23971033010
2024-02-15,24320524915
2024-02-16,24382199957
2024-02-20,23888799620
2024-02-21,24484991693
2024-02-22,24546666735
2024-02-23,24258849873
2024-02-26,24423316651
2024-02-27,24628900125
2024-02-28,24156058136
2024-02-29,24053266399
2024-03-01,23354282589
2024-03-04,22141340095
2024-03-05,21791848191
2024-03-06,21812406538
2024-03-07,21853523233
2024-03-08,21627381412
2024-03-11,21647939759
2024-03-12,21771289843
2024-03-13,21894639927
2024-03-14,22141340095
2024-03-15,22675857127
2024-03-18,22203015138
2024-03-19,22326365222
2024-03-20,22655298779
2024-03-21,22408598611
2024-03-22,22223573485
2024-03-25,22675857127
2024-03-26,22573065390
2024-03-27,23292607547
2024-03-28,24341083262
2024-04-01,24896158640
2024-04-02,26109101134
2024-04-03,26499709734
2024-04-04,24937275335
2024-04-05,24978392030
2024-04-08,24752250209
2024-04-09,24875600293
2024-04-10,24341083262
2024-04-11,24813925251
2024-04-12,24053266399
2024-04-15,23703774494
2024-04-16,23642099452
2024-04-17,23539307715
2024-04-18,23313165894
2024-04-19,23662657799
2024-04-22,23786007883
2024-04-23,24114941441
2024-04-24,24032708052
2024-04-25,23929916315
2024-04-26,24361641609
2024-04-29,24793366904
2024-04-30,23868241273
2024-05-01,23621541105
2024-05-02,23724332841
2024-05-03,23724332841
2024-05-06,23868241273
2024-05-07,23971033010
2024-05-08,24135499788
2024-05-09,24156058136
2024-05-10,23929916315
2024-05-13,23971033010
2024-05-14,24855041946
2024-05-15,24711133514
2024-05-16,24731691862
2024-05-17,24937275335
2024-05-20,25286767240
2024-05-21,25266208893
2024-05-22,24423316651
2024-05-23,24402758304
2024-05-24,24505550041
2024-05-28,25554025756
2024-05-29,25286767240
2024-05-30,25245650545
2024-05-31,25286767240
2024-06-03,25040067072
2024-06-04,24834483598
2024-06-05,24670016820
2024-06-06,24731691862
2024-06-07,24649458472
2024-06-10,24916716988
2024-06-11,24526108388
2024-06-12,24299966567
2024-06-13,24114941441
2024-06-14,23929916315
2024-06-17,24299966567
2024-06-18,24772808556
2024-06-20,24896158640
2024-06-21,24670016820
2024-06-24,26047426092
2024-06-25,22963673989
2024-06-26,22963673989
2024-06-27,22943115642
2024-06-28,23004790684
2024-07-01,22819765558
2024-07-02,22901998947
2024-07-03,23169257463
2024-07-05,23087024074
2024-07-08,23087024074
2024-07-09,22881440600
2024-07-10,22901998947
2024-07-11,23025349032
2024-07-12,23004790684
2024-07-15,22963673989
2024-07-16,22634740432
2024-07-17,22531948695
2024-07-18,22346923569
2024-07-19,22223573485
2024-07-22,22223573485
2024-07-23,21874081580
2024-07-24,21791848191
2024-07-25,21956314969
2024-07-26,21997431664
2024-07-29,21689056454
2024-07-30,21504031328
2024-07-31,22038548359
2024-08-01,21421797938
2024-08-02,20537789002
2024-08-05,19982713624
2024-08-06,20661139086
2024-08-07,20784489170
2024-08-08,21257331159
2024-08-09,21524589675
