,EPAM
2012-02-08,422758000
2012-02-09,420040270
2012-02-10,421550120
2012-02-13,412189050
2012-02-14,405847680
2012-02-15,404639800
2012-02-16,408867380
2012-02-17,410075260
2012-02-21,414000870
2012-02-22,421550120
2012-02-23,420946180
2012-02-24,414000870
2012-02-27,412491020
2012-02-28,417624510
2012-02-29,426683610
2012-03-01,452955000
2012-03-02,457182580
2012-03-05,455672730
2012-03-06,452955000
2012-03-07,459900310
2012-03-08,459900310
2012-03-09,462618040
2012-03-12,457182580
2012-03-13,476508660
2012-03-14,489191400
2012-03-15,513349000
2012-03-16,507309600
2012-03-19,525729770
2012-03-20,525729770
2012-03-21,524823859
2012-03-22,501270200
2012-03-23,516368700
2012-03-26,512745060
2012-03-27,637458670
2012-03-28,603940000
2012-03-29,606959700
2012-03-30,619642440
2012-04-02,922132250
2012-04-03,942945000
2012-04-04,898346249
2012-04-05,890276000
2012-04-09,903443250
2012-04-10,925955000
2012-04-11,959510250
2012-04-12,987543750
2012-04-13,962058749
2012-04-16,900470000
2012-04-17,860543500
2012-04-18,857145500
2012-04-19,866065250
2012-04-20,851199000
2012-04-23,856720750
2012-04-24,840155500
2012-04-25,842704000
2012-04-26,851623750
2012-04-27,853322750
2012-04-30,876684000
2012-05-01,880506750
2012-05-02,930202499
2012-05-03,894098750
2012-05-04,869038500
2012-05-07,854597000
2012-05-08,767947999
2012-05-09,753931250
2012-05-10,748409500
2012-05-11,737366000
2012-05-14,680449500
2012-05-15,650292250
2012-05-16,664733750
2012-05-17,639673500
2012-05-18,635850750
2012-05-21,665583250
2012-05-22,666432750
2012-05-23,705085000
2012-05-24,719951250
2012-05-25,721650249
2012-05-29,730570000
2012-05-30,734817500
2012-05-31,743312500
2012-06-01,701687000
2012-06-04,697439500
2012-06-05,711456250
2012-06-06,705085000
2012-06-07,701262250
2012-06-08,712730500
2012-06-11,716978000
2012-06-12,737790750
2012-06-13,763275750
2012-06-14,755630250
2012-06-15,747984750
2012-06-18,748409500
2012-06-19,745861000
2012-06-20,759453000
2012-06-21,759028250
2012-06-22,764125249
2012-06-25,737790750
2012-06-26,719101750
2012-06-27,722075000
2012-06-28,705085000
2012-06-29,721650249
2012-07-02,738774400
2012-07-03,732761120
2012-07-05,729754479
2012-07-06,692386240
2012-07-09,673916880
2012-07-10,663608400
2012-07-11,654588480
2012-07-12,618508800
2012-07-13,661890320
2012-07-16,694533840
2012-07-17,677782560
2012-07-18,682077760
2012-07-19,671339760
2012-07-20,655447520
2012-07-23,633542000
2012-07-24,606482240
2012-07-25,606482240
2012-07-26,621515440
2012-07-27,658024640
2012-07-30,694533840
2012-07-31,688950080
2012-08-01,674775920
2012-08-02,674346400
2012-08-03,687232000
2012-08-06,713862240
2012-08-07,722452640
2012-08-08,723741200
2012-08-09,719016479
2012-08-10,755525680
2012-08-13,759820880
2012-08-14,750800960
2012-08-15,764975120
2012-08-16,752089520
2012-08-17,751660000
2012-08-20,713862240
2012-08-21,724170720
2012-08-22,760679920
2012-08-23,771847440
2012-08-24,773565520
2012-08-27,772706479
2012-08-28,771847440
2012-08-29,771847440
2012-08-30,767981760
2012-08-31,751660000
2012-09-04,763686560
2012-09-05,755955200
2012-09-06,756384720
2012-09-07,754666640
2012-09-10,754237120
2012-09-11,752089520
2012-09-12,769270320
2012-09-13,768840799
2012-09-14,813940400
2012-09-17,805350000
2012-09-18,801913840
2012-09-19,811363280
2012-09-20,811792799
2012-09-21,812651840
2012-09-24,810504240
2012-09-25,809645200
2012-09-26,793752960
2012-09-27,800625280
2012-09-28,813510880
2012-10-01,805701340
2012-10-02,819555420
2012-10-03,822586000
2012-10-04,824750700
2012-10-05,836007140
2012-10-08,839903599
2012-10-09,844233000
2012-10-10,842934180
2012-10-11,843800059
2012-10-12,836007140
2012-10-15,823451880
2012-10-16,814360140
2012-10-17,785786099
2012-10-18,776261420
2012-10-19,762407340
2012-10-22,763706160
2012-10-23,768901440
2012-10-24,771499080
2012-10-25,771066140
2012-10-26,777560240
2012-10-31,778426120
2012-11-01,779292000
2012-11-02,770633200
2012-11-05,784487280
2012-11-06,800506059
2012-11-07,779292000
2012-11-08,770200260
2012-11-09,842068300
2012-11-12,850727099
2012-11-13,860251780
2012-11-14,842501240
2012-11-15,841202420
2012-11-16,842501240
2012-11-19,869343519
2012-11-20,859818840
2012-11-21,865447059
2012-11-23,865880000
2012-11-26,866312940
2012-11-27,862416480
2012-11-28,870642340
2012-11-29,887527000
2012-11-30,890557580
2012-12-03,897051680
2012-12-04,896618740
2012-12-05,891856400
2012-12-06,897917559
2012-12-07,896185800
2012-12-10,882331720
2012-12-11,884496420
2012-12-12,885362300
2012-12-13,878002320
2012-12-14,896185800
2012-12-17,900515200
2012-12-18,896185800
2012-12-19,869776460
2012-12-20,863715300
2012-12-21,858087080
2012-12-24,858952960
2012-12-26,836007140
2012-12-27,819555420
2012-12-28,819988360
2012-12-31,811097200
2013-01-02,850531760
2013-01-03,850979879
2013-01-04,859942280
2013-01-07,852324240
2013-01-08,858597920
2013-01-09,878315200
2013-01-10,886829480
2013-01-11,904754280
2013-01-14,901617440
2013-01-15,906098640
2013-01-16,906098640
2013-01-17,904306160
2013-01-18,907891120
2013-01-22,912820440
2013-01-23,914612920
2013-01-24,936570799
2013-01-25,937467040
2013-01-28,940155760
2013-01-29,938811400
2013-01-30,939707640
2013-01-31,928504640
2013-02-01,978245959
2013-02-04,967939200
2013-02-05,976453480
2013-02-06,962113640
2013-02-07,964354240
2013-02-08,963009879
2013-02-11,893103160
2013-02-12,909683600
2013-02-13,909683600
2013-02-14,919542240
2013-02-15,943292600
2013-02-19,938363280
2013-02-20,932089600
2013-02-21,934330200
2013-02-22,943740720
2013-02-25,924023440
2013-02-26,924471560
2013-02-27,963906120
2013-02-28,940155760
2013-03-01,1006029400
2013-03-04,990345200
2013-03-05,1029779760
2013-03-06,1053978240
2013-03-07,1049048920
2013-03-08,1061148160
2013-03-11,1048152680
2013-03-12,1036949680
2013-03-13,1052633879
2013-03-14,1032020360
2013-03-15,1025746680
2013-03-18,1018576760
2013-03-19,1022609840
2013-03-20,1023057959
2013-03-21,1015888040
2013-03-22,1018128640
2013-03-25,1008718120
2013-03-26,1025746680
2013-03-27,1045912080
2013-03-28,1040982760
2013-04-01,1057549500
2013-04-02,1073014740
2013-04-03,1059368940
2013-04-04,1065282120
2013-04-05,1064372399
2013-04-08,1048907160
2013-04-09,1040264820
2013-04-10,1056639780
2013-04-11,1045723139
2013-04-12,1046178000
2013-04-15,1004785740
2013-04-16,1032532200
2013-04-17,972035820
2013-04-18,964758060
2013-04-19,953841420
2013-04-22,962028899
2013-04-23,991139940
2013-04-24,1003876020
2013-04-25,976129560
2013-04-26,970671240
2013-04-29,974764980
2013-04-30,977949000
2013-05-01,971580960
2013-05-02,982042740
2013-05-03,1018431540
2013-05-06,1047087720
2013-05-07,1046178000
2013-05-08,1049362020
2013-05-09,1045268280
2013-05-10,1050726600
2013-05-13,1032077340
2013-05-14,1037990520
2013-05-15,1034806500
2013-05-16,1030712760
2013-05-17,1046178000
2013-05-20,1047087720
2013-05-21,1088479980
2013-05-22,1070740440
2013-05-23,1047997440
2013-05-24,1059368940
2013-05-28,1062552960
2013-05-29,1055275200
2013-05-30,1059823800
2013-05-31,1053455760
2013-06-03,1056639780
2013-06-04,1105764660
2013-06-05,1108038960
2013-06-06,1142153460
2013-06-07,1162167300
2013-06-10,1162167300
2013-06-11,1170809640
2013-06-12,1164896460
2013-06-13,1160802720
2013-06-14,1135785420
2013-06-17,1189458900
2013-06-18,1205833860
2013-06-19,1212201900
2013-06-20,1202649840
2013-06-21,1225392840
2013-06-24,1182636000
2013-06-25,1219479660
2013-06-26,1223573400
2013-06-27,1251774720
2013-06-28,1236309480
2013-07-01,1189133120
2013-07-02,1170668320
2013-07-03,1190056360
2013-07-05,1206213060
2013-07-08,1281457120
2013-07-09,1290227900
2013-07-10,1311462420
2013-07-11,1319771580
2013-07-12,1325772640
2013-07-15,1343314200
2013-07-16,1330850460
2013-07-17,1335928280
2013-07-18,1349315260
2013-07-19,1340544480
2013-07-22,1345622300
2013-07-23,1338698000
2013-07-24,1332696940
2013-07-25,1348392020
2013-07-26,1348392020
2013-07-29,1342390960
2013-07-30,1344237440
2013-07-31,1336389900
2013-08-01,1339621240
2013-08-02,1322541300
2013-08-05,1371011400
2013-08-06,1356701180
2013-08-07,1359009280
2013-08-08,1371934640
2013-08-09,1455026240
2013-08-12,1439331160
2013-08-13,1460565680
2013-08-14,1471182940
2013-08-15,1406094520
2013-08-16,1415788540
2013-08-19,1397323740
2013-08-20,1401478320
2013-08-21,1418558260
2013-08-22,1449486800
2013-08-23,1437484680
2013-08-26,1424559320
2013-08-27,1396400500
2013-08-28,1398708600
2013-08-29,1486416400
2013-08-30,1476260760
2013-09-03,1473029420
2013-09-04,1491955840
2013-09-05,1483646680
2013-09-06,1485031540
2013-09-09,1542272419
2013-09-10,1590742520
2013-09-11,1587511180
2013-09-12,1577817160
2013-09-13,1534424880
2013-09-16,1529347060
2013-09-17,1546888620
2013-09-18,1591665759
2013-09-19,1607360840
2013-09-20,1569046380
2013-09-23,1567199900
2013-09-24,1565815040
2013-09-25,1607822460
2013-09-26,1621671060
2013-09-27,1606899220
2013-09-30,1605354000
2013-10-01,1633738520
2013-10-02,1610007200
2013-10-03,1604423359
2013-10-04,1626293400
2013-10-07,1585345240
2013-10-08,1548584960
2013-10-09,1629085320
2013-10-10,1708189720
2013-10-11,1775195800
2013-10-14,1814748000
2013-10-15,1749137880
2013-10-16,1754721720
2013-10-17,1784502200
2013-10-18,1800788400
2013-10-21,1814748000
2013-10-22,1798927119
2013-10-23,1777522400
2013-10-24,1778918359
2013-10-25,1785898160
2013-10-28,1785898160
2013-10-29,1767750680
2013-10-30,1739366160
2013-10-31,1743554040
2013-11-01,1702605880
2013-11-04,1703536520
2013-11-05,1690972880
2013-11-06,1687715640
2013-11-07,1628620000
2013-11-08,1662123040
2013-11-11,1656539200
2013-11-12,1647232800
2013-11-13,1635134480
2013-11-14,1656073880
2013-11-15,1664914960
2013-11-18,1639322359
2013-11-19,1635599800
2013-11-20,1635599800
2013-11-21,1668172200
2013-11-22,1633273200
2013-11-25,1625828080
2013-11-26,1637926400
2013-11-27,1639787680
2013-11-29,1650490040
2013-12-02,1649559400
2013-12-03,1623966800
2013-12-04,1609541880
2013-12-05,1624432119
2013-12-06,1664449640
2013-12-09,1639787680
2013-12-10,1603492720
2013-12-11,1553703480
2013-12-12,1551376880
2013-12-13,1514616599
2013-12-16,1555564760
2013-12-17,1580692040
2013-12-18,1619313599
2013-12-19,1616987000
2013-12-20,1629550640
2013-12-23,1616987000
2013-12-24,1622105520
2013-12-26,1617917640
2013-12-27,1625362760
2013-12-30,1620709560
2013-12-31,1635087180
2014-01-02,1627599660
2014-01-03,1637895000
2014-01-06,1633215300
2014-01-07,1674864630
2014-01-08,1715578019
2014-01-09,1710898320
2014-01-10,1708090500
2014-01-13,1685159970
2014-01-14,1726809300
2014-01-15,1770798480
2014-01-16,1788113370
2014-01-17,1794196980
2014-01-21,1859712780
2014-01-22,1893406620
2014-01-23,1867668269
2014-01-24,1865796389
2014-01-27,1841929920
2014-01-28,1957986480
2014-01-29,1923356700
2014-01-30,1945819260
2014-01-31,1913997300
2014-02-03,1858308870
2014-02-04,1892470680
2014-02-05,1891534740
2014-02-06,1911657450
2014-02-07,2031457769
2014-02-10,2013674910
2014-02-11,2028649950
2014-02-12,2023502280
2014-02-13,2071235220
2014-02-14,2075446950
2014-02-18,2088082139
2014-02-19,2001507690
2014-02-20,1929440309
2014-02-21,1959858360
2014-02-24,2006655360
2014-02-25,1960794300
2014-02-26,1970621670
2014-02-27,1976705280
2014-02-28,1962198210
2014-03-03,1498439940
2014-03-04,1741316370
2014-03-05,1711366290
2014-03-06,1634151240
2014-03-07,1704346740
2014-03-10,1663633349
2014-03-11,1672056809
2014-03-12,1646786430
2014-03-13,1543365059
2014-03-14,1500311820
2014-03-17,1560211980
2014-03-18,1599989430
2014-03-19,1580334690
2014-03-20,1563487769
2014-03-21,1518094680
2014-03-24,1503119639
2014-03-25,1527454080
2014-03-26,1551320550
2014-03-27,1544768970
2014-03-28,1501247760
2014-03-31,1548537200
2014-04-01,1711863159
2014-04-02,1653969520
2014-04-03,1599841320
2014-04-04,1553714680
2014-04-07,1421924280
2014-04-08,1478876560
2014-04-09,1507588040
2014-04-10,1451577120
2014-04-11,1573953920
2014-04-14,1520767080
2014-04-15,1525003200
2014-04-16,1535828840
2014-04-17,1559362840
2014-04-21,1540064960
2014-04-22,1547595840
2014-04-23,1537240879
2014-04-24,1507117360
2014-04-25,1478876560
2014-04-28,1457695960
2014-04-29,1452047800
2014-04-30,1465226840
2014-05-01,1543830399
2014-05-02,1539123600
2014-05-05,1558892159
2014-05-06,1521237760
2014-05-07,1627611440
2014-05-08,1624787360
2014-05-09,1637966399
2014-05-12,1688329159
2014-05-13,1685034399
2014-05-14,1687387800
2014-05-15,1695389360
2014-05-16,1723159480
2014-05-19,1803645760
2014-05-20,1815412760
2014-05-21,1847889680
2014-05-22,1875659800
2014-05-23,1939201600
2014-05-27,1949556560
2014-05-28,1967442399
2014-05-29,2000390000
2014-05-30,1980150760
2014-06-02,1983916200
2014-06-03,1970266480
2014-06-04,2004626120
2014-06-05,2070521320
2014-06-06,2102998240
2014-06-09,2142064680
2014-06-10,2069579960
2014-06-11,2070050639
2014-06-12,2062049080
2014-06-13,2064873159
2014-06-16,2065814520
2014-06-17,2074286760
2014-06-18,2081817639
2014-06-19,2084641720
2014-06-20,2088407159
2014-06-23,2082759000
2014-06-24,2062519760
2014-06-25,2070521320
2014-06-26,2069579960
2014-06-27,2049811399
2014-06-30,2070031250
2014-07-01,2022243100
2014-07-02,1988649450
2014-07-03,2035491300
2014-07-07,1977766999
2014-07-08,1892600000
2014-07-09,1887868500
2014-07-10,1853328550
2014-07-11,1854748000
2014-07-14,1841026649
2014-07-15,1815003400
2014-07-16,1845758150
2014-07-17,1798916300
2014-07-18,1830144200
2014-07-21,1788033850
2014-07-22,1812637650
2014-07-23,1823993249
2014-07-24,1832036800
2014-07-25,1817842300
2014-07-28,1831563650
2014-07-29,1872254550
2014-07-30,1887395350
2014-07-31,1829197899
2014-08-01,1798916300
2014-08-04,1856640600
2014-08-05,1891180550
2014-08-06,1935183500
2014-08-07,1943700200
2014-08-08,1926666800
2014-08-11,1899224100
2014-08-12,1878405500
2014-08-13,1932344600
2014-08-14,1930451999
2014-08-15,1939915000
2014-08-18,1911526000
2014-08-19,1893073150
2014-08-20,1891180550
2014-08-21,1890234250
2014-08-22,1860425800
2014-08-25,1892126850
2014-08-26,1938022400
2014-08-27,1904428750
2014-08-28,1792292200
2014-08-29,1781409750
2014-09-02,1776205100
2014-09-03,1806013550
2014-09-04,1790399600
2014-09-05,1793238500
2014-09-08,1800335749
2014-09-09,1758225399
2014-09-10,1759171700
2014-09-11,1794184800
2014-09-12,1818315450
2014-09-15,1818315450
2014-09-16,1841972950
2014-09-17,1868942500
2014-09-18,1932817750
2014-09-19,1921462150
2014-09-22,1895912050
2014-09-23,1892126850
2014-09-24,1915311199
2014-09-25,1930925150
2014-09-26,2002370800
2014-09-29,2008994900
2014-09-30,2085279800
2014-10-01,2052898200
2014-10-02,2063374600
2014-10-03,2084803600
2014-10-06,2058612599
2014-10-07,2037659800
2014-10-08,2090518000
2014-10-09,2004802000
2014-10-10,1990039800
2014-10-13,2025754800
2014-10-14,2048612400
2014-10-15,2058136400
2014-10-16,2039088400
2014-10-17,2010040200
2014-10-20,2021945200
2014-10-21,2043850400
2014-10-22,2051469600
2014-10-23,2147662000
2014-10-24,2112423200
2014-10-27,2233854200
2014-10-28,2243378200
2014-10-29,2248616400
2014-10-30,2244806800
2014-10-31,2273378800
2014-11-03,2271950200
2014-11-04,2219568200
2014-11-05,2297665000
2014-11-06,2281950400
2014-11-07,2235759000
2014-11-10,2237187600
2014-11-11,2267664400
2014-11-12,2275759800
2014-11-13,2341475400
2014-11-14,2363856800
2014-11-17,2366237800
2014-11-18,2338618200
2014-11-19,2305760400
2014-11-20,2309570000
2014-11-21,2325760800
2014-11-24,2363380600
2014-11-25,2357666200
2014-11-26,2404333800
2014-11-28,2430048600
2014-12-01,2352904200
2014-12-02,2383381000
2014-12-03,2367666400
2014-12-04,2380523800
2014-12-05,2406238600
2014-12-08,2391000200
2014-12-09,2473859000
2014-12-10,2333856200
2014-12-11,2439572600
2014-12-12,2423858000
2014-12-15,2357666200
2014-12-16,2201948800
2014-12-17,2303379400
2014-12-18,2299569800
2014-12-19,2297188800
2014-12-22,2290998200
2014-12-23,2310046200
2014-12-24,2325760800
2014-12-26,2325760800
2014-12-29,2299093600
2014-12-30,2276236000
2014-12-31,2286556500
2015-01-02,2225262420
2015-01-05,2215685220
2015-01-06,2216642940
2015-01-07,2264528940
2015-01-08,2330611620
2015-01-09,2314809240
2015-01-12,2286556500
2015-01-13,2292302820
2015-01-14,2222868120
2015-01-15,2174503260
2015-01-16,2272190700
2015-01-20,2228135580
2015-01-21,2222389260
2015-01-22,2242022520
2015-01-23,2221431540
2015-01-26,2265007800
2015-01-27,2231966460
2015-01-28,2274585000
2015-01-29,2289429660
2015-01-30,2343061980
2015-02-02,2238191640
2015-02-03,2272669560
2015-02-04,2418721860
2015-02-05,2460861540
2015-02-06,2442664860
2015-02-09,2442186000
2015-02-10,2461340400
2015-02-11,2461819260
2015-02-12,2682094860
2015-02-13,2589674880
2015-02-17,2530775100
2015-02-18,2550408360
2015-02-19,2676827400
2015-02-20,2744825520
2015-02-23,2723755680
2015-02-24,2749135260
2015-02-25,2776909140
2015-02-26,2938284960
2015-02-27,2953608480
2015-03-02,2954566200
2015-03-03,2895666420
2015-03-04,2851132440
2015-03-05,2864540520
2015-03-06,2846822700
2015-03-09,2917215120
2015-03-10,2851611300
2015-03-11,2888962380
2015-03-12,2952650760
2015-03-13,2943552420
2015-03-16,2954087340
2015-03-17,2956002780
2015-03-18,2946425580
2015-03-19,2948819880
2015-03-20,2939242680
2015-03-23,3001973340
2015-03-24,2966537700
2015-03-25,2879385180
2015-03-26,2921524860
2015-03-27,2967495420
2015-03-30,2979945780
2015-03-31,2977713360
2015-04-01,2983057600
2015-04-02,2998604480
2015-04-06,3209944879
2015-04-07,3230350159
2015-04-08,3249297920
2015-04-09,3295452720
2015-04-10,3341121680
2015-04-13,3371729600
2015-04-14,3269217360
2015-04-15,3282820879
2015-04-16,3294481040
2015-04-17,3236180240
2015-04-20,3292051840
2015-04-21,3310999600
2015-04-22,3303226159
2015-04-23,3282335040
2015-04-24,3236180240
2015-04-27,3152615760
2015-04-28,3250755440
2015-04-29,3199742240
2015-04-30,3143870639
2015-05-01,3244925360
2015-05-04,3263873120
2015-05-05,3196827200
2015-05-06,3226463440
2015-05-07,3170106000
2015-05-08,3187110399
2015-05-11,3114234399
2015-05-12,3114720240
2015-05-13,3194883840
2015-05-14,3222576720
2015-05-15,3218204159
2015-05-18,3289136800
2015-05-19,3340635840
2015-05-20,3339664159
2015-05-21,3299339440
2015-05-22,3231807680
2015-05-26,3278448320
2015-05-27,3393106560
2015-05-28,3498533840
2015-05-29,3493675440
2015-06-01,3482986960
2015-06-02,3473270159
2015-06-03,3470840960
2015-06-04,3461610000
2015-06-05,3473756000
2015-06-08,3411568480
2015-06-09,3398450800
2015-06-10,3439261360
2015-06-11,3405252560
2015-06-12,3388248159
2015-06-15,3448492320
2015-06-16,3469869280
2015-06-17,3506793120
2015-06-18,3546632000
2015-06-19,3540801920
2015-06-22,3574324879
2015-06-23,3599102720
2015-06-24,3531570960
2015-06-25,3563150560
2015-06-26,3502420560
2015-06-29,3380474720
2015-06-30,3493332890
2015-07-01,3620354259
2015-07-02,3616921250
2015-07-06,3628201140
2015-07-07,3645366190
2015-07-08,3570330400
2015-07-09,3592890180
2015-07-10,3667925970
2015-07-13,3705198650
2015-07-14,3684110160
2015-07-15,3644385330
2015-07-16,3681167580
2015-07-17,3674301560
2015-07-20,3657136509
2015-07-21,3664002529
2015-07-22,3671358980
2015-07-23,3624768130
2015-07-24,3620354259
2015-07-27,3550222770
2015-07-28,3564445240
2015-07-29,3640461890
2015-07-30,3579648569
2015-07-31,3634576730
2015-08-03,3620844690
2015-08-04,3579648569
2015-08-05,3439876020
2015-08-06,3433500430
2015-08-07,3475186980
2015-08-10,3470282680
2015-08-11,3412411940
2015-08-12,3372687110
2015-08-13,3361897650
2015-08-14,3384947860
2015-08-17,3374648830
2015-08-18,3394756460
2015-08-19,3408978930
2015-08-20,3382986140
2015-08-21,3371706250
2015-08-24,3269696810
2015-08-25,3331981420
2015-08-26,3414864090
2015-08-27,3534529009
2015-08-28,3523739549
2015-08-31,3462926230
2015-09-01,3388380870
2015-09-02,3405545920
2015-09-03,3401622480
2015-09-04,3382005279
2015-09-08,3559050509
2015-09-09,3517363960
2015-09-10,3608093509
2015-09-11,3646347049
2015-09-14,3606131790
2015-09-15,3635067160
2015-09-16,3659098230
2015-09-17,3664002529
2015-09-18,3693918759
2015-09-21,3666454680
2015-09-22,3549732340
2015-09-23,3569349540
2015-09-24,3554636640
2015-09-25,3531586430
2015-09-28,3454588920
2015-09-29,3422710970
2015-09-30,3678307200
2015-10-01,3711378400
2015-10-02,3733590400
2015-10-05,3872292000
2015-10-06,3842182400
2015-10-07,3997172800
2015-10-08,3971999200
2015-10-09,4000628000
2015-10-12,3992730400
2015-10-13,3771104000
2015-10-14,3777027200
2015-10-15,3884632000
2015-10-16,3909805599
2015-10-19,3859458400
2015-10-20,3837246399
2015-10-21,3841195199
2015-10-22,3840701600
2015-10-23,3924120000
2015-10-26,3883151200
2015-10-27,3914248000
2015-10-28,3921158400
2015-10-29,3826880800
2015-10-30,3817995999
2015-11-02,3855509600
2015-11-03,3886112800
2015-11-04,3730135199
2015-11-05,3538618400
2015-11-06,3534669600
2015-11-09,3547503200
2015-11-10,3591927200
2015-11-11,3673371200
2015-11-12,3635364000
2015-11-13,3526772000
2015-11-16,3545528800
2015-11-17,3662512000
2015-11-18,3664980000
2015-11-19,3679788000
2015-11-20,3821451200
2015-11-23,3803188000
2015-11-24,3825893600
2015-11-25,3903388800
2015-11-27,3921652000
2015-11-30,3886112800
2015-12-01,3937940800
2015-12-02,3883644800
2015-12-03,3908324800
2015-12-04,3986807200
2015-12-07,4030737600
2015-12-08,4072200000
2015-12-09,4048507200
2015-12-10,4026295199
2015-12-11,3878215199
2015-12-14,3910299200
2015-12-15,4021359200
2015-12-16,4032712000
2015-12-17,4050975199
2015-12-18,3894997600
2015-12-21,3908324800
2015-12-22,3958178400
2015-12-23,3941889600
2015-12-24,3935966399
2015-12-28,3917703200
2015-12-29,3954229600
2015-12-30,3911286399
2015-12-31,3908514680
2016-01-04,3735012820
2016-01-05,3734018540
2016-01-06,3694744479
2016-01-07,3593327920
2016-01-08,3504339859
2016-01-11,3489922800
2016-01-12,3503345580
2016-01-13,3489922800
2016-01-14,3618184920
2016-01-15,3433248840
2016-01-19,3372597760
2016-01-20,3418831780
2016-01-21,3488928520
2016-01-22,3585373680
2016-01-25,3603767859
2016-01-26,3529196859
2016-01-27,3513288380
2016-01-28,3554551000
2016-01-29,3723578600
2016-02-01,3771304040
2016-02-02,3738492800
2016-02-03,3564990939
2016-02-04,3423306040
2016-02-05,3028576880
2016-02-08,2971405780
2016-02-09,2917714660
2016-02-10,2886394840
2016-02-11,2885897700
2016-02-12,2833698000
2016-02-16,3004714160
2016-02-17,2987811400
2016-02-18,3264718380
2016-02-19,3302501020
2016-02-22,3190147380
2016-02-23,3227930020
2016-02-24,3268198359
2016-02-25,3341277939
2016-02-26,3345255060
2016-02-29,3399443320
2016-03-01,3486442820
2016-03-02,3466557220
2016-03-03,3528202580
2016-03-04,3548585320
2016-03-07,3516768359
2016-03-08,3461088680
2016-03-09,3436231680
2016-03-10,3389003380
2016-03-11,3458105840
2016-03-14,3558528120
2016-03-15,3496882760
2016-03-16,3518756920
2016-03-17,3538642520
2016-03-18,3509808399
2016-03-21,3513288380
2016-03-22,3502848439
2016-03-23,3516768359
2016-03-24,3505831280
2016-03-28,3586865100
2016-03-29,3666904640
2016-03-30,3646024760
2016-03-31,3749255370
2016-04-01,3865744889
2016-04-04,3795449490
2016-04-05,3722141430
2016-04-06,3731681519
2016-04-07,3652348139
2016-04-08,3700550700
2016-04-11,3686993730
2016-04-12,3727162530
2016-04-13,3823065540
2016-04-14,3824571870
2016-04-15,3876289200
2016-04-18,3889344059
2016-04-19,3870263880
2016-04-20,3877795530
2016-04-21,3912441120
2016-04-22,3920474880
2016-04-25,3886331400
2016-04-26,3921479099
2016-04-27,3784403070
2016-04-28,3693019050
2016-04-29,3661888230
2016-05-02,3685487400
2016-05-03,3596613930
2016-05-04,3558453570
2016-05-05,3578035860
2016-05-06,3574521090
2016-05-09,3521799540
2016-05-10,3582052740
2016-05-11,3615192000
2016-05-12,3566487330
2016-05-13,3591090720
2016-05-16,3660381900
2016-05-17,3566989440
2016-05-18,3618204660
2016-05-19,3557449349
2016-05-20,3645820710
2016-05-23,3620715210
2016-05-24,3750259590
2016-05-25,3746744820
2016-05-26,3743230050
2016-05-27,3802981139
2016-05-31,3841643610
2016-06-01,3813525450
2016-06-02,3812521230
2016-06-03,3792938940
2016-06-06,3825073980
2016-06-07,3779381970
2016-06-08,3740719500
2016-06-09,3683478960
2016-06-10,3592094940
2016-06-13,3568997880
2016-06-14,3573516870
2016-06-15,3519791099
2016-06-16,3491672940
2016-06-17,3435436620
2016-06-20,3603643470
2016-06-21,3566487330
2016-06-22,3565483110
2016-06-23,3634774290
2016-06-24,3305892240
2016-06-27,3103039800
2016-06-28,3341542050
2016-06-29,3308904900
2016-06-30,3288234610
2016-07-01,3247329810
2016-07-05,3182393440
2016-07-06,3241705400
2016-07-07,3226366100
2016-07-08,3372089450
2016-07-11,3370555520
2016-07-12,3461568700
2016-07-13,3486622890
2016-07-14,3491224680
2016-07-15,3508097910
2016-07-18,3501962189
2016-07-19,3495826470
2016-07-20,3572522970
2016-07-21,3568943800
2016-07-22,3595020610
2016-07-25,3613427770
2016-07-26,3602690259
2016-07-27,3575079520
2016-07-28,3598088470
2016-07-29,3591441439
2016-08-01,3660979599
2016-08-02,3588884890
2016-08-03,3587862270
2016-08-04,3404813290
2016-08-05,3407369840
2016-08-08,3374134689
2016-08-09,3410949009
2016-08-10,3398166259
2016-08-11,3428333550
2016-08-12,3497360400
2016-08-15,3460034770
2016-08-16,3392541849
2016-08-17,3401234120
2016-08-18,3378225169
2016-08-19,3355727530
2016-08-22,3372089450
2016-08-23,3463613939
2016-08-24,3431401410
2016-08-25,3446740710
2016-08-26,3468215730
2016-08-29,3444184160
2016-08-30,3445718090
2016-08-31,3487645509
2016-09-01,3532640790
2016-09-02,3617006939
2016-09-06,3594509300
2016-09-07,3592975370
2016-09-08,3583771790
2016-09-09,3481509790
2016-09-12,3493269919
2016-09-13,3434469270
2016-09-14,3426288310
2016-09-15,3492758610
2016-09-16,3470260970
2016-09-19,3497360400
2016-09-20,3488668130
2016-09-21,3528039000
2016-09-22,3564853320
2016-09-23,3572011660
2016-09-26,3425265689
2016-09-27,3450831189
2016-09-28,3455944290
2016-09-29,3484577650
2016-09-30,3515195270
2016-10-03,3449770340
2016-10-04,3424919010
2016-10-05,3432526560
2016-10-06,3414775610
2016-10-07,3339207280
2016-10-10,3386881260
2016-10-11,3274796689
2016-10-12,3276318199
2016-10-13,3263638949
2016-10-14,3286968770
2016-10-17,3277839710
2016-10-18,3297619340
2016-10-19,3275811030
2016-10-20,3270739329
2016-10-21,3212921950
2016-10-24,3392967300
2016-10-25,3351379360
2016-10-26,3365580120
2016-10-27,3313341610
2016-10-28,3291026130
2016-10-31,3264653290
2016-11-01,3259581590
2016-11-02,3245380830
2016-11-03,3152568720
2016-11-04,3130760410
2016-11-07,3077000390
2016-11-08,3081057750
2016-11-09,3086129450
2016-11-10,3115545310
2016-11-11,3181477410
2016-11-14,3141918150
2016-11-15,3151554380
2016-11-16,3188070620
2016-11-17,3249438189
2016-11-18,3289504620
2016-11-21,3360508420
2016-11-22,3362537100
2016-11-23,3425426180
2016-11-25,3392967300
2016-11-28,3393981640
2016-11-29,3423904670
2016-11-30,3342250300
2016-12-01,3180463070
2016-12-02,3144961170
2016-12-05,3166262310
2016-12-06,3155611740
2016-12-07,3169305330
2016-12-08,3233208750
2016-12-09,3205821570
2016-12-12,3217486480
2016-12-13,3196692510
2016-12-14,3199735530
2016-12-15,3182998920
2016-12-16,3147497020
2016-12-19,3172348350
2016-12-20,3176405710
2016-12-21,3167783820
2016-12-22,3188070620
2016-12-23,3241323470
2016-12-27,3276318199
2016-12-28,3225601200
2016-12-29,3260088760
2016-12-30,3261610270
2017-01-03,3243986280
2017-01-04,3279656880
2017-01-05,3299530500
2017-01-06,3407561460
2017-01-09,3406032720
2017-01-10,3411638100
2017-01-11,3428963820
2017-01-12,3402465660
2017-01-13,3413676419
2017-01-17,3396860280
2017-01-18,3388197419
2017-01-19,3347940600
2017-01-20,3336729840
2017-01-23,3286281419
2017-01-24,3372400440
2017-01-25,3411638100
2017-01-26,3350488500
2017-01-27,3350998080
2017-01-30,3277618559
2017-01-31,3279656880
2017-02-01,3299020919
2017-02-02,3261312000
2017-02-03,3342844799
2017-02-06,3302587980
2017-02-07,3355074720
2017-02-08,3310231679
2017-02-09,3357622620
2017-02-10,3393802799
2017-02-13,3403994400
2017-02-14,3388707000
2017-02-15,3430492559
2017-02-16,3602221020
2017-02-17,3579289919
2017-02-21,3673562220
2017-02-22,3720953160
2017-02-23,3726048960
2017-02-24,3787708140
2017-02-27,3747960900
2017-02-28,3752037540
2017-03-01,3815735040
2017-03-02,3845290679
2017-03-03,3751527960
2017-03-06,3736240559
2017-03-07,3698531640
2017-03-08,3736240559
2017-03-09,3749489640
2017-03-10,3760190820
2017-03-13,3751527960
2017-03-14,3737769299
2017-03-15,3716366940
2017-03-16,3723501059
2017-03-17,3694455000
2017-03-20,3700060380
2017-03-21,3671014320
2017-03-22,3698022059
2017-03-23,3712799880
2017-03-24,3733692660
2017-03-27,3759681240
2017-03-28,3801466799
2017-03-29,3840704460
2017-03-30,3868731360
2017-03-31,3919412480
2017-04-03,3858171660
2017-04-04,3856095700
2017-04-05,3863361560
2017-04-06,3886197120
2017-04-07,3912146620
2017-04-10,3898652880
2017-04-11,3917336520
2017-04-12,3869070450
2017-04-13,3877374289
2017-04-17,3919412480
2017-04-18,3897095910
2017-04-19,3922007429
2017-04-20,3975463399
2017-04-21,3997260980
2017-04-24,4007121789
2017-04-25,3987400170
2017-04-26,4024767450
2017-04-27,4003488860
2017-04-28,3996223000
2017-05-01,4011792700
2017-05-02,4009197750
2017-05-03,4035147250
2017-05-04,4165932730
2017-05-05,4175793539
2017-05-08,4198110110
2017-05-09,4183578390
2017-05-10,4207451929
2017-05-11,4193958190
2017-05-12,4183578390
2017-05-15,4226654560
2017-05-16,4206932940
2017-05-17,4164894750
2017-05-18,4204856980
2017-05-19,4264540830
2017-05-22,4302946090
2017-05-23,4289971340
2017-05-24,4346541250
2017-05-25,4406225100
2017-05-26,4367300850
2017-05-30,4336680440
2017-05-31,4353288120
2017-06-01,4487187540
2017-06-02,4437883490
2017-06-05,4397921260
2017-06-06,4330452560
2017-06-07,4335642460
2017-06-08,4344984280
2017-06-09,4253642039
2017-06-12,4228730520
2017-06-13,4294123259
2017-06-14,4272325679
2017-06-15,4255199009
2017-06-16,4286857399
2017-06-19,4336680440
2017-06-20,4271287700
2017-06-21,4333566500
2017-06-22,4297756190
2017-06-23,4392212370
2017-06-26,4381313580
2017-06-27,4303984070
2017-06-28,4355364080
2017-06-29,4337199430
2017-06-30,4418509050
2017-07-03,4358082300
2017-07-05,4388032950
2017-07-06,4340742450
2017-07-07,4416932700
2017-07-10,4352827800
2017-07-11,4378574850
2017-07-12,4424814450
2017-07-13,4391711100
2017-07-14,4426916250
2017-07-17,4403271000
2017-07-18,4497852000
2017-07-19,4496275650
2017-07-20,4549346100
2017-07-21,4585076700
2017-07-24,4590331200
2017-07-25,4549346100
2017-07-26,4570364100
2017-07-27,4507835550
2017-07-28,4490495700
2017-07-31,4515191850
2017-08-01,4520971800
2017-08-02,4441103400
2017-08-03,4303435500
2017-08-04,4382778450
2017-08-07,4320775350
2017-08-08,4299757350
2017-08-09,4298706450
2017-08-10,4264026750
2017-08-11,4189412850
2017-08-14,4309215450
2017-08-15,4329182550
2017-08-16,4320775350
2017-08-17,4200972750
2017-08-18,4243008750
2017-08-21,4246686899
2017-08-22,4238279700
2017-08-23,4207803600
2017-08-24,4185734700
2017-08-25,4142122350
2017-08-28,4151580450
2017-08-29,4145275050
2017-08-30,4181531100
2017-08-31,4273484850
2017-09-01,4314469950
2017-09-05,4380151200
2017-09-06,4403271000
2017-09-07,4457917800
2017-09-08,4442154300
2017-09-11,4449510600
2017-09-12,4603467450
2017-09-13,4481563050
2017-09-14,4361760450
2017-09-15,4298181000
2017-09-18,4424289000
2017-09-19,4375422150
2017-09-20,4386456600
2017-09-21,4395389250
2017-09-22,4418509050
2017-09-25,4421136300
2017-09-26,4442154300
2017-09-27,4489444800
2017-09-28,4487343000
2017-09-29,4620281850
2017-10-02,4658639900
2017-10-03,4723681070
2017-10-04,4731612920
2017-10-05,4751178150
2017-10-06,4768628220
2017-10-09,4747476620
2017-10-10,4754879680
2017-10-11,4792423770
2017-10-12,4790837400
2017-10-13,4809873840
2017-10-16,4819920850
2017-10-17,4809345050
2017-10-18,4787664660
2017-10-19,4787664660
2017-10-20,4833669390
2017-10-23,4809345050
2017-10-24,4801413200
2017-10-25,4795596510
2017-10-26,4777088860
2017-10-27,4809345050
2017-10-30,4818334480
2017-10-31,4819920850
2017-11-01,4791366190
2017-11-02,5242952850
2017-11-03,5270449930
2017-11-06,5285256050
2017-11-07,5326501670
2017-11-08,5446008210
2017-11-09,5411636860
2017-11-10,5435961200
2017-11-13,5413223230
2017-11-14,5425914190
2017-11-15,5426971770
2017-11-16,5478793190
2017-11-17,5483552300
2017-11-20,5479850770
2017-11-21,5602530050
2017-11-22,5595655780
2017-11-24,5646419620
2017-11-27,5604116420
2017-11-28,5699298620
2017-11-29,5403705010
2017-11-30,5364045760
2017-12-01,5235549790
2017-12-04,5133493320
2017-12-05,5136666060
2017-12-06,5167335880
2017-12-07,5291601530
2017-12-08,5388898890
2017-12-11,5525855500
2017-12-12,5529557030
2017-12-13,5608875530
2017-12-14,5556525320
2017-12-15,5642189300
2017-12-18,5747947300
2017-12-19,5712518370
2017-12-20,5712518370
2017-12-21,5760109470
2017-12-22,5742659400
2017-12-26,5688722820
2017-12-27,5696125880
2017-12-28,5695068300
2017-12-29,5680790970
2018-01-02,5753763600
2018-01-03,5826481830
2018-01-04,5840282370
2018-01-05,5849836590
2018-01-08,5875845300
2018-01-09,5897076900
2018-01-10,5820643140
2018-01-11,5859921600
2018-01-12,5884868730
2018-01-16,5848775010
2018-01-17,5958117750
2018-01-18,6003765690
2018-01-19,6013850700
2018-01-22,5989965150
2018-01-23,6091346040
2018-01-24,6132216870
2018-01-25,6167249010
2018-01-26,6317462580
2018-01-29,6250052250
2018-01-30,6231474600
2018-01-31,6235720920
2018-02-01,6141240300
2018-02-02,6037736250
2018-02-05,5803127070
2018-02-06,5929985880
2018-02-07,5888053470
2018-02-08,5636459010
2018-02-09,5566394730
2018-02-12,5840282370
2018-02-13,5863106340
2018-02-14,5877437670
2018-02-15,5957056170
2018-02-16,6101431050
2018-02-20,6043044150
2018-02-21,6000050160
2018-02-22,6085507350
2018-02-23,6192196140
2018-02-26,6172556910
2018-02-27,6083384190
2018-02-28,6004296480
2018-03-01,5984126460
2018-03-02,6155571630
2018-03-05,6173087700
2018-03-06,6123193440
2018-03-07,6192196140
2018-03-08,6304723620
2018-03-09,6503239080
2018-03-12,6629567100
2018-03-13,6464491410
2018-03-14,6466614570
2018-03-15,6462368250
2018-03-16,6320116530
2018-03-19,6321708900
2018-03-20,6324362850
2018-03-21,6412473990
2018-03-22,6196973250
2018-03-23,5977756980
2018-03-26,6222451170
2018-03-27,6014381490
2018-03-28,5919900870
2018-03-29,6078607080
2018-04-02,6004607400
2018-04-03,6033506580
2018-04-04,6058659570
2018-04-05,6084347730
2018-04-06,5940922170
2018-04-09,5916839520
2018-04-10,5973567540
2018-04-11,6028154880
2018-04-12,6097726980
2018-04-13,6030295560
2018-04-16,6128231670
2018-04-17,6327314910
2018-04-18,6313400490
2018-04-19,6378156060
2018-04-20,6320892870
2018-04-23,6200479620
2018-04-24,6103613850
2018-04-25,6038323110
2018-04-26,6148032960
2018-04-27,6142681260
2018-04-30,6119668950
2018-05-01,6153384660
2018-05-02,6129837180
2018-05-03,6152314320
2018-05-04,6256137300
2018-05-07,6312330150
2018-05-08,6256137300
2018-05-09,6653233440
2018-05-10,6854992530
2018-05-11,6942225240
2018-05-14,6721200030
2018-05-15,6689089830
2018-05-16,6611490180
2018-05-17,6723340710
2018-05-18,6765083970
2018-05-21,6728692410
2018-05-22,6605603310
2018-05-23,6651627930
2018-05-24,6626474940
2018-05-25,6553691820
2018-05-29,6533355360
2018-05-30,6655374120
2018-05-31,6592224060
2018-06-01,6636108000
2018-06-04,6735649620
2018-06-05,6799334850
2018-06-06,6816995460
2018-06-07,6643600380
2018-06-08,6681597450
2018-06-11,6739930980
2018-06-12,6827698860
2018-06-13,6728692410
2018-06-14,6715848330
2018-06-15,6643065210
2018-06-18,6766154310
2018-06-19,6599181270
2018-06-20,6536566380
2018-06-21,6419364150
2018-06-22,6457361220
2018-06-25,6446657820
2018-06-26,6548875290
2018-06-27,6491076930
2018-06-28,6583661340
2018-06-29,6653768610
2018-07-02,6693265080
2018-07-03,6594177400
2018-07-05,6667416120
2018-07-06,6907057519
2018-07-09,7026608959
2018-07-10,6965756200
2018-07-11,6987297000
2018-07-12,7189242000
2018-07-13,7192473120
2018-07-16,7122465519
2018-07-17,7204320560
2018-07-18,7176856040
2018-07-19,7242016959
2018-07-20,7202705000
2018-07-23,7347566880
2018-07-24,7106309920
2018-07-25,7196242760
2018-07-26,7212398360
2018-07-27,7031455640
2018-07-30,6962525080
2018-07-31,7012068920
2018-08-01,7083153560
2018-08-02,6898979720
2018-08-03,6739039280
2018-08-06,6891440440
2018-08-07,7066459440
2018-08-08,7057304600
2018-08-09,7008837800
2018-08-10,7015300040
2018-08-13,6909211600
2018-08-14,7103617320
2018-08-15,7117080320
2018-08-16,7149930040
2018-08-17,7269481480
2018-08-20,7345412800
2018-08-21,7400341839
2018-08-22,7498891000
2018-08-23,7529048120
2018-08-24,7593132000
2018-08-27,7655061800
2018-08-28,7680372240
2018-08-29,7688450040
2018-08-30,7754688000
2018-08-31,7697066360
2018-09-04,7690065600
2018-09-05,7386878839
2018-09-06,7307177880
2018-09-07,7417035959
2018-09-10,7394956640
2018-09-11,7430498959
2018-09-12,7523662920
2018-09-13,7536048880
2018-09-14,7557051160
2018-09-17,7500506560
2018-09-18,7553281519
2018-09-19,7488659120
2018-09-20,7470349440
2018-09-21,7438038240
2018-09-24,7362645440
2018-09-25,7425113760
2018-09-26,7421344120
2018-09-27,7400341839
2018-09-28,7415420399
2018-10-01,7457898930
2018-10-02,7387118320
2018-10-03,7426020640
2018-10-04,7185042379
2018-10-05,7165591220
2018-10-08,6981345510
2018-10-09,6966757140
2018-10-10,6598265720
2018-10-11,6375658000
2018-10-12,6470212250
2018-10-15,6395649470
2018-10-16,6672288190
2018-10-17,6651216100
2018-10-18,6558823090
2018-10-19,6518299840
2018-10-22,6519380460
2018-10-23,6463188220
2018-10-24,6197896010
2018-10-25,6372956450
2018-10-26,6247064220
2018-10-29,6077947190
2018-10-30,6119010750
2018-10-31,6455083570
2018-11-01,6894355600
2018-11-02,6824115300
2018-11-05,6709569580
2018-11-06,6753875000
2018-11-07,6981345510
2018-11-08,7060230769
2018-11-09,7027812170
2018-11-12,6862477310
2018-11-13,6929475750
2018-11-14,6808986620
2018-11-15,6816550960
2018-11-16,6771164920
2018-11-19,6543154100
2018-11-20,6376198310
2018-11-21,6511816120
2018-11-23,6503711470
2018-11-26,6721996710
2018-11-27,6704166480
2018-11-28,6826276540
2018-11-29,6845727700
2018-11-30,7037537750
2018-12-03,7263387330
2018-12-04,7040779610
2018-12-06,6911105210
2018-12-07,6637708350
2018-12-10,6605289750
2018-12-11,6667965710
2018-12-12,6703626170
2018-12-13,6689037800
2018-12-14,6443196750
2018-12-17,6173041750
2018-12-18,6345400640
2018-12-19,6206000660
2018-12-20,5907749540
2018-12-21,5807792190
2018-12-24,5742414680
2018-12-26,6090374320
2018-12-27,6215726240
2018-12-28,6161695240
2018-12-31,6292977879
2019-01-02,6201303604
2019-01-03,6091185984
2019-01-04,6365123906
2019-01-07,6690594704
2019-01-08,6800712324
2019-01-09,6971042041
2019-01-10,7026372077
2019-01-11,7077904953
2019-01-14,7044815422
2019-01-15,7228163972
2019-01-16,7332314627
2019-01-17,7389272017
2019-01-18,7517832982
2019-01-22,7402290849
2019-01-23,7342078751
2019-01-24,7370286220
2019-01-25,7637714726
2019-01-28,7558516832
2019-01-29,7529766911
2019-01-30,7653988266
2019-01-31,7674601416
2019-02-01,7818351019
2019-02-04,7836794364
2019-02-05,7879105568
2019-02-06,7936605409
2019-02-07,7832997205
2019-02-08,7942029922
2019-02-11,8093916294
2019-02-12,8038586259
2019-02-13,8113986994
2019-02-14,8358632543
2019-02-15,8391179623
2019-02-19,8449221916
2019-02-20,8456273783
2019-02-21,8462240748
2019-02-22,8603820545
2019-02-25,8651013810
2019-02-26,8661862837
2019-02-27,8672169412
2019-02-28,8775777616
2019-03-01,8871791502
2019-03-04,8814834112
2019-03-05,8770353103
2019-03-06,8716650421
2019-03-07,8647759102
2019-03-08,8737806023
2019-03-11,8872876404
2019-03-12,8980281768
2019-03-13,9030729741
2019-03-14,9113182344
2019-03-15,9192922689
2019-03-18,9170139733
2019-03-19,9211908486
2019-03-20,9132710591
2019-03-21,9391459876
2019-03-22,8910305546
2019-03-25,9065446626
2019-03-26,9230351831
2019-03-27,8947734688
2019-03-28,9113182344
2019-03-29,9174479344
2019-04-01,9357183840
2019-04-02,9348434720
2019-04-03,9570443640
2019-04-04,9257115780
2019-04-05,9205714700
2019-04-08,9256022140
2019-04-09,9236883440
2019-04-10,9361558400
2019-04-11,9433191820
2019-04-12,9490607920
2019-04-15,9420614960
2019-04-16,9514668000
2019-04-17,9283363140
2019-04-18,9373588440
2019-04-22,9445221860
2019-04-23,9689103580
2019-04-24,9655747560
2019-04-25,9632234300
2019-04-26,9656294380
2019-04-29,9692931320
2019-04-30,9807763520
2019-05-01,9734489640
2019-05-02,9573724560
2019-05-03,9695665420
2019-05-06,9667230780
2019-05-07,9311797780
2019-05-08,9318906440
2019-05-09,9284456780
2019-05-10,9358277480
2019-05-13,8966207540
2019-05-14,9202980600
2019-05-15,9352809280
2019-05-16,9398742160
2019-05-17,9269692640
2019-05-20,9104006180
2019-05-21,9304142300
2019-05-22,9363198860
2019-05-23,9099631620
2019-05-24,9148845420
2019-05-28,9129159900
2019-05-29,9119317140
2019-05-30,9462173280
2019-05-31,9437566380
2019-06-03,8906057340
2019-06-04,9196418760
2019-06-05,9304689120
2019-06-06,9450143240
2019-06-07,9665043500
2019-06-10,9684729020
2019-06-11,9703320900
2019-06-12,9727380980
2019-06-13,9662309400
2019-06-14,9542009000
2019-06-17,9438113200
2019-06-18,9486233360
2019-06-19,9488967460
2019-06-20,9569350000
2019-06-21,9519042560
2019-06-24,9394914420
2019-06-25,9322734180
2019-06-26,9350075180
2019-06-27,9456158260
2019-06-28,9465454200
2019-07-01,9697432358
2019-07-02,9720480978
2019-07-03,9734749171
2019-07-05,9884016423
2019-07-08,10134258580
2019-07-09,10262672318
2019-07-10,10323037751
2019-07-11,10484378089
2019-07-12,10625962467
2019-07-15,10757120089
2019-07-16,10750534769
2019-07-17,10893765477
2019-07-18,10716510616
2019-07-19,10584255441
2019-07-22,10640779437
2019-07-23,10726388596
2019-07-24,10805961212
2019-07-25,10836143928
2019-07-26,11020532886
2019-07-29,10914618990
2019-07-30,10837241481
2019-07-31,10634742894
2019-08-01,10631999010
2019-08-02,10307672004
2019-08-05,9679322729
2019-08-06,9873040890
2019-08-07,9861516580
2019-08-08,10425658986
2019-08-09,10234684709
2019-08-12,10213831195
2019-08-13,10405354250
2019-08-14,10006393618
2019-08-15,10123831823
2019-08-16,10318098761
2019-08-19,10461878246
2019-08-20,10606206507
2019-08-21,10809253872
2019-08-22,10728583703
2019-08-23,10330171847
2019-08-26,10370232544
2019-08-27,10366391107
2019-08-28,10413037123
2019-08-29,10535414318
2019-08-30,10499743835
2019-09-03,10331818177
2019-09-04,10505780379
2019-09-05,10691266890
2019-09-06,10585352994
2019-09-09,10617730817
2019-09-10,9665603312
2019-09-11,10082673574
2019-09-12,10106819747
2019-09-13,9818712000
2019-09-16,9930113662
2019-09-17,10056881071
2019-09-18,10128222036
2019-09-19,10165538849
2019-09-20,10195721566
2019-09-23,10139197570
2019-09-24,9975662125
2019-09-25,10088161340
2019-09-26,10077734584
2019-09-27,9897735839
2019-09-30,10038903840
2019-10-01,9990449280
2019-10-02,9912261240
2019-10-03,10147926600
2019-10-04,10401762420
2019-10-07,10463431860
2019-10-08,10159489620
2019-10-09,10232171460
2019-10-10,10155635280
2019-10-11,10407819240
2019-10-14,10362668400
2019-10-15,10459026900
2019-10-16,10376433900
2019-10-17,10417730400
2019-10-18,10294391520
2019-10-21,10240430760
2019-10-22,9360540000
2019-10-23,9462404700
2019-10-24,9774606240
2019-10-25,9699171300
2019-10-28,9832421340
2019-10-29,9725050440
2019-10-30,9759739500
2019-10-31,9688709520
2019-11-01,9769100040
2019-11-04,9761391360
2019-11-05,9790574220
2019-11-06,9823611420
2019-11-07,10477747980
2019-11-08,10419382260
2019-11-11,10697445360
2019-11-12,10993678920
2019-11-13,11058652080
2019-11-14,11434725540
2019-11-15,11325702780
2019-11-18,11462807160
2019-11-19,11546501400
2019-11-20,11467762740
2019-11-21,11315791620
2019-11-22,11295969300
2019-11-25,11713889880
2019-11-26,11689662600
2019-11-27,11729857860
2019-11-29,11664884700
2019-12-02,11290463100
2019-12-03,11293216200
2019-12-04,11398384620
2019-12-05,11370303000
2019-12-06,11558064420
2019-12-09,11497496220
2019-12-10,11482078860
2019-12-11,11444086080
2019-12-12,11383517880
2019-12-13,11564121240
2019-12-16,11684156400
2019-12-17,11520071640
2019-12-18,11525577840
2019-12-19,11627442540
2019-12-20,11667637800
2019-12-23,11634600600
2019-12-24,11654422920
2019-12-26,11885683320
2019-12-27,11804742180
2019-12-30,11591101620
2019-12-31,11729689920
2020-01-02,11959130970
2020-01-03,12019393800
2020-01-06,11842475400
2020-01-07,11920430070
2020-01-08,12239436060
2020-01-09,12345034230
2020-01-10,12333423960
2020-01-13,12636396720
2020-01-14,12559547790
2020-01-15,12644689770
2020-01-16,12921124770
2020-01-17,12850357410
2020-01-21,12816079470
2020-01-22,12854780370
2020-01-23,12732596100
2020-01-24,12581662590
2020-01-27,12541303080
2020-01-28,12900115710
2020-01-29,12905644410
2020-01-30,12822161040
2020-01-31,12613176180
2020-02-03,12950979750
2020-02-04,13191478200
2020-02-05,12832112700
2020-02-06,12980281860
2020-02-07,12882976740
2020-02-10,13010689710
2020-02-11,12797281890
2020-02-12,12845934450
2020-02-13,12879106650
2020-02-14,13089197250
2020-02-18,13103019000
2020-02-19,13268880000
2020-02-20,13161070350
2020-02-21,12791200320
2020-02-24,12496520610
2020-02-25,11995067520
2020-02-26,12267632430
2020-02-27,12209581080
2020-02-28,12340058400
2020-03-02,12708822690
2020-03-03,12439575000
2020-03-04,13044967650
2020-03-05,12850910280
2020-03-06,12516976800
2020-03-09,11415106890
2020-03-10,12070257840
2020-03-11,11207227770
2020-03-12,9036107280
2020-03-13,10615104000
2020-03-16,8853107310
2020-03-17,10177230960
2020-03-18,9275499990
2020-03-19,9136729620
2020-03-20,9292086090
2020-03-23,9288768870
2020-03-24,9858224970
2020-03-25,9677989350
2020-03-26,10254079890
2020-03-27,9687388140
2020-03-30,10406119140
2020-03-31,10341447660
2020-04-01,9812288160
2020-04-02,9581686020
2020-04-03,8999610570
2020-04-06,10272935430
2020-04-07,10303570980
2020-04-08,10463989860
2020-04-09,10710745290
2020-04-13,10980895140
2020-04-14,11174734620
2020-04-15,11503927530
2020-04-16,11091740130
2020-04-17,11693867940
2020-04-20,11511168660
2020-04-21,10804879980
2020-04-22,11185317810
2020-04-23,11404779750
2020-04-24,11308974030
2020-04-27,11462151780
2020-04-28,11616443550
2020-04-29,12445274430
2020-04-30,12303793890
2020-05-01,12049797330
2020-05-04,12043113210
2020-05-05,12359494890
2020-05-06,12419651970
2020-05-07,12644684010
2020-05-08,12438033300
2020-05-11,12701499030
2020-05-12,12324403260
2020-05-13,11809726020
2020-05-14,11643180030
2020-05-15,12085445970
2020-05-18,12361722930
2020-05-19,12178466640
2020-05-20,12474795960
2020-05-21,12469225860
2020-05-22,12446388450
2020-05-26,12473124930
2020-05-27,12473124930
2020-05-28,12703727070
2020-05-29,12846878640
2020-06-01,13026235860
2020-06-02,12957723630
2020-06-03,12750515910
2020-06-04,12498747390
2020-06-05,13259623050
2020-06-08,13255723980
2020-06-09,13089735000
2020-06-10,13357099800
2020-06-11,12930987150
2020-06-12,13089735000
2020-06-15,13064669550
2020-06-16,13135966830
2020-06-17,13491339210
2020-06-18,13489668180
2020-06-19,14054476320
2020-06-22,13989306150
2020-06-23,14130229680
2020-06-24,13785997500
2020-06-25,13980393990
2020-06-26,13612210380
2020-06-29,13707459090
2020-06-30,14083326840
2020-07-01,14136416640
2020-07-02,13979941440
2020-07-06,14149828800
2020-07-07,14096739000
2020-07-08,14287303440
2020-07-09,14647196400
2020-07-10,14593547760
2020-07-13,14112945360
2020-07-14,14172741240
2020-07-15,14533751880
2020-07-16,14430366480
2020-07-17,14791935960
2020-07-20,15583812240
2020-07-21,15564811679
2020-07-22,15543016920
2020-07-23,15548046480
2020-07-24,15317804400
2020-07-27,15650314200
2020-07-28,15475956120
2020-07-29,15899556840
2020-07-30,16041502200
2020-07-31,16210830720
2020-08-03,16304157000
2020-08-04,16288509480
2020-08-05,16436043240
2020-08-06,16624372320
2020-08-07,16653432000
2020-08-10,16694227320
2020-08-11,16538310960
2020-08-12,17446984800
2020-08-13,17252508480
2020-08-14,17210595480
2020-08-17,17233507920
2020-08-18,16991530200
2020-08-19,16975323840
2020-08-20,16921116360
2020-08-21,17243567040
2020-08-24,17515722120
2020-08-25,17843761200
2020-08-26,18051090840
2020-08-27,18091327320
2020-08-28,18233831520
2020-08-31,18279656400
2020-09-01,18708845520
2020-09-02,18874262160
2020-09-03,18134358000
2020-09-04,17676109200
2020-09-08,17287715400
2020-09-09,17822525280
2020-09-10,17797377480
2020-09-11,17600665800
2020-09-14,18141064080
2020-09-15,18716669280
2020-09-16,18425513640
2020-09-17,18005824800
2020-09-18,17669961960
2020-09-21,17564341200
2020-09-22,17979559320
2020-09-23,17589489000
2020-09-24,17602342320
2020-09-25,18047737800
2020-09-28,18383600640
2020-09-29,18193595040
2020-09-30,18113701680
2020-10-01,18721077720
2020-10-02,18317654520
2020-10-05,18702027180
2020-10-06,18789435540
2020-10-07,19292593920
2020-10-08,18750213840
2020-10-09,18896454750
2020-10-12,19335177480
2020-10-13,19541371560
2020-10-14,19436593590
2020-10-15,19557060240
2020-10-16,19642787670
2020-10-19,19195099980
2020-10-20,19367675460
2020-10-21,19462928160
2020-10-22,18897015060
2020-10-23,18997310550
2020-10-26,18402821640
2020-10-27,18309810180
2020-10-28,17687305770
2020-10-29,17762947620
2020-10-30,17310777450
2020-11-02,17576924700
2020-11-03,17600457720
2020-11-04,18426354660
2020-11-05,19422025530
2020-11-06,19175489130
2020-11-09,17848114740
2020-11-10,17515290600
2020-11-11,18320456070
2020-11-12,18643194630
2020-11-13,18679614780
2020-11-16,18087927420
2020-11-17,18581000220
2020-11-18,18374245830
2020-11-19,18746851980
2020-11-20,19107131310
2020-11-23,18809046390
2020-11-24,17675539260
2020-11-25,17854278150
2020-11-27,18263304450
2020-11-30,18060472230
2020-12-01,18424113420
2020-12-02,18131071290
2020-12-03,17912550390
2020-12-04,18206152830
2020-12-07,18102495480
2020-12-08,18459973260
2020-12-09,17962417980
2020-12-10,18084565560
2020-12-11,17997157200
2020-12-14,18222401820
2020-12-15,18262183830
2020-12-16,18716595240
2020-12-17,19285870200
2020-12-18,19416422430
2020-12-21,19085839530
2020-12-22,19916779260
2020-12-23,19771098660
2020-12-24,19966086540
2020-12-28,19814242530
2020-12-29,19708904250
2020-12-30,20085992880
2020-12-31,20128519500
2021-01-04,19550530200
2021-01-05,19417969000
2021-01-06,18517002200
2021-01-07,19012421600
2021-01-08,19230922900
2021-01-11,19257322800
2021-01-12,18633274100
2021-01-13,18734941800
2021-01-14,19134310500
2021-01-15,19547721700
2021-01-19,19738699700
2021-01-20,20440263000
2021-01-21,20404314200
2021-01-22,20203787300
2021-01-25,19892605500
2021-01-26,19701627500
2021-01-27,19076455400
2021-01-28,19601644900
2021-01-29,19346633100
2021-02-01,20035839000
2021-02-02,20835138100
2021-02-03,20939052600
2021-02-04,20956465300
2021-02-05,21200243100
2021-02-08,21924836100
2021-02-09,22156818200
2021-02-10,21756326100
2021-02-11,22068631300
2021-02-12,22483165900
2021-02-16,22157941600
2021-02-17,22001789000
2021-02-18,21258098200
2021-02-19,21119920000
2021-02-22,20495871300
2021-02-23,20874457100
2021-02-24,20741334200
2021-02-25,20455990600
2021-02-26,20985673700
2021-03-01,21605790500
2021-03-02,21754079300
2021-03-03,21276634300
2021-03-04,20193115000
2021-03-05,20139753500
2021-03-08,19048370400
2021-03-09,19740946500
2021-03-10,19841490800
2021-03-11,20559343400
2021-03-12,20454305500
2021-03-15,20927256900
2021-03-16,20877265600
2021-03-17,21000839600
2021-03-18,20721674700
2021-03-19,21322132000
2021-03-22,21369876500
2021-03-23,20998031100
2021-03-24,20699206700
2021-03-25,20671121700
2021-03-26,21779355800
2021-03-29,21236753600
2021-03-30,21541756700
2021-03-31,22398307470
2021-04-01,22584635370
2021-04-05,23110870530
2021-04-06,23206857630
2021-04-07,23170156680
2021-04-08,23745514650
2021-04-09,23887236780
2021-04-12,23978142210
2021-04-13,24419118240
2021-04-14,24301675200
2021-04-15,25333254210
2021-04-16,25184756520
2021-04-19,25235573220
2021-04-20,25234443960
2021-04-21,25342288290
2021-04-22,25324784760
2021-04-23,25868523450
2021-04-26,25906918290
2021-04-27,25907482920
2021-04-28,25957734990
2021-04-29,25916517000
2021-04-30,25845938250
2021-05-03,25949265540
2021-05-04,25889414760
2021-05-05,26045252640
2021-05-06,25881509940
2021-05-07,25984272600
2021-05-10,25973544630
2021-05-11,25639283670
2021-05-12,24909217080
2021-05-13,25232750070
2021-05-14,25496432280
2021-05-17,25280743620
2021-05-18,25209600240
2021-05-19,25478364120
2021-05-20,26665216380
2021-05-21,26945272860
2021-05-24,27351806460
2021-05-25,27061022010
2021-05-26,26980279920
2021-05-27,26640937290
2021-05-28,26966728800
2021-06-01,27022627170
2021-06-02,27167737080
2021-06-03,26819360370
2021-06-04,27232104900
2021-06-07,27535311210
2021-06-08,27620005710
2021-06-09,27835129740
2021-06-10,28549386690
2021-06-11,28709176980
2021-06-14,28695061230
2021-06-15,28276670400
2021-06-16,28450011810
2021-06-17,29055859800
2021-06-18,28825490760
2021-06-21,29278324019
2021-06-22,29313331080
2021-06-23,29128132440
2021-06-24,29277759390
2021-06-25,29538618450
2021-06-28,29420610779
2021-06-29,29316154230
2021-06-30,28945373040
2021-07-01,28904585760
2021-07-02,29246745720
2021-07-06,29443884240
2021-07-07,29856855449
2021-07-08,29185564800
2021-07-09,29900475180
2021-07-12,30283988910
2021-07-13,30380292209
2021-07-14,30699792569
2021-07-15,30496989150
2021-07-16,29894243790
2021-07-19,30281156459
2021-07-20,30882202350
2021-07-21,31057247760
2021-07-22,31287242699
2021-07-23,31573886640
2021-07-26,31365984810
2021-07-27,31375048650
2021-07-28,31324631040
2021-07-29,31504774860
2021-07-30,31712110199
2021-08-02,31632801600
2021-08-03,32358475290
2021-08-04,32237812920
2021-08-05,33403649340
2021-08-06,33877234980
2021-08-09,34485078750
2021-08-10,34228458780
2021-08-11,33989400000
2021-08-12,34102698000
2021-08-13,34434094650
2021-08-16,35064031530
2021-08-17,35141074170
2021-08-18,35235678000
2021-08-19,35097454440
2021-08-20,35695101390
2021-08-23,35497962870
2021-08-24,35876944680
2021-08-25,35122380000
2021-08-26,35254938660
2021-08-27,35637885900
2021-08-30,36045758700
2021-08-31,35848053690
2021-09-01,35759681250
2021-09-02,35865614880
2021-09-03,36447400110
2021-09-07,35525720880
2021-09-08,35650348680
2021-09-09,35512691610
2021-09-10,35519489490
2021-09-13,34989821340
2021-09-14,35275898790
2021-09-15,35338779180
2021-09-16,35539883130
2021-09-17,34779653550
2021-09-20,34289073209
2021-09-21,34783052490
2021-09-22,35180728470
2021-09-23,35662244970
2021-09-24,35658846030
2021-09-27,33855141870
2021-09-28,32207788949
2021-09-29,32304092250
2021-09-30,32377021920
2021-10-01,32658521760
2021-10-04,32013228780
2021-10-05,32783948100
2021-10-06,33040476179
2021-10-07,33762387060
2021-10-08,33298706880
2021-10-11,32718113460
2021-10-12,33062610239
2021-10-13,33857733780
2021-10-14,34667613360
2021-10-15,35130158460
2021-10-18,35913363660
2021-10-19,35991116640
2021-10-20,35635836600
2021-10-21,36474093180
2021-10-22,36799861140
2021-10-25,37018364040
2021-10-26,37088171460
2021-10-27,37024039440
2021-10-28,38055259620
2021-10-29,38209062960
2021-11-01,37437776100
2021-11-02,38270924820
2021-11-03,38589882300
2021-11-04,40650620040
2021-11-05,40014975240
2021-11-08,40720427460
2021-11-09,40697158320
2021-11-10,38289086100
2021-11-11,37920185100
2021-11-12,38102365440
2021-11-15,37496232720
2021-11-16,38082501540
2021-11-17,37782840420
2021-11-18,37681250760
2021-11-19,37675575360
2021-11-22,34856036640
2021-11-23,34219256760
2021-11-24,35202803580
2021-11-26,34563186000
2021-11-29,35991684180
2021-11-30,34537646700
2021-12-01,33769197540
2021-12-02,35178399360
2021-12-03,33864544260
2021-12-06,32508691199
2021-12-07,33768630000
2021-12-08,39735745560
2021-12-09,39728367540
2021-12-10,39564348480
2021-12-13,38876490000
2021-12-14,37635280020
2021-12-15,36834481080
2021-12-16,36080220420
2021-12-17,36114272820
2021-12-20,35359444620
2021-12-21,36832778460
2021-12-22,37487152080
2021-12-23,37632442320
2021-12-27,39557538000
2021-12-28,38717578800
2021-12-29,38470131360
2021-12-30,38203387560
2021-12-31,39399111450
2022-01-03,37851910200
2022-01-04,36467386110
2022-01-05,34645519800
2022-01-06,34129786049
2022-01-07,32811275879
2022-01-10,32172944850
2022-01-11,32971595400
2022-01-12,33661794510
2022-01-13,31864683420
2022-01-14,32008499459
2022-01-18,29821198950
2022-01-19,29115675180
2022-01-20,28649451870
2022-01-21,27390472110
2022-01-24,27608553810
2022-01-25,26282381310
2022-01-26,25671752550
2022-01-27,25545618810
2022-01-28,26588285100
2022-01-31,28064167740
2022-02-01,28548662760
2022-02-02,27994027950
2022-02-03,26141512320
2022-02-04,26740352880
2022-02-07,26410872690
2022-02-08,26879453640
2022-02-09,28203857910
2022-02-10,27727025220
2022-02-11,25117117740
2022-02-14,25223800950
2022-02-15,27262570140
2022-02-16,26546436990
2022-02-17,25992391590
2022-02-18,26124419430
2022-02-22,25211423340
2022-02-23,24650894430
2022-02-24,22531965480
2022-02-25,22540806630
2022-02-28,12244992750
2022-03-01,12448928610
2022-03-02,14450564970
2022-03-03,12553254180
2022-03-04,11700967320
2022-03-07,10302886800
2022-03-08,11007231750
2022-03-09,11694483810
2022-03-10,11125703160
2022-03-11,11796451740
2022-03-14,12967020000
2022-03-15,13264082640
2022-03-16,16604858520
2022-03-17,16102091790
2022-03-18,17356356270
2022-03-21,16742191050
2022-03-22,17890951140
2022-03-23,18074257650
2022-03-24,16977955050
2022-03-25,15722511750
2022-03-28,16219973790
2022-03-29,18097834050
2022-03-30,17269713000
2022-03-31,17505922200
2022-04-01,16941100800
2022-04-04,17584418800
2022-04-05,16666657800
2022-04-06,16258239400
2022-04-07,16542715800
2022-04-08,18218883800
2022-04-11,18022937400
2022-04-12,17595632600
2022-04-13,18177569800
2022-04-14,17119341200
2022-04-18,16596424000
2022-04-19,17586779600
2022-04-20,17092782200
2022-04-21,16929296799
2022-04-22,16334375200
2022-04-25,16529731400
2022-04-26,15639119600
2022-04-27,15747716400
2022-04-28,16584620000
2022-04-29,15639709800
2022-05-02,17027270000
2022-05-03,17528940000
2022-05-04,18449652000
2022-05-05,20420920000
2022-05-06,20479940000
2022-05-09,18761867800
2022-05-10,18863972400
2022-05-11,17473461200
2022-05-12,17381390000
2022-05-13,18842135000
2022-05-16,18343416000
2022-05-17,18453783400
2022-05-18,18473260000
2022-05-19,19298359600
2022-05-20,18909417800
2022-05-23,18571233200
2022-05-24,18229507400
2022-05-25,18029429600
2022-05-26,19055197200
2022-05-27,20087457000
2022-05-31,19979450400
2022-06-01,19257045600
2022-06-02,20523614800
2022-06-03,19614706800
2022-06-06,19599951800
2022-06-07,20165363400
2022-06-08,19517914000
2022-06-09,18685732000
2022-06-10,17911979800
2022-06-13,16768172200
2022-06-14,16428807200
2022-06-15,17102225399
2022-06-16,16889163200
2022-06-17,17451033600
2022-06-21,17723706000
2022-06-22,18263148800
2022-06-23,19342034400
2022-06-24,19241110200
2022-06-27,19170286200
2022-06-28,18385320200
2022-06-29,18140977400
2022-06-30,17497256460
2022-07-01,17932936840
2022-07-05,18438658480
2022-07-06,18515822580
2022-07-07,19534982270
2022-07-08,19054784140
2022-07-11,18824478980
2022-07-12,18089045750
2022-07-13,17948963230
2022-07-14,17690166710
2022-07-15,17959053920
2022-07-18,18154932020
2022-07-19,19197240940
2022-07-20,18848815350
2022-07-21,19642418440
2022-07-22,19190118100
2022-07-25,19004330690
2022-07-26,18591205970
2022-07-27,19328419910
2022-07-28,20346986030
2022-07-29,20730432250
2022-08-01,21749591940
2022-08-02,21625535810
2022-08-03,21963870710
2022-08-04,24656304230
2022-08-05,25368588230
2022-08-08,25383427480
2022-08-09,24901448640
2022-08-10,26171688440
2022-08-11,25856502770
2022-08-12,26408522870
2022-08-15,26623395210
2022-08-16,26562257500
2022-08-17,27182538150
2022-08-18,26663164400
2022-08-19,26268440350
2022-08-22,26186527690
2022-08-23,25802487900
2022-08-24,25795365060
2022-08-25,26479751270
2022-08-26,25082487490
2022-08-29,24692512000
2022-08-30,25209511470
2022-08-31,25315760500
2022-09-01,24467548970
2022-09-02,24463393980
2022-09-06,24385636310
2022-09-07,24769082530
2022-09-08,25444565190
2022-09-09,25668341080
2022-09-12,26039915900
2022-09-13,25013039800
2022-09-14,25192297940
2022-09-15,24515034570
2022-09-16,23865668990
2022-09-19,23908406030
2022-09-20,22965816870
2022-09-21,22869658530
2022-09-22,21787580420
2022-09-23,21613070840
2022-09-26,21091322810
2022-09-27,21273548800
2022-09-28,21993549210
2022-09-29,21495543980
2022-09-30,21495614310
2022-10-03,21578109420
2022-10-04,23072517240
2022-10-05,22028568330
2022-10-06,21146642190
2022-10-07,20178660000
2022-10-10,19313351580
2022-10-11,18994647450
2022-10-12,18687219630
2022-10-13,19595259330
2022-10-14,19403562060
2022-10-17,19792298010
2022-10-18,20176879530
2022-10-19,19683095850
2022-10-20,19735916460
2022-10-21,19667665110
2022-10-24,19708022430
2022-10-25,20661167370
2022-10-26,20505672990
2022-10-27,20465315670
2022-10-28,20724077310
2022-10-31,20772150000
2022-11-01,20311601760
2022-11-02,19402375080
2022-11-03,17864642490
2022-11-04,18547749480
2022-11-07,18754877490
2022-11-08,18975062280
2022-11-09,18237354210
2022-11-10,20798857050
2022-11-11,21379290270
2022-11-14,21252876900
2022-11-15,20898563370
2022-11-16,20746036440
2022-11-17,20131180800
2022-11-18,20265309540
2022-11-21,19902687150
2022-11-22,20255220210
2022-11-23,20704492140
2022-11-25,20721703350
2022-11-28,20781645840
2022-11-29,20412495060
2022-11-30,21874854420
2022-12-01,21935390400
2022-12-02,21949634160
2022-12-05,20624964480
2022-12-06,20187562350
2022-12-07,20118124020
2022-12-08,20537721450
2022-12-09,20408934120
2022-12-12,20528819100
2022-12-13,21627962580
2022-12-14,21058805670
2022-12-15,19947792390
2022-12-16,19781021700
2022-12-19,19500300930
2022-12-20,19687250280
2022-12-21,20118717510
2022-12-22,19183970760
2022-12-23,19208897340
2022-12-27,18880103880
2022-12-28,18792860850
2022-12-29,19629088260
2022-12-30,19451041260
2023-01-03,19652543160
2023-01-04,19877875560
2023-01-05,18588737040
2023-01-06,18777897660
2023-01-09,19270664040
2023-01-10,19383330240
2023-01-11,19962078720
2023-01-12,20220025020
2023-01-13,20506434360
2023-01-17,21206743740
2023-01-18,20926264200
2023-01-19,19924128000
2023-01-20,20458995960
2023-01-23,20677212600
2023-01-24,19683971100
2023-01-25,19511413920
2023-01-26,20408592660
2023-01-27,20246116140
2023-01-30,19858307220
2023-01-31,19725479700
2023-02-01,20918555460
2023-02-02,22494103320
2023-02-03,22287153300
2023-02-06,21813362280
2023-02-07,22082575200
2023-02-08,22261062180
2023-02-09,21671047080
2023-02-10,21139144020
2023-02-13,21258333000
2023-02-14,21436227000
2023-02-15,21734495940
2023-02-16,20517700980
2023-02-17,20055176580
2023-02-21,19163334660
2023-02-22,18446421840
2023-02-23,18485558520
2023-02-24,18146966940
2023-02-27,18551972280
2023-02-28,18243029700
2023-03-01,18120875820
2023-03-02,18041416500
2023-03-03,18144595020
2023-03-06,18402541320
2023-03-07,18105458340
2023-03-08,18183138720
2023-03-09,17559916740
2023-03-10,16765916520
2023-03-13,16643169660
2023-03-14,16929579000
2023-03-15,16382258459
2023-03-16,16599289140
2023-03-17,16590987420
2023-03-20,16309321920
2023-03-21,16583278680
2023-03-22,16314658740
2023-03-23,16867316100
2023-03-24,16514493000
2023-03-27,16899930000
2023-03-28,16781334000
2023-03-29,16944996480
2023-03-30,17415229620
2023-03-31,17695119000
2023-04-03,17589776820
2023-04-04,17225221860
2023-04-05,16720407929
2023-04-06,16942336679
2023-04-10,17217528330
2023-04-11,17418151920
2023-04-12,17161898190
2023-04-13,17754891810
2023-04-14,17517576000
2023-04-17,17437681650
2023-04-18,17467272150
2023-04-19,17093840039
2023-04-20,16708571730
2023-04-21,16613882130
2023-04-24,16617432990
2023-04-25,16213818570
2023-04-26,16299039210
2023-04-27,16526294250
2023-04-28,16715081640
2023-05-01,16512090810
2023-05-02,16018521270
2023-05-03,16164106530
2023-05-04,16003134210
2023-05-05,14349617070
2023-05-08,13719339420
2023-05-09,13690932540
2023-05-10,13741828200
2023-05-11,13769051460
2023-05-12,13593875700
2023-05-15,14008142700
2023-05-16,13645954980
2023-05-17,13785030330
2023-05-18,14092179720
2023-05-19,14647297500
2023-05-22,15604254270
2023-05-23,15673496039
2023-05-24,14976935670
2023-05-25,15178151070
2023-05-26,15273432480
2023-05-30,15265738950
2023-05-31,15187028220
2023-06-01,15265147140
2023-06-02,15366346649
2023-06-05,12028538250
2023-06-06,12355217370
2023-06-07,12435111720
2023-06-08,12500210820
2023-06-09,12506720730
2023-06-12,12901458000
2023-06-13,12957679950
2023-06-14,13169547930
2023-06-15,13483799040
2023-06-16,12990821310
2023-06-20,12969516150
2023-06-21,12765341700
2023-06-22,12922171350
2023-06-23,12664734000
2023-06-26,13040533350
2023-06-27,13557183480
2023-06-28,13484390850
2023-06-29,13297378890
2023-06-30,13248563000
2023-07-03,13356437840
2023-07-05,13722504920
2023-07-06,13549197800
2023-07-07,13510881600
2023-07-10,13849832600
2023-07-11,13693620400
2023-07-12,13758463200
2023-07-13,14419270280
2023-07-14,14261879120
2023-07-17,14317879720
2023-07-18,14484113080
2023-07-19,14725799880
2023-07-20,14089161480
2023-07-21,13997792080
2023-07-24,13865159080
2023-07-25,13819179640
2023-07-26,13707767920
2023-07-27,13372353800
2023-07-28,13611093200
2023-07-31,13959475880
2023-08-01,14116867040
2023-08-02,13964781200
2023-08-03,14443438960
2023-08-04,14558387560
2023-08-07,14550724320
2023-08-08,14356785400
2023-08-09,14119224960
2023-08-10,14334385160
2023-08-11,14073245520
2023-08-14,14324364000
2023-08-15,14260700160
2023-08-16,14116277560
2023-08-17,13776147600
2023-08-18,14111561720
2023-08-21,14173457120
2023-08-22,14301963760
2023-08-23,14668030840
2023-08-24,14270721320
2023-08-25,14388027840
2023-08-28,14464070760
2023-08-29,14922686200
2023-08-30,15053550760
2023-08-31,15266942520
2023-09-01,15241005400
2023-09-05,15321764160
2023-09-06,15429049520
2023-09-07,15515113600
2023-09-08,15641851800
2023-09-11,15704926160
2023-09-12,15492713360
2023-09-13,15462649880
2023-09-14,15879412240
2023-09-15,15542229680
2023-09-18,15289342760
2023-09-19,15509808280
2023-09-20,15739116000
2023-09-21,15343574920
2023-09-22,15385428000
2023-09-25,15631241160
2023-09-26,15141383280
2023-09-27,15137846400
2023-09-28,15317637800
2023-09-29,15072414120
2023-10-02,14836649920
2023-10-03,14169754760
2023-10-04,14233969930
2023-10-05,14021883130
2023-10-06,14383608950
2023-10-09,14565060990
2023-10-10,14470211060
2023-10-11,14664623960
2023-10-12,13994783150
2023-10-13,14056052670
2023-10-16,14445467600
2023-10-17,14343548110
2023-10-18,13845733260
2023-10-19,13592996490
2023-10-20,13157040290
2023-10-23,13098127290
2023-10-24,13137599000
2023-10-25,12639195020
2023-10-26,12576158110
2023-10-27,12397651720
2023-10-30,12533151620
2023-10-31,12817701410
2023-11-01,12763501450
2023-11-02,13686079030
2023-11-03,14180359100
2023-11-06,14427793700
2023-11-07,14413065450
2023-11-08,14547976220
2023-11-09,13963559260
2023-11-10,13865763680
2023-11-13,13826291970
2023-11-14,14588037060
2023-11-15,14923252030
2023-11-16,15078782350
2023-11-17,15213693120
2023-11-20,15335643030
2023-11-21,15199554000
2023-11-22,15022815000
2023-11-24,15050504110
2023-11-27,15046969330
2023-11-28,15157725770
2023-11-29,15434027740
2023-11-30,15210747470
2023-12-01,15251986570
2023-12-04,15403392979
2023-12-05,15042256290
2023-12-06,15248451790
2023-12-07,15574240680
2023-12-08,15818140500
2023-12-11,16208144560
2023-12-12,16268235820
2023-12-13,16469129150
2023-12-14,17170782979
2023-12-15,17265632910
2023-12-18,17694519550
2023-12-19,17402900200
2023-12-20,17120117800
2023-12-21,17338095900
2023-12-22,17478897970
2023-12-26,17736347780
2023-12-27,17703945630
2023-12-28,17602615270
2023-12-29,17517191420
2024-01-02,17156643860
2024-01-03,16652348580
2024-01-04,17098319990
2024-01-05,17017020050
2024-01-08,17523082720
2024-01-09,17600258750
2024-01-10,17652691320
2024-01-11,17656226100
2024-01-12,18129297490
2024-01-16,17683915210
2024-01-17,17343987200
2024-01-18,17645621760
2024-01-19,17675078260
2024-01-22,17604971790
2024-01-23,17562554430
2024-01-24,16986385290
2024-01-25,16797863690
2024-01-26,16988152680
2024-01-29,17101265639
2024-01-30,16665898570
2024-01-31,16384294430
2024-02-01,16824374540
2024-02-02,17103622160
2024-02-05,17025267870
2024-02-06,17034693949
2024-02-07,16830854970
2024-02-08,16918046210
2024-02-09,16865024509
2024-02-12,17129543880
2024-02-13,16063807710
2024-02-14,16386061820
2024-02-15,17744595600
2024-02-16,18379677740
2024-02-20,17544880530
2024-02-21,17604971790
2024-02-22,17940775890
2024-02-23,17779943400
2024-02-26,17815880330
2024-02-27,18088647520
2024-02-28,17998510630
2024-02-29,17933117200
2024-03-01,18076275790
2024-03-04,18140490960
2024-03-05,18056834500
2024-03-06,18263619130
2024-03-07,18535797190
2024-03-08,18227682200
2024-03-11,17973178040
2024-03-12,18204706130
2024-03-13,17850049870
2024-03-14,17805865120
2024-03-15,17608506570
2024-03-18,17243835100
2024-03-19,17414682800
2024-03-20,17234998150
2024-03-21,16714207229
2024-03-22,15954818660
2024-03-25,15749801419
2024-03-26,15812249199
2024-03-27,16281785810
2024-03-28,16269414080
2024-04-01,16027281650
2024-04-02,15990755590
2024-04-03,15717988400
2024-04-04,15662610180
2024-04-05,15574240680
2024-04-08,15906510000
2024-04-09,16152177210
2024-04-10,15717399270
2024-04-11,15700903630
2024-04-12,15267893080
2024-04-15,15011621530
2024-04-16,14781271700
2024-04-17,14669337000
2024-04-18,14564471860
2024-04-19,14490241480
2024-04-22,14548565350
2024-04-23,14598641400
2024-04-24,14433685000
2024-04-25,13970039690
2024-04-26,14006565750
2024-04-29,14092578730
2024-04-30,13859872380
2024-05-01,13843376740
2024-05-02,14031898340
2024-05-03,14264015560
2024-05-06,14515574070
2024-05-07,14701150020
2024-05-08,14681119600
2024-05-09,10522285410
2024-05-10,10607305800
2024-05-13,11030672640
2024-05-14,10818410850
2024-05-15,11016791760
2024-05-16,10939290180
2024-05-17,10861788600
2024-05-20,11075785500
2024-05-21,11061904620
2024-05-22,10952592690
2024-05-23,10809735300
2024-05-24,10417022070
2024-05-28,10252764990
2024-05-29,10319855910
2024-05-30,10182203850
2024-05-31,10290937410
2024-06-03,10190301030
2024-06-04,10093134870
2024-06-05,10093134870
2024-06-06,10133620770
2024-06-07,10235992260
2024-06-10,10235992260
2024-06-11,10285732080
2024-06-12,10413551850
2024-06-13,10292672520
2024-06-14,10270694460
2024-06-17,10084459320
2024-06-18,9846749250
2024-06-20,10514766600
2024-06-21,10687120860
2024-06-24,10589376330
2024-06-25,10521128670
2024-06-26,10560457830
2024-06-27,10706207070
2024-06-28,10879718070
2024-07-01,10733390460
2024-07-02,10600365360
2024-07-03,10730498610
2024-07-05,10650105180
2024-07-08,10765200810
2024-07-09,10560457830
2024-07-10,10508404530
2024-07-11,10941025290
2024-07-12,11191459500
2024-07-15,11551205640
2024-07-16,12108175950
2024-07-17,12221536470
2024-07-18,12577812390
2024-07-19,12082149300
2024-07-22,12267227700
2024-07-23,11991345210
2024-07-24,11858898480
2024-07-25,11980356180
2024-07-26,12206498850
2024-07-29,12148083480
2024-07-30,12360345270
2024-07-31,12442473810
2024-08-01,12431484780
2024-08-02,12087354630
2024-08-05,11648386500
2024-08-06,11902376040
2024-08-07,11989342980
2024-08-08,11009669040
2024-08-09,11127736740
