,FANG
2012-10-12,647264310
2012-10-15,656510943
2012-10-16,657990404
2012-10-17,654661616
2012-10-18,654661616
2012-10-19,643935522
2012-10-22,629880639
2012-10-23,633579293
2012-10-24,643195791
2012-10-25,629880639
2012-10-26,633949158
2012-10-31,629880639
2012-11-01,637277946
2012-11-02,628771044
2012-11-05,618044949
2012-11-06,629140909
2012-11-07,630990235
2012-11-08,619524411
2012-11-09,612127104
2012-11-12,610277778
2012-11-13,593263973
2012-11-14,593633838
2012-11-15,617675084
2012-11-16,622113468
2012-11-19,633209427
2012-11-20,633579293
2012-11-21,636168350
2012-11-23,640606734
2012-11-26,638387542
2012-11-27,637277946
2012-11-28,638017677
2012-11-29,671675421
2012-11-30,665757576
2012-12-03,669456229
2012-12-04,659469865
2012-12-05,665017845
2012-12-06,651702693
2012-12-07,656510943
2012-12-10,651702693
2012-12-11,648743771
2012-12-12,652442424
2012-12-13,661319192
2012-12-14,649853367
2012-12-17,665017845
2012-12-18,695346801
2012-12-19,709401683
2012-12-20,703483838
2012-12-21,702004377
2012-12-24,689428956
2012-12-26,689798821
2012-12-27,685730303
2012-12-28,694607070
2012-12-31,708569437
2013-01-02,713016526
2013-01-03,709310618
2013-01-04,743034373
2013-01-07,769716904
2013-01-08,763416862
2013-01-09,758599183
2013-01-10,801587705
2013-01-11,803070068
2013-01-14,807887747
2013-01-15,804923022
2013-01-16,788617030
2013-01-17,782687579
2013-01-18,761193318
2013-01-22,807517157
2013-01-23,794175891
2013-01-24,794175891
2013-01-25,815299562
2013-01-28,801958296
2013-01-29,820117241
2013-01-30,840129139
2013-01-31,830864371
2013-02-01,841240911
2013-02-04,835311460
2013-02-05,838646776
2013-02-06,838646776
2013-02-07,830864371
2013-02-08,817152515
2013-02-11,798993570
2013-02-12,799364161
2013-02-13,798993570
2013-02-14,815299562
2013-02-15,826417283
2013-02-19,845688000
2013-02-20,788617030
2013-02-21,768234541
2013-02-22,777499309
2013-02-25,731546061
2013-02-26,743034373
2013-02-27,776758128
2013-02-28,841611502
2013-03-01,827899646
2013-03-04,829752599
2013-03-05,878299982
2013-03-06,872741122
2013-03-07,908317830
2013-03-08,922770867
2013-03-11,907576648
2013-03-12,923882640
2013-03-13,954271078
2013-03-14,921288505
2013-03-15,894976564
2013-03-18,889047113
2013-03-19,880523526
2013-03-20,889417704
2013-03-21,900906016
2013-03-22,909800193
2013-03-25,933888589
2013-03-26,950565171
2013-03-27,967612343
2013-03-28,994665465
2013-04-01,1079622526
2013-04-02,1065437705
2013-04-03,981904867
2013-04-04,987027164
2013-04-05,992149460
2013-04-08,1026429446
2013-04-09,1054405066
2013-04-10,1027611514
2013-04-11,1044160473
2013-04-12,1049282769
2013-04-15,1016578875
2013-04-16,1053617020
2013-04-17,1016578875
2013-04-18,1044554495
2013-04-19,1033127834
2013-04-22,1063073568
2013-04-23,1083168732
2013-04-24,1067801842
2013-04-25,1075682298
2013-04-26,1059133340
2013-04-29,1026035423
2013-04-30,1034703925
2013-05-01,1041796336
2013-05-02,1067801842
2013-05-03,1082774709
2013-05-06,1133209630
2013-05-07,1124541128
2013-05-08,1163549387
2013-05-09,1130057447
2013-05-10,1126117219
2013-05-13,1129269402
2013-05-14,1137543881
2013-05-15,1161579273
2013-05-16,1179704323
2013-05-17,1238413723
2013-05-20,1262055092
2013-05-21,1249446362
2013-05-22,1282150256
2013-05-23,1310913922
2013-05-24,1352286318
2013-05-28,1377109755
2013-05-29,1377503778
2013-05-30,1377109755
2013-05-31,1330615063
2013-06-03,1363318957
2013-06-04,1342829770
2013-06-05,1337313451
2013-06-06,1362530911
2013-06-07,1396810896
2013-06-10,1368835276
2013-06-11,1357802637
2013-06-12,1356620569
2013-06-13,1377897801
2013-06-14,1374745618
2013-06-17,1357408614
2013-06-18,1379473892
2013-06-19,1363712980
2013-06-20,1286090484
2013-06-21,1306185648
2013-06-24,1261661069
2013-06-25,1297123123
2013-06-26,1325886789
2013-06-27,1302639442
2013-06-28,1312884036
2013-07-01,1521073950
2013-07-02,1533945600
2013-07-03,1562352000
2013-07-05,1592977650
2013-07-08,1602298500
2013-07-09,1620052500
2013-07-10,1649346599
2013-07-11,1668876000
2013-07-12,1653341250
2013-07-15,1654228950
2013-07-16,1673758350
2013-07-17,1671539099
2013-07-18,1690180800
2013-07-19,1746993600
2013-07-22,1751875950
2013-07-23,1721694150
2013-07-24,1660442849
2013-07-25,1675533750
2013-07-26,1663105950
2013-07-29,1671982950
2013-07-30,1679084550
2013-07-31,1694619300
2013-08-01,1891244850
2013-08-02,1893020250
2013-08-05,1912993500
2013-08-06,1873047000
2013-08-07,1874822400
2013-08-08,1868164650
2013-08-09,1874822400
2013-08-12,1867720800
2013-08-13,1868164650
2013-08-14,1795373250
2013-08-15,1766079150
2013-08-16,1797592500
2013-08-19,1746549750
2013-08-20,1743442800
2013-08-21,1740779700
2013-08-22,1746549750
2013-08-23,1780726200
2013-08-26,1775400000
2013-08-27,1770517650
2013-08-28,1841977500
2013-08-29,1794929400
2013-08-30,1786052400
2013-09-03,1849079099
2013-09-04,1924089750
2013-09-05,1936073700
2013-09-06,1927196700
2013-09-09,1967143200
2013-09-10,1969806300
2013-09-11,2020849050
2013-09-12,2069672550
2013-09-13,2041710000
2013-09-16,1989335700
2013-09-17,1979127150
2013-09-18,1982677950
2013-09-19,1953827700
2013-09-20,1898790300
2013-09-23,1932966749
2013-09-24,1936517550
2013-09-25,1942287600
2013-09-26,1952052299
2013-09-27,1915212750
2013-09-30,2007333687
2013-10-01,2044053206
2013-10-02,2034637945
2013-10-03,2063354491
2013-10-04,2165980839
2013-10-07,2154211762
2013-10-08,2097720195
2013-10-09,2042170154
2013-10-10,2056293046
2013-10-11,2104310878
2013-10-14,2189989755
2013-10-15,2205524936
2013-10-16,2331218673
2013-10-17,2362289035
2013-10-18,2456441647
2013-10-21,2483275141
2013-10-22,2368879717
2013-10-23,2311446624
2013-10-24,2542120524
2013-10-25,2510108635
2013-10-28,2519523897
2013-10-29,2545415865
2013-10-30,2528468395
2013-10-31,2431491204
2013-11-01,2383944135
2013-11-04,2502576426
2013-11-05,2595787512
2013-11-06,2516699318
2013-11-07,2542120524
2013-11-08,2517170081
2013-11-11,2508696346
2013-11-12,2471506065
2013-11-13,2502105663
2013-11-14,2500693374
2013-11-15,2519994660
2013-11-18,2363701324
2013-11-19,2298265258
2013-11-20,2295440680
2013-11-21,2435728072
2013-11-22,2425842048
2013-11-25,2395242449
2013-11-26,2429608152
2013-11-27,2356639878
2013-11-29,2341575460
2013-12-02,2371233533
2013-12-03,2364642850
2013-12-04,2374999637
2013-12-05,2316154255
2013-12-06,2173983811
2013-12-09,2121729111
2013-12-10,2165510076
2013-12-11,2123612163
2013-12-12,2116550717
2013-12-13,2105723167
2013-12-16,2141501159
2013-12-17,2171159232
2013-12-18,2181516020
2013-12-19,2344400038
2013-12-20,2391005581
2013-12-23,2452675542
2013-12-24,2448909438
2013-12-26,2482333615
2013-12-27,2511050162
2013-12-30,2444672570
2013-12-31,2561856683
2014-01-02,2478528516
2014-01-03,2382604230
2014-01-06,2353051799
2014-01-07,2344331409
2014-01-08,2306543054
2014-01-09,2205289641
2014-01-10,2275537224
2014-01-13,2152482837
2014-01-14,2277475089
2014-01-15,2326406164
2014-01-16,2354989663
2014-01-17,2350145002
2014-01-21,2377759569
2014-01-22,2481435312
2014-01-23,2443646957
2014-01-24,2367585781
2014-01-27,2303151791
2014-01-28,2412641128
2014-01-29,2354020731
2014-01-30,2488702304
2014-01-31,2518254735
2014-02-03,2426206178
2014-02-04,2501782888
2014-02-05,2565732412
2014-02-06,2604974165
2014-02-07,2747891662
2014-02-10,2786648949
2014-02-11,2853989736
2014-02-12,2808449923
2014-02-13,2853020804
2014-02-14,2889840226
2014-02-18,2956212081
2014-02-19,2957181013
2014-02-20,3036148986
2014-02-21,3100098509
2014-02-24,3139340263
2014-02-25,3087986857
2014-02-26,3126744144
2014-02-27,3095253849
2014-02-28,3116570356
2014-03-03,3120446085
2014-03-04,3172283957
2014-03-05,3102520840
2014-03-06,3040509180
2014-03-07,3094769382
2014-03-10,3053589765
2014-03-11,3004174224
2014-03-12,3059887824
2014-03-13,3069577146
2014-03-14,3080235400
2014-03-17,3097191713
2014-03-18,3181973279
2014-03-19,3119961619
2014-03-20,3158234440
2014-03-21,3111241229
2014-03-24,3107365501
2014-03-25,3114632492
2014-03-26,3143700458
2014-03-27,3296307276
2014-03-28,3376728647
2014-03-31,3417799870
2014-04-01,3372100570
2014-04-02,3502089690
2014-04-03,3448266070
2014-04-04,3414753250
2014-04-07,3309137090
2014-04-08,3381748199
2014-04-09,3455882620
2014-04-10,3332494510
2014-04-11,3432525199
2014-04-14,3560483240
2014-04-15,3507675160
2014-04-16,3579270729
2014-04-17,3723985180
2014-04-21,3783902040
2014-04-22,3770700020
2014-04-23,3751912530
2014-04-24,3829601340
2014-04-25,3627508880
2014-04-28,3603135919
2014-04-29,3667114940
2014-04-30,3652897380
2014-05-01,3618876790
2014-05-02,3745819290
2014-05-05,3738710510
2014-05-06,3719415250
2014-05-07,3844834440
2014-05-08,3643757520
2014-05-09,3617353479
2014-05-12,3692503440
2014-05-13,3743788210
2014-05-14,3656959540
2014-05-15,3525447110
2014-05-16,3588410590
2014-05-19,3612783550
2014-05-20,3562514320
2014-05-21,3691995669
2014-05-22,3708244310
2014-05-23,3695550060
2014-05-27,3629032190
2014-05-28,3624970030
2014-05-29,3809290540
2014-05-30,3832647960
2014-06-02,3864637470
2014-06-03,3975839100
2014-06-04,3988025580
2014-06-05,4023569479
2014-06-06,4117506930
2014-06-09,4163714000
2014-06-10,4180470410
2014-06-11,4257143680
2014-06-12,4300304130
2014-06-13,4465837150
2014-06-16,4564852300
2014-06-17,4583132020
2014-06-18,4587194180
2014-06-19,4521691850
2014-06-20,4559266830
2014-06-23,4641525570
2014-06-24,4452635130
2014-06-25,4598365120
2014-06-26,4533878330
2014-06-27,4503412130
2014-06-30,4897497600
2014-07-01,4950995040
2014-07-02,4869370080
2014-07-03,4898049120
2014-07-07,4815321120
2014-07-08,4741417440
2014-07-09,4814218080
2014-07-10,4727629440
2014-07-11,4644349920
2014-07-14,4775611680
2014-07-15,4597470720
2014-07-16,4714944480
2014-07-17,4671925920
2014-07-18,4779472320
2014-07-21,4852824480
2014-07-22,4773957120
2014-07-23,4845103200
2014-07-24,4853927520
2014-07-25,4726526400
2014-07-28,4676889600
2014-07-29,4720459680
2014-07-30,4674132000
2014-07-31,4535148960
2014-08-01,4413263040
2014-08-04,4500954720
2014-08-05,4353147360
2014-08-06,4330535040
2014-08-07,4223540160
2014-08-08,4271522400
2014-08-11,4273728479
2014-08-12,4193758080
2014-08-13,4256631360
2014-08-14,4183830720
2014-08-15,4326674400
2014-08-18,4400026560
2014-08-19,4412160000
2014-08-20,4425396480
2014-08-21,4452972480
2014-08-22,4411056960
2014-08-25,4489372800
2014-08-26,4626149760
2014-08-27,4555555200
2014-08-28,4588646400
2014-08-29,4762375200
2014-09-02,4590300960
2014-09-03,4623943680
2014-09-04,4384584000
2014-09-05,4370796000
2014-09-08,4269867840
2014-09-09,4216921919
2014-09-10,4235673600
2014-09-11,4294686240
2014-09-12,4222437120
2014-09-15,4204788479
2014-09-16,4313989440
2014-09-17,4285310400
2014-09-18,4201479360
2014-09-19,4166733600
2014-09-22,4051465919
2014-09-23,4017271680
2014-09-24,4097793600
2014-09-25,4004035199
2014-09-26,4061393280
2014-09-29,4233467520
2014-09-30,4246531860
2014-10-01,4225520670
2014-10-02,4274925360
2014-10-03,4145451000
2014-10-06,4200534390
2014-10-07,4057431150
2014-10-08,4152265440
2014-10-09,3933635490
2014-10-10,3676958250
2014-10-13,3362358270
2014-10-14,3318632280
2014-10-15,3406084260
2014-10-16,3584395440
2014-10-17,3597456450
2014-10-20,3650268360
2014-10-21,3832554629
2014-10-22,3645725400
2014-10-23,3817222140
2014-10-24,3818357879
2014-10-27,3641750309
2014-10-28,3849022860
2014-10-29,3922845960
2014-10-30,3843344160
2014-10-31,3886502280
2014-11-03,3826875930
2014-11-04,3613924680
2014-11-05,3691722870
2014-11-06,3737720339
2014-11-07,3946128629
2014-11-10,3782014199
2014-11-11,3833122500
2014-11-12,3680365470
2014-11-13,3677526120
2014-11-14,3849590730
2014-11-17,3618467640
2014-11-18,3655379190
2014-11-19,3698537309
2014-11-20,3816654269
2014-11-21,3960325379
2014-11-24,3866626830
2014-11-25,3806432610
2014-11-26,3684340559
2014-11-28,3202786800
2014-12-01,3169282470
2014-12-02,3284560080
2014-12-03,3399269820
2014-12-04,3320903760
2014-12-05,3338507730
2014-12-08,3111927600
2014-12-09,3218687160
2014-12-10,3046622550
2014-12-11,3015957570
2014-12-12,2979613890
2014-12-15,3032993670
2014-12-16,3170986080
2014-12-17,3348729390
2014-12-18,3383369460
2014-12-19,3552594720
2014-12-22,3467982090
2014-12-23,3503757900
2014-12-24,3417441660
2014-12-26,3430502670
2014-12-29,3428799060
2014-12-30,3399837690
2014-12-31,3490315080
2015-01-02,3499072980
2015-01-05,3344350080
2015-01-06,3349604820
2015-01-07,3400984500
2015-01-08,3566800740
2015-01-09,3610590240
2015-01-12,3472215420
2015-01-13,3575558640
2015-01-14,3812605800
2015-01-15,3704591700
2015-01-16,3831873179
2015-01-20,3667224660
2015-01-21,4001776440
2015-01-22,3969080280
2015-01-23,3911862000
2015-01-26,4000024860
2015-01-27,4026882420
2015-01-28,3858146880
2015-01-29,4007615040
2015-01-30,4028050139
2015-02-02,4071839639
2015-02-03,4068336480
2015-02-04,3919452179
2015-02-05,4032137160
2015-02-06,4135480380
2015-02-09,4094610179
2015-02-10,4051988400
2015-02-11,4015789080
2015-02-12,4260426420
2015-02-13,4289035559
2015-02-17,4295458020
2015-02-18,4308886800
2015-02-19,4429161960
2015-02-20,4384204740
2015-02-23,4341582960
2015-02-24,4325234880
2015-02-25,4376614560
2015-02-26,4272103620
2015-02-27,4157667059
2015-03-02,4144238280
2015-03-03,4185692340
2015-03-04,4192698660
2015-03-05,4155915480
2015-03-06,4078845960
2015-03-09,4064249460
2015-03-10,3975502740
2015-03-11,4089939300
2015-03-12,4083516840
2015-03-13,4068336480
2015-03-16,4087020000
2015-03-17,4114461420
2015-03-18,4241742900
2015-03-19,4174015139
2015-03-20,4223643240
2015-03-23,4179269880
2015-03-24,4307135220
2015-03-25,4374279120
2015-03-26,4486964100
2015-03-27,4388875620
2015-03-30,4532505180
2015-03-31,4723277960
2015-04-01,4757700600
2015-04-02,4848674720
2015-04-06,4884941430
2015-04-07,4915061240
2015-04-08,4798270140
2015-04-09,4961777680
2015-04-10,4963621750
2015-04-13,4908914340
2015-04-14,4941492910
2015-04-15,5065660290
2015-04-16,5121597080
2015-04-17,5075495330
2015-04-20,5167698830
2015-04-21,5090247890
2015-04-22,5039228620
2015-04-23,5037999240
2015-04-24,4907070270
2015-04-27,4900923370
2015-04-28,4931657870
2015-04-29,5099468240
2015-04-30,5075495330
2015-05-01,5033081720
2015-05-04,5098238860
2015-05-05,4902767440
2015-05-06,4835766230
2015-05-07,4631074460
2015-05-08,4733727690
2015-05-11,4814866770
2015-05-12,4892317710
2015-05-13,4881867980
2015-05-14,4745406800
2015-05-15,4851748170
2015-05-18,4870188870
2015-05-19,4762003430
2015-05-20,4827160570
2015-05-21,4955630780
2015-05-22,5002347220
2015-05-26,4870188870
2015-05-27,4867115420
2015-05-28,4765691570
2015-05-29,4782902890
2015-06-01,4853592240
2015-06-02,4857895070
2015-06-03,4773682540
2015-06-04,4699919740
2015-06-05,4810563940
2015-06-08,4845601270
2015-06-09,4916905310
2015-06-10,5005420670
2015-06-11,4981447760
2015-06-12,4957474850
2015-06-15,4910758410
2015-06-16,4963621750
2015-06-17,4880023910
2015-06-18,4829619330
2015-06-19,4709754780
2015-06-22,4844371890
2015-06-23,4910758410
2015-06-24,4792123240
2015-06-25,4695616910
2015-06-26,4625542250
2015-06-29,4620010040
2015-06-30,4918620380
2015-07-01,4751577820
2015-07-02,4771805630
2015-07-06,4581272710
2015-07-07,4636736060
2015-07-08,4521241790
2015-07-09,4623685860
2015-07-10,4625643390
2015-07-13,4653048810
2015-07-14,4785508340
2015-07-15,4612593190
2015-07-16,4514716690
2015-07-17,4324183770
2015-07-20,4230222330
2015-07-21,4304608470
2015-07-22,4322226240
2015-07-23,4325488790
2015-07-24,4169538900
2015-07-27,4130388300
2015-07-28,4240662489
2015-07-29,4414230150
2015-07-30,4416187680
2015-07-31,4391392300
2015-08-03,4360071820
2015-08-04,4436415490
2015-08-05,4461210870
2015-08-06,4598890480
2015-08-07,4491878840
2015-08-10,4579967690
2015-08-11,4624338370
2015-08-12,4729392480
2015-08-13,4676539170
2015-08-14,4822048900
2015-08-17,4711774710
2015-08-18,4788118380
2015-08-19,4687631840
2015-08-20,4582577730
2015-08-21,4342454050
2015-08-24,4029249250
2015-08-25,3968565820
2015-08-26,4051434590
2015-08-27,4286990700
2015-08-28,4343106560
2015-08-31,4455990790
2015-09-01,4209994519
2015-09-02,4401179950
2015-09-03,4370511980
2015-09-04,4306566000
2015-09-08,4392044810
2015-09-09,4244577550
2015-09-10,4363986880
2015-09-11,4326793810
2015-09-14,4288295720
2015-09-15,4352241700
2015-09-16,4560392390
2015-09-17,4555172310
2015-09-18,4502319000
2015-09-21,4529724420
2015-09-22,4514064180
2015-09-23,4338538990
2015-09-24,4350284170
2015-09-25,4307218510
2015-09-28,4086670130
2015-09-29,4110813000
2015-09-30,4308801782
2015-10-01,4372833512
2015-10-02,4626292440
2015-10-05,4816386636
2015-10-06,4841065532
2015-10-07,4912434230
2015-10-08,5083852505
2015-10-09,5132543300
2015-10-12,5129875311
2015-10-13,5080517520
2015-10-14,5097859446
2015-10-15,5047834658
2015-10-16,5147884235
2015-10-19,4889756326
2015-10-20,4893091312
2015-10-21,4753688901
2015-10-22,4825724597
2015-10-23,4797043718
2015-10-26,4861075447
2015-10-27,4839731538
2015-10-28,5035828709
2015-10-29,5029158737
2015-10-30,4925107177
2015-11-02,4896426298
2015-11-03,5153220212
2015-11-04,5074514545
2015-11-05,5141881260
2015-11-06,5188571063
2015-11-09,5310631547
2015-11-10,5309297552
2015-11-11,5324638487
2015-11-12,5208580978
2015-11-13,5117202364
2015-11-16,5313299535
2015-11-17,5309964549
2015-11-18,5430691039
2015-11-19,5139880269
2015-11-20,5167227153
2015-11-23,5318635513
2015-11-24,5331975456
2015-11-25,5249267806
2015-11-27,5170562139
2015-11-30,5203911998
2015-12-01,5215917947
2015-12-02,5121871345
2015-12-03,5119203356
2015-12-04,5089855480
2015-12-07,4925774174
2015-12-08,4998476866
2015-12-09,5137212280
2015-12-10,5275280696
2015-12-11,5106530410
2015-12-14,5043165677
2015-12-15,5103195424
2015-12-16,4826391594
2015-12-17,4585605612
2015-12-18,4412853342
2015-12-21,4148722459
2015-12-22,4225427135
2015-12-23,4499562976
2015-12-24,4530244846
2015-12-28,4364162548
2015-12-29,4431529263
2015-12-30,4403515382
2015-12-31,4751639400
2016-01-04,4695528860
2016-01-05,4630184940
2016-01-06,4417817200
2016-01-07,4289970400
2016-01-08,4315539760
2016-01-11,4091097600
2016-01-12,4156441520
2016-01-13,4226757260
2016-01-14,4451909680
2016-01-15,4486002160
2016-01-19,4295652480
2016-01-20,4326193660
2016-01-21,4552766600
2016-01-22,4699790420
2016-01-25,4409294080
2016-01-26,4725359780
2016-01-27,4848945020
2016-01-28,5169982540
2016-01-29,5366014300
2016-02-01,5156487600
2016-02-02,5060602500
2016-02-03,5318426880
2016-02-04,5113872000
2016-02-05,4780760060
2016-02-08,4968268700
2016-02-09,4763003560
2016-02-10,4782180580
2016-02-11,4822665400
2016-02-12,4910027380
2016-02-16,4827637220
2016-02-17,5003071440
2016-02-18,4989576500
2016-02-19,5119554080
2016-02-22,5234616200
2016-02-23,4971109740
2016-02-24,5093984720
2016-02-25,5082620560
2016-02-26,5156487600
2016-02-29,5060602500
2016-03-01,5148674740
2016-03-02,5255924000
2016-03-03,5150095260
2016-03-04,5397265740
2016-03-07,5415022240
2016-03-08,5283624140
2016-03-09,5305642200
2016-03-10,5332632080
2016-03-11,5570569180
2016-03-14,5398686260
2016-03-15,5467581480
2016-03-16,5476814860
2016-03-17,5503804740
2016-03-18,5513038120
2016-03-21,5543579300
2016-03-22,5541448520
2016-03-23,5447694200
2016-03-24,5499543180
2016-03-28,5430647960
2016-03-29,5480366160
2016-03-30,5613184780
2016-03-31,5530284816
2016-04-01,5500906522
2016-04-04,5338967630
2016-04-05,5288093022
2016-04-06,5495174172
2016-04-07,5665711589
2016-04-08,5807587255
2016-04-11,5773909698
2016-04-12,5879241632
2016-04-13,5832666287
2016-04-14,5856312232
2016-04-15,5740232141
2016-04-18,5862761126
2016-04-19,5897155227
2016-04-20,5979557760
2016-04-21,5915068821
2016-04-22,5996038267
2016-04-25,6053361768
2016-04-26,6198820154
2016-04-27,6336396558
2016-04-28,6225332273
2016-04-29,6203835960
2016-05-02,6277639968
2016-05-03,6083456607
2016-05-04,6031148912
2016-05-05,6282655775
2016-05-06,6123583058
2016-05-09,6142929740
2016-05-10,6263309093
2016-05-11,6197387066
2016-05-12,6243962411
2016-05-13,6125732689
2016-05-16,6203835960
2016-05-17,6229631536
2016-05-18,6228914992
2016-05-19,6228914992
2016-05-20,6235363886
2016-05-23,6222466098
2016-05-24,6303435544
2016-05-25,6430263791
2016-05-26,6585753790
2016-05-27,6653825448
2016-05-31,6516965588
2016-06-01,6558525126
2016-06-02,6622297522
2016-06-03,6456775911
2016-06-06,6511233237
2016-06-07,6777787520
2016-06-08,6673172130
2016-06-09,6605100471
2016-06-10,6401602041
2016-06-13,6360042502
2016-06-14,6438862317
2016-06-15,6386554622
2016-06-16,6251844393
2016-06-17,6270474531
2016-06-20,6377956096
2016-06-21,6514815956
2016-06-22,6505500887
2016-06-23,6549926601
2016-06-24,6253994024
2016-06-27,6002487161
2016-06-28,6349294345
2016-06-29,6505500887
2016-06-30,6779943302
2016-07-01,6730139969
2016-07-05,6655063303
2016-07-06,6727166636
2016-07-07,6585189970
2016-07-08,6627559970
2016-07-11,6667699970
2016-07-12,6835693302
2016-07-13,6767306636
2016-07-14,6855763302
2016-07-15,6759129969
2016-07-18,6732369969
2016-07-19,6646886636
2016-07-20,6651346636
2016-07-21,6554713303
2016-07-22,6558429970
2016-07-25,6344349971
2016-07-26,6384489971
2016-07-27,6345093304
2016-07-28,6387463304
2016-07-29,6525723304
2016-08-01,6388949971
2016-08-02,6381516638
2016-08-03,6492273304
2016-08-04,6608976637
2016-08-05,6909283302
2016-08-08,6965033302
2016-08-09,7008146635
2016-08-10,6934556635
2016-08-11,6999226635
2016-08-12,7030446635
2016-08-15,7169449967
2016-08-16,7062409968
2016-08-17,7083966634
2016-08-18,7325549967
2016-08-19,7328523300
2016-08-22,7172423301
2016-08-23,7179856634
2016-08-24,7150123301
2016-08-25,7155326634
2016-08-26,7160529967
2016-08-29,7237093300
2016-08-30,7173166634
2016-08-31,7080249968
2016-09-01,7081736634
2016-09-02,7164246634
2016-09-06,7221483300
2016-09-07,7326293300
2016-09-08,7309939967
2016-09-09,7139716634
2016-09-12,7108496634
2016-09-13,6756899969
2016-09-14,6582959970
2016-09-15,6681079970
2016-09-16,6666956636
2016-09-19,6637223303
2016-09-20,6567349970
2016-09-21,6644656636
2016-09-22,6764333303
2016-09-23,6609719970
2016-09-26,6713043303
2016-09-27,6580729970
2016-09-28,6941246635
2016-09-29,7101063301
2016-09-30,7753610100
2016-10-03,7431546950
2016-10-04,7356050850
2016-10-05,7605830500
2016-10-06,7633137600
2016-10-07,7605830500
2016-10-10,8449941149
2016-10-11,8420224600
2016-10-12,8396130100
2016-10-13,8315011950
2016-10-14,8103783500
2016-10-17,8069248050
2016-10-18,8008208649
2016-10-19,8288508000
2016-10-20,8212208750
2016-10-21,8211405600
2016-10-24,7999374000
2016-10-25,7825893600
2016-10-26,7714255750
2016-10-27,7772885700
2016-10-28,7548806850
2016-10-31,7331956350
2016-11-01,7373720150
2016-11-02,7331153200
2016-11-03,7433956400
2016-11-04,7364082350
2016-11-07,7546397399
2016-11-08,7528728100
2016-11-09,7883720400
2016-11-10,7820271550
2016-11-11,7669279350
2016-11-14,7575310799
2016-11-15,7763247900
2016-11-16,7837940850
2016-11-17,7864444800
2016-11-18,7798586500
2016-11-21,8068444899
2016-11-22,7967248000
2016-11-23,8093342550
2016-11-25,7986523600
2016-11-28,7770476250
2016-11-29,7662051000
2016-11-30,8661972750
2016-12-01,8834650000
2016-12-02,8685264100
2016-12-05,8588082950
2016-12-06,8536681350
2016-12-07,8464397850
2016-12-08,8614586900
2016-12-09,8516602600
2016-12-12,8432271850
2016-12-13,8455563200
2016-12-14,8152775650
2016-12-15,8126271700
2016-12-16,8188114250
2016-12-19,8453153750
2016-12-20,8245137900
2016-12-21,8147956750
2016-12-22,8250759950
2016-12-23,8266822950
2016-12-27,8340712750
2016-12-28,8267626100
2016-12-29,8196145750
2016-12-30,8116633900
2017-01-03,9618873250
2017-01-04,9648684770
2017-01-05,9658000870
2017-01-06,9657069260
2017-01-09,9449320230
2017-01-10,9568566310
2017-01-11,9680359510
2017-01-12,9648684770
2017-01-13,9442798960
2017-01-17,9357090840
2017-01-18,9364543720
2017-01-19,9526643860
2017-01-20,9605830710
2017-01-23,9520122590
2017-01-24,9664522140
2017-01-25,9793084320
2017-01-26,9940278700
2017-01-27,9938415480
2017-01-30,9549002500
2017-01-31,9797742370
2017-02-01,9852707360
2017-02-02,9747435430
2017-02-03,9727871620
2017-02-06,9822895840
2017-02-07,9327279320
2017-02-08,9368270160
2017-02-09,9682222730
2017-02-10,9762341190
2017-02-13,9716692300
2017-02-14,10031576480
2017-02-15,10419126240
2017-02-16,10155480610
2017-02-17,10026918430
2017-02-21,9953321240
2017-02-22,9505216830
2017-02-23,9405534560
2017-02-24,9354296010
2017-02-27,9469815650
2017-02-28,9396218460
2017-03-01,9848049310
2017-03-02,9671975020
2017-03-03,9649616380
2017-03-06,9685017560
2017-03-07,9742777380
2017-03-08,9293741360
2017-03-09,9453978280
2017-03-10,9452115060
2017-03-13,9433482860
2017-03-14,9162384350
2017-03-15,9588130120
2017-03-16,9636573840
2017-03-17,9753025090
2017-03-20,9661727310
2017-03-21,9513601320
2017-03-22,9425098370
2017-03-23,9278835600
2017-03-24,9290946530
2017-03-27,9217349340
2017-03-28,9430688030
2017-03-29,9610488760
2017-03-30,9564839870
2017-03-31,10179288240
2017-04-03,10214619360
2017-04-04,10478621340
2017-04-05,10102737480
2017-04-06,10272523140
2017-04-07,10244061960
2017-04-10,10267616040
2017-04-11,10399126320
2017-04-12,10434457440
2017-04-13,10308835680
2017-04-17,10318649880
2017-04-18,10124328720
2017-04-19,9868178100
2017-04-20,9840698340
2017-04-21,9938840340
2017-04-24,9986929920
2017-04-25,10203823740
2017-04-26,10129235820
2017-04-27,9858363900
2017-04-28,9798497280
2017-05-01,9712132320
2017-05-02,9655209960
2017-05-03,9841679760
2017-05-04,9344099820
2017-05-05,9779850300
2017-05-08,9875048040
2017-05-09,9776906040
2017-05-10,10047777960
2017-05-11,9949635960
2017-05-12,10000669800
2017-05-15,10136105760
2017-05-16,10202842320
2017-05-17,9989874180
2017-05-18,9973190040
2017-05-19,10120403040
2017-05-22,10035019500
2017-05-23,9877992300
2017-05-24,9752370540
2017-05-25,9777887460
2017-05-26,9658154220
2017-05-30,9252827760
2017-05-31,9103651920
2017-06-01,9222403740
2017-06-02,9013361280
2017-06-05,8896572300
2017-06-06,9103651920
2017-06-07,8695381200
2017-06-08,8618830440
2017-06-09,8847501300
2017-06-12,8897553720
2017-06-13,9072246480
2017-06-14,8773894800
2017-06-15,8427453540
2017-06-16,8329311540
2017-06-19,8429416380
2017-06-20,8542279680
2017-06-21,8513818500
2017-06-22,8438249160
2017-06-23,8675752800
2017-06-26,8567796600
2017-06-27,8635514580
2017-06-28,8499097199
2017-06-29,8566815180
2017-06-30,8716168640
2017-07-03,8867310400
2017-07-05,8684762560
2017-07-06,8436458239
2017-07-07,8449216960
2017-07-10,8639616320
2017-07-11,8697521280
2017-07-12,8647467840
2017-07-13,8776036480
2017-07-14,8880069120
2017-07-17,8879087680
2017-07-18,8873199040
2017-07-19,9218665920
2017-07-20,9066542720
2017-07-21,9028266560
2017-07-24,9148002240
2017-07-25,9394343680
2017-07-26,9468933120
2017-07-27,9477766080
2017-07-28,9485617600
2017-07-31,9410046720
2017-08-01,9358030400
2017-08-02,9406120960
2017-08-03,8802535360
2017-08-04,9344290240
2017-08-07,9425749760
2017-08-08,9321717120
2017-08-09,9282459520
2017-08-10,9035136640
2017-08-11,9114633280
2017-08-14,8906568000
2017-08-15,8638634880
2017-08-16,8642560640
2017-08-17,8450198399
2017-08-18,8564045440
2017-08-21,8546379520
2017-08-22,8580729920
2017-08-23,8721075840
2017-08-24,8746593280
2017-08-25,8709298560
2017-08-28,8639616320
2017-08-29,8653356480
2017-08-30,8682799680
2017-08-31,8910493760
2017-09-01,9021396480
2017-09-05,9003730560
2017-09-06,9094023040
2017-09-07,8991953280
2017-09-08,8725001600
2017-09-11,8778980800
2017-09-12,8873199040
2017-09-13,9175482560
2017-09-14,9206888640
2017-09-15,9222591680
2017-09-18,9338401600
2017-09-19,9253016320
2017-09-20,9551374080
2017-09-21,9555299840
2017-09-22,9396306560
2017-09-25,9498376320
2017-09-26,9534689600
2017-09-27,9508190720
2017-09-28,9533708160
2017-09-29,9614186240
2017-10-02,9816900000
2017-10-03,9824753520
2017-10-04,9890526750
2017-10-05,9792357750
2017-10-06,9727566210
2017-10-09,9811009860
2017-10-10,9891508440
2017-10-11,9966116880
2017-10-12,9926849280
2017-10-13,9951391530
2017-10-16,10072139400
2017-10-17,10073121090
2017-10-18,10031890110
2017-10-19,9972988710
2017-10-20,10065267570
2017-10-23,9851259150
2017-10-24,9784504230
2017-10-25,9904270410
2017-10-26,9903288720
2017-10-27,10265532330
2017-10-30,10425547800
2017-10-31,10519790040
2017-11-01,10776992820
2017-11-02,10697475930
2017-11-03,10911484350
2017-11-06,11160833610
2017-11-07,10975294200
2017-11-08,10802516760
2017-11-09,10899704070
2017-11-10,10981184340
2017-11-13,10893813930
2017-11-14,10628757630
2017-11-15,10466778780
2017-11-16,10457943570
2017-11-17,10557094260
2017-11-20,10599306930
2017-11-21,10715146350
2017-11-22,10724963250
2017-11-24,10828040700
2017-11-27,10529606940
2017-11-28,10624830870
2017-11-29,10616977350
2017-11-30,10730853390
2017-12-01,10887923790
2017-12-04,10702384380
2017-12-05,10706311140
2017-12-06,10438309770
2017-12-07,10695512550
2017-12-08,10874180130
2017-12-11,10926209700
2017-12-12,10948788570
2017-12-13,10954678710
2017-12-14,10899704070
2017-12-15,10751468880
2017-12-18,10764230850
2017-12-19,10976275890
2017-12-20,11509333560
2017-12-21,12084603900
2017-12-22,12209278530
2017-12-26,12366348930
2017-12-27,12093439110
2017-12-28,12322172880
2017-12-29,12393836250
2018-01-02,12603213400
2018-01-03,12730349349
2018-01-04,12824962150
2018-01-05,12810178899
2018-01-08,12909719450
2018-01-09,12564776950
2018-01-10,12545065950
2018-01-11,12802294500
2018-01-12,12825947699
2018-01-16,12617011100
2018-01-17,12559849200
2018-01-18,12539152650
2018-01-19,12572661350
2018-01-22,13029956550
2018-01-23,13039812050
2018-01-24,12847629800
2018-01-25,12501701750
2018-01-26,12821019950
2018-01-29,12718522750
2018-01-30,12444539850
2018-01-31,12368652500
2018-02-01,12481005200
2018-02-02,12069045300
2018-02-05,11853209850
2018-02-06,12013854500
2018-02-07,11678767500
2018-02-08,10972128150
2018-02-09,10891313050
2018-02-12,11433365550
2018-02-13,11336781650
2018-02-14,12105510650
2018-02-15,12334158250
2018-02-16,12208993400
2018-02-20,12103539550
2018-02-21,11923183900
2018-02-22,12152817050
2018-02-23,12608141150
2018-02-26,12587444600
2018-02-27,12434684350
2018-02-28,12283895200
2018-03-01,12458337550
2018-03-02,12721479400
2018-03-05,12836788750
2018-03-06,12525354950
2018-03-07,12444539850
2018-03-08,12339086000
2018-03-09,12707681700
2018-03-12,12556892550
2018-03-13,12531268250
2018-03-14,12399204550
2018-03-15,12279953000
2018-03-16,12369638050
2018-03-19,12085799650
2018-03-20,12372594700
2018-03-21,12829889900
2018-03-22,12593357900
2018-03-23,12611097800
2018-03-26,13130482649
2018-03-27,12731334900
2018-03-28,12286851850
2018-03-29,12469178600
2018-04-02,12056547640
2018-04-03,12172912160
2018-04-04,12088104120
2018-04-05,12268567740
2018-04-06,11500364680
2018-04-09,11171980060
2018-04-10,11575311320
2018-04-11,11492475560
2018-04-12,11472752760
2018-04-13,11705481800
2018-04-16,11739010560
2018-04-17,12060492200
2018-04-18,12533839400
2018-04-19,12709372320
2018-04-20,12662037600
2018-04-23,12646259360
2018-04-24,12398738220
2018-04-25,12400710500
2018-04-26,12511158180
2018-04-27,12410571900
2018-04-30,12666968299
2018-05-01,12632453400
2018-05-02,12713316879
2018-05-03,12475657140
2018-05-04,12553562200
2018-05-07,12843487360
2018-05-08,13285278080
2018-05-09,13462783280
2018-05-10,12799111060
2018-05-11,12210385480
2018-05-14,12251803360
2018-05-15,12674857420
2018-05-16,13029867820
2018-05-17,13437143640
2018-05-18,13271472120
2018-05-21,13486450640
2018-05-22,13039729219
2018-05-23,12784318959
2018-05-24,12325763860
2018-05-25,11868194900
2018-05-29,11932294000
2018-05-30,12109799200
2018-05-31,11908626640
2018-06-01,11389917000
2018-06-04,11015183800
2018-06-05,11000391700
2018-06-06,11066463080
2018-06-07,11253829680
2018-06-08,11238051440
2018-06-11,11225231620
2018-06-12,11723232320
2018-06-13,11670966900
2018-06-14,11434293300
2018-06-15,11397806120
2018-06-18,12088104120
2018-06-19,12581174120
2018-06-20,12776429840
2018-06-21,12201510220
2018-06-22,12381973840
2018-06-25,11991462400
2018-06-26,12478615560
2018-06-27,12832639820
2018-06-28,12902655760
2018-06-29,12974643980
2018-07-02,12753893400
2018-07-03,12827871900
2018-07-05,13020216000
2018-07-06,13313170860
2018-07-09,13480855459
2018-07-10,13213546480
2018-07-11,12897904880
2018-07-12,12850558640
2018-07-13,12955114920
2018-07-16,12821953620
2018-07-17,12887054700
2018-07-18,12881136420
2018-07-19,13029093420
2018-07-20,12936373700
2018-07-23,12938346459
2018-07-24,13163241099
2018-07-25,13284565840
2018-07-26,13271742900
2018-07-27,13053752920
2018-07-30,13188886980
2018-07-31,13015284099
2018-08-01,13107017440
2018-08-02,13265824620
2018-08-03,12901850400
2018-08-06,13180009560
2018-08-07,13290484120
2018-08-08,13196778020
2018-08-09,12936373700
2018-08-10,13296402400
2018-08-13,13007393060
2018-08-14,13192832500
2018-08-15,11609692600
2018-08-16,11881933480
2018-08-17,11854314840
2018-08-20,11934211620
2018-08-21,12092032420
2018-08-22,12253798740
2018-08-23,11994380800
2018-08-24,12009176500
2018-08-27,12105841740
2018-08-28,11947034560
2018-08-29,12024958580
2018-08-30,11986489760
2018-08-31,11943089040
2018-09-04,11868124160
2018-09-05,11586019480
2018-09-06,11293064620
2018-09-07,11111570700
2018-09-10,11058306180
2018-09-11,11481463200
2018-09-12,11886865380
2018-09-13,11719180780
2018-09-14,12007203740
2018-09-17,12101896220
2018-09-18,12305090500
2018-09-19,12682874040
2018-09-20,12499407360
2018-09-21,12679914900
2018-09-24,13105044680
2018-09-25,13267797380
2018-09-26,12954128540
2018-09-27,13223410280
2018-09-28,13334871220
2018-10-01,16759368000
2018-10-02,16789995500
2018-10-03,17141599199
2018-10-04,16569477500
2018-10-05,16704238500
2018-10-08,16279128800
2018-10-09,16554776300
2018-10-10,15838092800
2018-10-11,15268421300
2018-10-12,15450961200
2018-10-15,15672704300
2018-10-16,16026758200
2018-10-17,15866270099
2018-10-18,15553869600
2018-10-19,15571021000
2018-10-22,15259845600
2018-10-23,14592166100
2018-10-24,13831379000
2018-10-25,13995542400
2018-10-26,13936737600
2018-10-29,13251906700
2018-10-30,13461398800
2018-10-31,13765223600
2018-11-01,14143779500
2018-11-02,14005343200
2018-11-05,14209934900
2018-11-06,13888958700
2018-11-07,14195233700
2018-11-08,13555731500
2018-11-09,13947763500
2018-11-12,13504277300
2018-11-13,13212703500
2018-11-14,13318062100
2018-11-15,13750522400
2018-11-16,14004118100
2018-11-19,13942863100
2018-11-20,13320512300
2018-11-21,13381767300
2018-11-23,12848848800
2018-11-26,13391568100
2018-11-27,13456498400
2018-11-28,13451598000
2018-11-29,13721120000
2018-11-30,13522653800
2018-12-03,13741946700
2018-12-04,12873350800
2018-12-06,12473968200
2018-12-07,12581777000
2018-12-10,12328181300
2018-12-11,12255900400
2018-12-12,12066009900
2018-12-13,11800163200
2018-12-14,11357902100
2018-12-17,10847035400
2018-12-18,10772304300
2018-12-19,11099406000
2018-12-20,10907065300
2018-12-21,10875212700
2018-12-24,10495431700
2018-12-26,11269694900
2018-12-27,11378728800
2018-12-28,11257443900
2018-12-31,15281780400
2019-01-02,15697207440
2019-01-03,15852168320
2019-01-04,16473660360
2019-01-07,16918760760
2019-01-08,17301217400
2019-01-09,17604545080
2019-01-10,17495742760
2019-01-11,17161093200
2019-01-14,17228682520
2019-01-15,17311108520
2019-01-16,17414965280
2019-01-17,17416613800
2019-01-18,17621030280
2019-01-22,16725883919
2019-01-23,16704453160
2019-01-24,16742369120
2019-01-25,16849522919
2019-01-28,16534655600
2019-01-29,16511576320
2019-01-30,16857765520
2019-01-31,16999538240
2019-02-01,16961622280
2019-02-04,17235276600
2019-02-05,16795121760
2019-02-06,16757205800
2019-02-07,16148901919
2019-02-08,15924703200
2019-02-11,16132416720
2019-02-12,16267595360
2019-02-13,16653349040
2019-02-14,17116583160
2019-02-15,17391886000
2019-02-19,17276489600
2019-02-20,17548495400
2019-02-21,16837983280
2019-02-22,17149553560
2019-02-25,17357267080
2019-02-26,17393534520
2019-02-27,17390237480
2019-02-28,16968216360
2019-03-01,17274841080
2019-03-04,17255058840
2019-03-05,16917112240
2019-03-06,16493442600
2019-03-07,16115931520
2019-03-08,15743366000
2019-03-11,16086258160
2019-03-12,16567626000
2019-03-13,17048993840
2019-03-14,17179226919
2019-03-15,16879196280
2019-03-18,17233628080
2019-03-19,17009429360
2019-03-20,17339133360
2019-03-21,17459475320
2019-03-22,16711047240
2019-03-25,16646754960
2019-03-26,16915463720
2019-03-27,16872602200
2019-03-28,16903924080
2019-03-29,16737423560
2019-04-01,17092155910
2019-04-02,16894349110
2019-04-03,16477306439
2019-04-04,16457525760
2019-04-05,16887755550
2019-04-08,17200949650
2019-04-09,16952042760
2019-04-10,17121826930
2019-04-11,16470712880
2019-04-12,17519088920
2019-04-15,17466340440
2019-04-16,17616343930
2019-04-17,17842173360
2019-04-18,17683927920
2019-04-22,18330096800
2019-04-23,18430648590
2019-04-24,18303722560
2019-04-25,18068002790
2019-04-26,17672389190
2019-04-29,17621289100
2019-04-30,17537221210
2019-05-01,16709729430
2019-05-02,16338841680
2019-05-03,16561374330
2019-05-06,16599287300
2019-05-07,16192134970
2019-05-08,17448208150
2019-05-09,17842173360
2019-05-10,17784479710
2019-05-13,17670740800
2019-05-14,17985583290
2019-05-15,17977341340
2019-05-16,18236138570
2019-05-17,18300425780
2019-05-20,18076244740
2019-05-21,18758678200
2019-05-22,17947670320
2019-05-23,17148201170
2019-05-24,17161388290
2019-05-28,17064133280
2019-05-29,16699839090
2019-05-30,16541593650
2019-05-31,16164112340
2019-06-03,16182244630
2019-06-04,16340490070
2019-06-05,15844324680
2019-06-06,16084989620
2019-06-07,15992679780
2019-06-10,16088286400
2019-06-11,16444338640
2019-06-12,16188838189
2019-06-13,16511922630
2019-06-14,16310819050
2019-06-17,16744345620
2019-06-18,17232269060
2019-06-19,17163036680
2019-06-20,17735028010
2019-06-21,18097673810
2019-06-24,17743269960
2019-06-25,17344359580
2019-06-26,17675685970
2019-06-27,17718544110
2019-06-28,17962505830
2019-07-01,17774077050
2019-07-02,16932104310
2019-07-03,17099523600
2019-07-05,17458743630
2019-07-08,17385599280
2019-07-09,17387224710
2019-07-10,17827716240
2019-07-11,17769200760
2019-07-12,18014640690
2019-07-15,17296200630
2019-07-16,16922351730
2019-07-17,16545251970
2019-07-18,16836203940
2019-07-19,17003623230
2019-07-22,16821575070
2019-07-23,16975990920
2019-07-24,16977616350
2019-07-25,16481860200
2019-07-26,16577760570
2019-07-29,16210413390
2019-07-30,16714296690
2019-07-31,16811822490
2019-08-01,15831688200
2019-08-02,15846317070
2019-08-05,14864557350
2019-08-06,14801165580
2019-08-07,15074237820
2019-08-08,15474093600
2019-08-09,15672396060
2019-08-12,15747165840
2019-08-13,16244547420
2019-08-14,15654516330
2019-08-15,15573244830
2019-08-16,15808932180
2019-08-19,16247798279
2019-08-20,16137269040
2019-08-21,16270554300
2019-08-22,16129141890
2019-08-23,15376567800
2019-08-26,15197770500
2019-08-27,15014096910
2019-08-28,15706530090
2019-08-29,16023488940
2019-08-30,15942217440
2019-09-03,15766671000
2019-09-04,15899956259
2019-09-05,15872323950
2019-09-06,15539110800
2019-09-09,15691901220
2019-09-10,16166526779
2019-09-11,16046244960
2019-09-12,15631760310
2019-09-13,15722784390
2019-09-16,17073516720
2019-09-17,16327444350
2019-09-18,15969849750
2019-09-19,15820310190
2019-09-20,15737413259
2019-09-23,15976351470
2019-09-24,15358688070
2019-09-25,15155509320
2019-09-26,14648375160
2019-09-27,14627244570
2019-09-30,14385420180
2019-10-01,13599830000
2019-10-02,13299033760
2019-10-03,13742228220
2019-10-04,13667029160
2019-10-07,13339033260
2019-10-08,12931038359
2019-10-09,13047836900
2019-10-10,13206234920
2019-10-11,13382232720
2019-10-14,13433432079
2019-10-15,13574230320
2019-10-16,13348633140
2019-10-17,13446231920
2019-10-18,13115036060
2019-10-21,13238234520
2019-10-22,13710228620
2019-10-23,13945425680
2019-10-24,13905426180
2019-10-25,13993425079
2019-10-28,13855826800
2019-10-29,14067024160
2019-10-30,13500631240
2019-10-31,13721428480
2019-11-01,13886226420
2019-11-04,14457419280
2019-11-05,14436619540
2019-11-06,12351845600
2019-11-07,12089448880
2019-11-08,12068649140
2019-11-11,12284646440
2019-11-12,12481443980
2019-11-13,12321445980
2019-11-14,12206247420
2019-11-15,12334245820
2019-11-18,12116648540
2019-11-19,11870251620
2019-11-20,12046249420
2019-11-21,12091048859
2019-11-22,12052649340
2019-11-25,12340645740
2019-11-26,12335845800
2019-11-27,12563042960
2019-11-29,12374245320
2019-12-02,12460644240
2019-12-03,12305446180
2019-12-04,12889438880
2019-12-05,12790240120
2019-12-06,13316633540
2019-12-09,13404632440
2019-12-10,13353433079
2019-12-11,13412632340
2019-12-12,13803027460
2019-12-13,13614229820
2019-12-16,14030224620
2019-12-17,13857426780
2019-12-18,13932625840
2019-12-19,13996625040
2019-12-20,14083023960
2019-12-23,14244621940
2019-12-24,14428619640
2019-12-26,14609417380
2019-12-27,14523018460
2019-12-30,14571017859
2019-12-31,14698902260
2020-01-02,14665661150
2020-01-03,14944253310
2020-01-06,15021815900
2020-01-07,15262418220
2020-01-08,14773299030
2020-01-09,14903097650
2020-01-10,14603927660
2020-01-13,14322169680
2020-01-14,14445636660
2020-01-15,14453551210
2020-01-16,14363325340
2020-01-17,14173376140
2020-01-21,13980261119
2020-01-22,13532297590
2020-01-23,13407247700
2020-01-24,13112826440
2020-01-27,12563556670
2020-01-28,12523983920
2020-01-29,12278632869
2020-01-30,12107678590
2020-01-31,11776850400
2020-02-03,11567906280
2020-02-04,11590067020
2020-02-05,12251723400
2020-02-06,12066522930
2020-02-07,11751523840
2020-02-10,11396952000
2020-02-11,11477680410
2020-02-12,11768935850
2020-02-13,11799011140
2020-02-14,11867076270
2020-02-18,11802176960
2020-02-19,12550893390
2020-02-20,12422677680
2020-02-21,12093432400
2020-02-24,11251324280
2020-02-25,10630823560
2020-02-26,9994493740
2020-02-27,9415148680
2020-02-28,9814042000
2020-03-02,9836202740
2020-03-03,9776052160
2020-03-04,9666831370
2020-03-05,9214119110
2020-03-06,7686610960
2020-03-09,4254862080
2020-03-10,4698076880
2020-03-11,4147224200
2020-03-12,4055415420
2020-03-13,4303932290
2020-03-16,3718255589
2020-03-17,3202226930
2020-03-18,2463007960
2020-03-19,2958458790
2020-03-20,2942629690
2020-03-23,3224387670
2020-03-24,3817978920
2020-03-25,3825893470
2020-03-26,4107651450
2020-03-27,3778406170
2020-03-30,3734084690
2020-03-31,4135119800
2020-04-01,3956773030
2020-04-02,4584932450
2020-04-03,4985818110
2020-04-06,5066310900
2020-04-07,5209935290
2020-04-08,5915430919
2020-04-09,5501918940
2020-04-13,5220983320
2020-04-14,4995287850
2020-04-15,4771170670
2020-04-16,4423946870
2020-04-17,4974770080
2020-04-20,4870602940
2020-04-21,4955830600
2020-04-22,5404064960
2020-04-23,5855455900
2020-04-24,5647121620
2020-04-27,5716566380
2020-04-28,5997502000
2020-04-29,6974463510
2020-04-30,6871874660
2020-05-01,6357352120
2020-05-04,6710889080
2020-05-05,6365243570
2020-05-06,6142704680
2020-05-07,6371556730
2020-05-08,6641444320
2020-05-11,6474145580
2020-05-12,6450471230
2020-05-13,5964357910
2020-05-14,6025911220
2020-05-15,6120608620
2020-05-18,6856091760
2020-05-19,6603565360
2020-05-20,6890814139
2020-05-21,6769285810
2020-05-22,6777177260
2020-05-26,7086522100
2020-05-27,6991824700
2020-05-28,6789803580
2020-05-29,6720358820
2020-06-01,6901862169
2020-06-02,7198580690
2020-06-03,7509503820
2020-06-04,7525286720
2020-06-05,8240252090
2020-06-08,9441330780
2020-06-09,8510139680
2020-06-10,7918280930
2020-06-11,7001294440
2020-06-12,7411649840
2020-06-15,7594731480
2020-06-16,7886715130
2020-06-17,7346939950
2020-06-18,7353253110
2020-06-19,7375349169
2020-06-22,7274338610
2020-06-23,7309060990
2020-06-24,6613035100
2020-06-25,6884500980
2020-06-26,6491506770
2020-06-29,6538855470
2020-06-30,6600576060
2020-07-01,6250186800
2020-07-02,6559539480
2020-07-06,6767879040
2020-07-07,6332259960
2020-07-08,6349621589
2020-07-09,5918737500
2020-07-10,6144438690
2020-07-13,5855604300
2020-07-14,6199680240
2020-07-15,6297536700
2020-07-16,6235981830
2020-07-17,6158643660
2020-07-20,6089197140
2020-07-21,6646347630
2020-07-22,6581636100
2020-07-23,6482201310
2020-07-24,6428538089
2020-07-27,6321211650
2020-07-28,6136547040
2020-07-29,6433273080
2020-07-30,6235981830
2020-07-31,6291223380
2020-08-03,6314898330
2020-08-04,6482201310
2020-08-05,6570587790
2020-08-06,6428538089
2020-08-07,6630564330
2020-08-10,7050400110
2020-08-11,7015676850
2020-08-12,7034616810
2020-08-13,7036195140
2020-08-14,7182979830
2020-08-17,7115111640
2020-08-18,7021990170
2020-08-19,6834168900
2020-08-20,6412754790
2020-08-21,6188631930
2020-08-24,6321211650
2020-08-25,6480622980
2020-08-26,6217041870
2020-08-27,6277018410
2020-08-28,6335416620
2020-08-31,6149173680
2020-09-01,6073413839
2020-09-02,5732494560
2020-09-03,5645686410
2020-09-04,5607806490
2020-09-08,5049077670
2020-09-09,5080644270
2020-09-10,4747616640
2020-09-11,4675013460
2020-09-14,4902292980
2020-09-15,4813906500
2020-09-16,5194284029
2020-09-17,5333177070
2020-09-18,5330020410
2020-09-21,5063282640
2020-09-22,4989101130
2020-09-23,4719206700
2020-09-24,4733411670
2020-09-25,4719206700
2020-09-28,4970161170
2020-09-29,4924389600
2020-09-30,4757329724
2020-10-01,4594645474
2020-10-02,4812610780
2020-10-05,4875789130
2020-10-06,4613598979
2020-10-07,4654664906
2020-10-08,4915275598
2020-10-09,4847358873
2020-10-12,4927911268
2020-10-13,4803134028
2020-10-14,4815769698
2020-10-15,4837882120
2020-10-16,4626234649
2020-10-19,4428802306
2020-10-20,4493560115
2020-10-21,4376680168
2020-10-22,4607281144
2020-10-23,4585168722
2020-10-26,4348249911
2020-10-27,4196621872
2020-10-28,3885468500
2020-10-29,4033937621
2020-10-30,4100274889
2020-11-02,4376680168
2020-11-03,4441437976
2020-11-04,4283492102
2020-11-05,4138181898
2020-11-06,3907580922
2020-11-09,5117446317
2020-11-10,5327514330
2020-11-11,5188521960
2020-11-12,5000566370
2020-11-13,5306981366
2020-11-16,5674995252
2020-11-17,5892960558
2020-11-18,5960877284
2020-11-19,6229385270
2020-11-20,6292563620
2020-11-23,7027011934
2020-11-24,7445568500
2020-11-25,7169163220
2020-11-27,6873804436
2020-11-30,6311517125
2020-12-01,6294143078
2020-12-02,6399966814
2020-12-03,6619511579
2020-12-04,7458204170
2020-12-07,7208649689
2020-12-08,7287622626
2020-12-09,7475578216
2020-12-10,7887816947
2020-12-11,7914667746
2020-12-14,7415558784
2020-12-15,7606673291
2020-12-16,7526120896
2020-12-17,7485054968
2020-12-18,7240238864
2020-12-21,7110723247
2020-12-22,6957515749
2020-12-23,7549812777
2020-12-24,7620888420
2020-12-28,7522961978
2020-12-29,7423456078
2020-12-30,7781993211
2020-12-31,7945779600
2021-01-04,8034430860
2021-01-05,8810950230
2021-01-06,9245998080
2021-01-07,9323157510
2021-01-08,9318232440
2021-01-11,9571052700
2021-01-12,10321305030
2021-01-13,10102960260
2021-01-14,10166986170
2021-01-15,9725371560
2021-01-19,9853423380
2021-01-20,9951924780
2021-01-21,9978191820
2021-01-22,10464132060
2021-01-25,10068484770
2021-01-26,9786114090
2021-01-27,9290323710
2021-01-28,9901032390
2021-01-29,9306740610
2021-02-01,9518518620
2021-02-02,9590752980
2021-02-03,10437865020
2021-02-04,10728444150
2021-02-05,10580692050
2021-02-08,11316169170
2021-02-09,10994397930
2021-02-10,11307960720
2021-02-11,11125733130
2021-02-12,11347361280
2021-02-16,11322735930
2021-02-17,11301393960
2021-02-18,10693968660
2021-02-19,10764561329
2021-02-22,11229159600
2021-02-23,11657640690
2021-02-24,12115672200
2021-02-25,11337511140
2021-02-26,11373628320
2021-03-01,12092688540
2021-03-02,11657640690
2021-03-03,12220740360
2021-03-04,13340372940
2021-03-05,13998690630
2021-03-08,13818104730
2021-03-09,13302614070
2021-03-10,13287838860
2021-03-11,13796762760
2021-03-12,13463499690
2021-03-15,13837805010
2021-03-16,13476633210
2021-03-17,13364998290
2021-03-18,12340583730
2021-03-19,12445651890
2021-03-22,12363567390
2021-03-23,11841509970
2021-03-24,12212531910
2021-03-25,12115672200
2021-03-26,12442368510
2021-03-29,12187906560
2021-03-30,12227307120
2021-03-31,13302351410
2021-04-01,14701550980
2021-04-05,13648078600
2021-04-06,13658939139
2021-04-07,13812796790
2021-04-08,13611876800
2021-04-09,13539473200
2021-04-12,13372944920
2021-04-13,13713241840
2021-04-14,14542263060
2021-04-15,14314191720
2021-04-16,14035437860
2021-04-19,14058969030
2021-04-20,13443538430
2021-04-21,13622737340
2021-04-22,13626357520
2021-04-23,13780215170
2021-04-26,14020957139
2021-04-27,14357633879
2021-04-28,15146833120
2021-04-29,15266299060
2021-04-30,14793865570
2021-05-03,15190275280
2021-05-04,14335912800
2021-05-05,15045468080
2021-05-06,14887990250
2021-05-07,15242767889
2021-05-10,14980304840
2021-05-11,14444518200
2021-05-12,14386595320
2021-05-13,13792885800
2021-05-14,14245408300
2021-05-17,14545883240
2021-05-18,14480720000
2021-05-19,14104221280
2021-05-20,13852618770
2021-05-21,13812796790
2021-05-24,13991995700
2021-05-25,13662559320
2021-05-26,14171194610
2021-05-27,14361254060
2021-05-28,14493390629
2021-06-01,15677189490
2021-06-02,15646417960
2021-06-03,15660898680
2021-06-04,15534192379
2021-06-07,15782174710
2021-06-08,16225646760
2021-06-09,15979474520
2021-06-10,15745972910
2021-06-11,15796655430
2021-06-14,15646417960
2021-06-15,16444667649
2021-06-16,16357783330
2021-06-17,15727872010
2021-06-18,15599355620
2021-06-21,16562323500
2021-06-22,16531551970
2021-06-23,16636537190
2021-06-24,17060098250
2021-06-25,17432976790
2021-06-28,16737902230
2021-06-29,16765053580
2021-06-30,16996625030
2021-07-01,18030289200
2021-07-02,17751507620
2021-07-06,16504231590
2021-07-07,15928565730
2021-07-08,15964771130
2021-07-09,16187434340
2021-07-12,16261655410
2021-07-13,16299671080
2021-07-14,15311263660
2021-07-15,14797146980
2021-07-16,14185275720
2021-07-19,13249366130
2021-07-20,13562542840
2021-07-21,14362682180
2021-07-22,14241394090
2021-07-23,14163552480
2021-07-26,14527416750
2021-07-27,14219670850
2021-07-28,14406128660
2021-07-29,14398887580
2021-07-30,13962612510
2021-08-02,13893822250
2021-08-03,14578104310
2021-08-04,13834083340
2021-08-05,14451385410
2021-08-06,14491211350
2021-08-09,13980715210
2021-08-10,14141829240
2021-08-11,14302943270
2021-08-12,14368112990
2021-08-13,13692882280
2021-08-16,13131698580
2021-08-17,13012220760
2021-08-18,12637494870
2021-08-19,12288112760
2021-08-20,12342420860
2021-08-23,13070149400
2021-08-24,13432203400
2021-08-25,13578835270
2021-08-26,13229453160
2021-08-27,13875719550
2021-08-30,13808739560
2021-08-31,13964422780
2021-09-01,13424962320
2021-09-02,13861237389
2021-09-03,13678400120
2021-09-07,13564353110
2021-09-08,13522716900
2021-09-09,13696502820
2021-09-10,13584266080
2021-09-13,14083900600
2021-09-14,13700123360
2021-09-15,14768182660
2021-09-16,14494831889
2021-09-17,14956450740
2021-09-20,14321045970
2021-09-21,14489401080
2021-09-22,15275058260
2021-09-23,15905032220
2021-09-24,16060715440
2021-09-27,17284457960
2021-09-28,17193944460
2021-09-29,17387643350
2021-09-30,17054137810
2021-10-01,17808936980
2021-10-04,18623183340
2021-10-05,18763694880
2021-10-06,18754687730
2021-10-07,18936632160
2021-10-08,19797715700
2021-10-11,19947234390
2021-10-12,19815730000
2021-10-13,19489671170
2021-10-14,19604962690
2021-10-15,19505884040
2021-10-18,19682424180
2021-10-19,19985064420
2021-10-20,20022894450
2021-10-21,19622976990
2021-10-22,19695034190
2021-10-25,19709445630
2021-10-26,20120171670
2021-10-27,19379783940
2021-10-28,19637388430
2021-10-29,19309528170
2021-11-01,20105760230
2021-11-02,20617366350
2021-11-03,20141788830
2021-11-04,20312924680
2021-11-05,20498471970
2021-11-08,20844346530
2021-11-09,20354357570
2021-11-10,19304123880
2021-11-11,19594154110
2021-11-12,19806722850
2021-11-15,20026497310
2021-11-16,19848155740
2021-11-17,19318535320
2021-11-18,19448238280
2021-11-19,18405210310
2021-11-22,18999682210
2021-11-23,19849957170
2021-11-24,20572330600
2021-11-26,19361769640
2021-11-29,19803119990
2021-11-30,19226662390
2021-12-01,18554729000
2021-12-02,19172619490
2021-12-03,19095158000
2021-12-06,19496876890
2021-12-07,20822729370
2021-12-08,20469649090
2021-12-09,19875177190
2021-12-10,20028298740
2021-12-13,19205045230
2021-12-14,18747482010
2021-12-15,18689836250
2021-12-16,18969057900
2021-12-17,18452047490
2021-12-20,17855774160
2021-12-21,18897000700
2021-12-22,19039313670
2021-12-23,19084349420
2021-12-27,20021093020
2021-12-28,19844552880
2021-12-29,19583345530
2021-12-30,19331145330
2021-12-31,19150385250
2022-01-03,19858869600
2022-01-04,21165748000
2022-01-05,20972202150
2022-01-06,21955912250
2022-01-07,21577698800
2022-01-10,21547512750
2022-01-11,22081983400
2022-01-12,22119272050
2022-01-13,22032265200
2022-01-14,22943173650
2022-01-18,22362536100
2022-01-19,22321696150
2022-01-20,21646949150
2022-01-21,20950894350
2022-01-24,21204812300
2022-01-25,22547203700
2022-01-26,22621781000
2022-01-27,22841961599
2022-01-28,22856166800
2022-01-31,22401600400
2022-02-01,23120738650
2022-02-02,23255688050
2022-02-03,22975135349
2022-02-04,23449233900
2022-02-07,23115411700
2022-02-08,22083759050
2022-02-09,22884577200
2022-02-10,23158027299
2022-02-11,24072487050
2022-02-14,23166905550
2022-02-15,22707012200
2022-02-16,23051488300
2022-02-17,23028404850
2022-02-18,23344470550
2022-02-22,22733646950
2022-02-23,23005321400
2022-02-24,22708787850
2022-02-25,23664087550
2022-02-28,24521726500
2022-03-01,24296218950
2022-03-02,24267808549
2022-03-03,23815017800
2022-03-04,24468457000
2022-03-07,23871838600
2022-03-08,23871838600
2022-03-09,23092328250
2022-03-10,23806139550
2022-03-11,23024853549
2022-03-14,22406927350
2022-03-15,22117496400
2022-03-16,22307490950
2022-03-17,23772402200
2022-03-18,23340919249
2022-03-21,24837792200
2022-03-22,24388552750
2022-03-23,25327871599
2022-03-24,25425532350
2022-03-25,26015048150
2022-03-28,24983395499
2022-03-29,24633592450
2022-03-30,24708169750
2022-03-31,24204215600
2022-04-01,24444350800
2022-04-04,24647406300
2022-04-05,23921703600
2022-04-06,23847544200
2022-04-07,24181261499
2022-04-08,25071174300
2022-04-11,23856372700
2022-04-12,24575012600
2022-04-13,24779833800
2022-04-14,24444350800
2022-04-18,24719800000
2022-04-19,24352534399
2022-04-20,25055283000
2022-04-21,24251889500
2022-04-22,22971757000
2022-04-25,22216037400
2022-04-26,22140112300
2022-04-27,22360824800
2022-04-28,22860517900
2022-04-29,22288431100
2022-05-02,22512675000
2022-05-03,24032942700
2022-05-04,25159459300
2022-05-05,24470836300
2022-05-06,25237150100
2022-05-09,22864049300
2022-05-10,22925848800
2022-05-11,22118923900
2022-05-12,22431452800
2022-05-13,23559735100
2022-05-16,23183641000
2022-05-17,23210126499
2022-05-18,22664525200
2022-05-19,22922317400
2022-05-20,23003539600
2022-05-23,24032942700
2022-05-24,23974674600
2022-05-25,25028797500
2022-05-26,25855145100
2022-05-27,26955176200
2022-05-31,26842171400
2022-06-01,26995787299
2022-06-02,27174123000
2022-06-03,27308316200
2022-06-06,27511371700
2022-06-07,28321828000
2022-06-08,28305936700
2022-06-09,27868043100
2022-06-10,27454869300
2022-06-13,26097046000
2022-06-14,26420169100
2022-06-15,25913413200
2022-06-16,23603877600
2022-06-17,21592745300
2022-06-21,23356679600
2022-06-22,22265477000
2022-06-23,21054206800
2022-06-24,21135429000
2022-06-27,21963542300
2022-06-28,22918786000
2022-06-29,21596276700
2022-06-30,21129286900
2022-07-01,21139751260
2022-07-05,19906700840
2022-07-06,19233493680
2022-07-07,20283417800
2022-07-08,20288649980
2022-07-11,19950302340
2022-07-12,19256166460
2022-07-13,19287559540
2022-07-14,18610864260
2022-07-15,19034670840
2022-07-18,19624163120
2022-07-19,20325275240
2022-07-20,20714200620
2022-07-21,20225863820
2022-07-22,19782872580
2022-07-25,20926975940
2022-07-26,20628741680
2022-07-27,21502515740
2022-07-28,21558325660
2022-07-29,22327456120
2022-08-01,21961203520
2022-08-02,22243741240
2022-08-03,21169400280
2022-08-04,20309578700
2022-08-05,21167656220
2022-08-08,21476354840
2022-08-09,21720523240
2022-08-10,21982132240
2022-08-11,23157628680
2022-08-12,23218670780
2022-08-15,22311759580
2022-08-16,21903649540
2022-08-17,21935042620
2022-08-18,22684988420
2022-08-19,22740798339
2022-08-22,22878579080
2022-08-23,23565738720
2022-08-24,23832579900
2022-08-25,23768049680
2022-08-26,23358195580
2022-08-29,24287779560
2022-08-30,23382612420
2022-08-31,23244831680
2022-09-01,22725101800
2022-09-02,23347731220
2022-09-06,23372148060
2022-09-07,22946597420
2022-09-08,23054729140
2022-09-09,23548298120
2022-09-12,23958152220
2022-09-13,23494232260
2022-09-14,24446489019
2022-09-15,23480279780
2022-09-16,23129723720
2022-09-19,22834977580
2022-09-20,22810560740
2022-09-21,22463492800
2022-09-22,22069335240
2022-09-23,20091571200
2022-09-26,19395691260
2022-09-27,19793336940
2022-09-28,20824076400
2022-09-29,21087429460
2022-09-30,21398514400
2022-10-03,23007932800
2022-10-04,24212332000
2022-10-05,24757686800
2022-10-06,25283501200
2022-10-07,25301265200
2022-10-10,24924668400
2022-10-11,24757686800
2022-10-12,25077438799
2022-10-13,25807539200
2022-10-14,24755910400
2022-10-17,24773674400
2022-10-18,25198234000
2022-10-19,25940769200
2022-10-20,26040247600
2022-10-21,27058124800
2022-10-24,27225106400
2022-10-25,27242870400
2022-10-26,27601703200
2022-10-27,27241094000
2022-10-28,27324584800
2022-10-31,27909020400
2022-11-01,28179033200
2022-11-02,27504001200
2022-11-03,28161269200
2022-11-04,28665766800
2022-11-07,29042363600
2022-11-08,29053022000
2022-11-09,27987182000
2022-11-10,28472139200
2022-11-11,29195134000
2022-11-14,29056574800
2022-11-15,29671209200
2022-11-16,28241207200
2022-11-17,28738599200
2022-11-18,27750920800
2022-11-21,26644223600
2022-11-22,26901801600
2022-11-23,26644223600
2022-11-25,26525204800
2022-11-28,25532197200
2022-11-29,26066893600
2022-11-30,26294272800
2022-12-01,25704507999
2022-12-02,25839514400
2022-12-05,25224880000
2022-12-06,24551624400
2022-12-07,24258518400
2022-12-08,23604803200
2022-12-09,23022144000
2022-12-12,23841064400
2022-12-13,24215884800
2022-12-14,24308257600
2022-12-15,24404183200
2022-12-16,23860604800
2022-12-19,23729151200
2022-12-20,23970741600
2022-12-21,24336680000
2022-12-22,23604803200
2022-12-23,24342009200
2022-12-27,24439711200
2022-12-28,23887250800
2022-12-29,24208779200
2022-12-30,24297599200
2023-01-03,23909583440
2023-01-04,23771272560
2023-01-05,24393671520
2023-01-06,25139822319
2023-01-09,25749482120
2023-01-10,25833196599
2023-01-11,25885973120
2023-01-12,26448316040
2023-01-13,26431937120
2023-01-17,26521111240
2023-01-18,26224470800
2023-01-19,26648502840
2023-01-20,26852329400
2023-01-23,27179907800
2023-01-24,26795913120
2023-01-25,26766795040
2023-01-26,27278181319
2023-01-27,27472908480
2023-01-30,26450135920
2023-01-31,26592086560
2023-02-01,26087979800
2023-02-02,25036089160
2023-02-03,25187139200
2023-02-06,24954194560
2023-02-07,26126197280
2023-02-08,26259048520
2023-02-09,25745842360
2023-02-10,27168988520
2023-02-13,26976081240
2023-02-14,27274541560
2023-02-15,26504732319
2023-02-16,25798618880
2023-02-17,24510143840
2023-02-21,24424609480
2023-02-22,24985132520
2023-02-23,25769500800
2023-02-24,25911451440
2023-02-27,26271787680
2023-02-28,25583873040
2023-03-01,26319104560
2023-03-02,26235390080
2023-03-03,26708558880
2023-03-06,26124377400
2023-03-07,25976967120
2023-03-08,25931470120
2023-03-09,25467400720
2023-03-10,24733989080
2023-03-13,23938701520
2023-03-14,24138888319
2023-03-15,22337207120
2023-03-16,22844953640
2023-03-17,22406362560
2023-03-20,22859512680
2023-03-21,23771272560
2023-03-22,23287184480
2023-03-23,23045140440
2023-03-24,22824934960
2023-03-27,23396377280
2023-03-28,23787651480
2023-03-29,24166186520
2023-03-30,24259000400
2023-03-31,24381018409
2023-04-03,26051272390
2023-04-04,25549835450
2023-04-05,25789731540
2023-04-06,25351425150
2023-04-10,25827609870
2023-04-11,26184748409
2023-04-12,26155888730
2023-04-13,26287561020
2023-04-14,26467934020
2023-04-17,26081935800
2023-04-18,26096365640
2023-04-19,25914188909
2023-04-20,25602143620
2023-04-21,25448826570
2023-04-24,25881721770
2023-04-25,25131370090
2023-04-26,24698474890
2023-04-27,24902296380
2023-04-28,25649040599
2023-05-01,25600339890
2023-05-02,24359373650
2023-05-03,23228434940
2023-05-04,22725194270
2023-05-05,23953534400
2023-05-08,23915656070
2023-05-09,23973375430
2023-05-10,23536872770
2023-05-11,23026417180
2023-05-12,23087744000
2023-05-15,23260902080
2023-05-16,22521372780
2023-05-17,23011987340
2023-05-18,23221220020
2023-05-19,23488172060
2023-05-22,23890403849
2023-05-23,23976982890
2023-05-24,24238523740
2023-05-25,23628863000
2023-05-26,23627059270
2023-05-30,23356499770
2023-05-31,22934426950
2023-06-01,23105781300
2023-06-02,23691993550
2023-06-05,23506209360
2023-06-06,23621648080
2023-06-07,24202449140
2023-06-08,24050935820
2023-06-09,23859740440
2023-06-12,23401593020
2023-06-13,23459312380
2023-06-14,22867688940
2023-06-15,22846044180
2023-06-16,23221220020
2023-06-20,22901959810
2023-06-21,23028220910
2023-06-22,22699942050
2023-06-23,22618774200
2023-06-26,22947053060
2023-06-27,22965090360
2023-06-28,23197771530
2023-06-29,23450293730
2023-06-30,23496625920
2023-07-03,23602160399
2023-07-05,23360683200
2023-07-06,22747152240
2023-07-07,23682652800
2023-07-10,23984946480
2023-07-11,24530506079
2023-07-12,24954432720
2023-07-13,24936545520
2023-07-14,24265775520
2023-07-17,24231789840
2023-07-18,24829222320
2023-07-19,24845320800
2023-07-20,25045657440
2023-07-21,25263881280
2023-07-24,25838060399
2023-07-25,26122466880
2023-07-26,25934651280
2023-07-27,25820173200
2023-07-28,26050918079
2023-07-31,26351423040
2023-08-01,26451591360
2023-08-02,26256620880
2023-08-03,26546393520
2023-08-04,26575013040
2023-08-07,26578590480
2023-08-08,26687702399
2023-08-09,26907714960
2023-08-10,26777138399
2023-08-11,26769983520
2023-08-14,26641195680
2023-08-15,26367521520
2023-08-16,26279874239
2023-08-17,26385408720
2023-08-18,26480210880
2023-08-21,26553548399
2023-08-22,26526717600
2023-08-23,26512407840
2023-08-24,26653716720
2023-08-25,26750307600
2023-08-28,26952432960
2023-08-29,27043657680
2023-08-30,27065122320
2023-08-31,27149192160
2023-09-01,27664343520
2023-09-05,27580273680
2023-09-06,27921919200
2023-09-07,27701906640
2023-09-08,27909398160
2023-09-11,27288712320
2023-09-12,27959482320
2023-09-13,27866468880
2023-09-14,28247466239
2023-09-15,27859314000
2023-09-18,27950538720
2023-09-19,27794920079
2023-09-20,27347740079
2023-09-21,27074065920
2023-09-22,26932757040
2023-09-25,27303022079
2023-09-26,27378148320
2023-09-27,28124044560
2023-09-28,28107946079
2023-09-29,27703695360
2023-10-02,26857412199
2023-10-03,26980791789
2023-10-04,26018788610
2023-10-05,25949052320
2023-10-06,27041587530
2023-10-09,27978557170
2023-10-10,27962464180
2023-10-11,28404127350
2023-10-12,29031753960
2023-10-13,29784548270
2023-10-16,29934749510
2023-10-17,30124289170
2023-10-18,30383565119
2023-10-19,30204754119
2023-10-20,29768455280
2023-10-23,29561034520
2023-10-24,29192683860
2023-10-25,29446595480
2023-10-26,28917314920
2023-10-27,28618700550
2023-10-30,28329026730
2023-10-31,28666979520
2023-11-01,28504261510
2023-11-02,29189107640
2023-11-03,28985263100
2023-11-06,28634793539
2023-11-07,28393398690
2023-11-08,27889151670
2023-11-09,27819415380
2023-11-10,28200282810
2023-11-13,28284323980
2023-11-14,28459558760
2023-11-15,27856965690
2023-11-16,27268677500
2023-11-17,27921337650
2023-11-20,27921337650
2023-11-21,27731797990
2023-11-22,27565503760
2023-11-24,27649544930
2023-11-27,27540470220
2023-11-28,27535105890
2023-11-29,27499343690
2023-11-30,27610206510
2023-12-01,27585172970
2023-12-04,27511860460
2023-12-05,26848471650
2023-12-06,26192235280
2023-12-07,26390715490
2023-12-08,26594560030
2023-12-11,26739396940
2023-12-12,26442570680
2023-12-13,26725092060
2023-12-14,27436759840
2023-12-15,27377752210
2023-12-18,27828355930
2023-12-19,28100148650
2023-12-20,27864118130
2023-12-21,27941006860
2023-12-22,27964252289
2023-12-26,28430949000
2023-12-27,28268230990
2023-12-28,27774712630
2023-12-29,27730009880
2024-01-02,28022678009
2024-01-03,28586665414
2024-01-04,27810290347
2024-01-05,27833492360
2024-01-08,27799581725
2024-01-09,27264150644
2024-01-10,27014282806
2024-01-11,27019637117
2024-01-12,27456905833
2024-01-16,26978587401
2024-01-17,26732289104
2024-01-18,26725150022
2024-01-19,26960739698
2024-01-22,27117799482
2024-01-23,27033915279
2024-01-24,27342680536
2024-01-25,27899528860
2024-01-26,27885250698
2024-01-29,27638952401
2024-01-30,28008399847
2024-01-31,27439058130
2024-02-01,27257011563
2024-02-02,26810818995
2024-02-05,26703732779
2024-02-06,27126723333
2024-02-07,27030345739
2024-02-08,27392654103
2024-02-09,27082104076
2024-02-12,29623616941
2024-02-13,29555795671
2024-02-14,30316107806
2024-02-15,31861718860
2024-02-16,32022348184
2024-02-20,31779619427
2024-02-21,32081245603
2024-02-22,31542244981
2024-02-23,31476208481
2024-02-26,31610066251
2024-02-27,31759986954
2024-02-28,32083030373
2024-02-29,32575626968
2024-03-01,33048591089
2024-03-04,31927755360
2024-03-05,32136573481
2024-03-06,32336467751
2024-03-07,32627385305
2024-03-08,32713054278
2024-03-11,32929011481
2024-03-12,32932581022
2024-03-13,33475151184
2024-03-14,33821396616
2024-03-15,33899926508
2024-03-18,33921343751
2024-03-19,34378244940
2024-03-20,34428218508
2024-03-21,34695934048
2024-03-22,34749477156
2024-03-25,35086798737
2024-03-26,34669162494
2024-03-27,35076090116
2024-03-28,35368792440
2024-04-01,35597243035
2024-04-02,35761441899
2024-04-03,36270101426
2024-04-04,35882806278
2024-04-05,36466426156
2024-04-08,36867999467
2024-04-09,36682383359
2024-04-10,36807317278
2024-04-11,37169625643
2024-04-12,36826949751
2024-04-15,36650257494
2024-04-16,36400389656
2024-04-17,35900653981
2024-04-18,35624014589
2024-04-19,35827478399
2024-04-22,36155876129
2024-04-23,36475350007
2024-04-24,36630625021
2024-04-25,36962592291
2024-04-26,37080387129
2024-04-29,36741280778
2024-04-30,35897084440
2024-05-01,34983282062
2024-05-02,35272414846
2024-05-03,35963120940
2024-05-06,36443224143
2024-05-07,36352200859
2024-05-08,36270101426
2024-05-09,36359339940
2024-05-10,36086264630
2024-05-13,35832827290
2024-05-14,35347369850
2024-05-15,35113564980
2024-05-16,34729839430
2024-05-17,35279548590
2024-05-20,35308104910
2024-05-21,35081439120
2024-05-22,34328266180
2024-05-23,34260444920
2024-05-24,34528160420
2024-05-28,35295611520
2024-05-29,34806584540
2024-05-30,35220651180
2024-05-31,35563327020
2024-06-03,34037348670
2024-06-04,33771417940
2024-06-05,33766063630
2024-06-06,34096246080
2024-06-07,33964173100
2024-06-10,34619183690
2024-06-11,34565640590
2024-06-12,34562071050
2024-06-13,33973096950
2024-06-14,33191367690
2024-06-17,33475146120
2024-06-18,33708950990
2024-06-20,34397872210
2024-06-21,34067689760
2024-06-24,35343800310
2024-06-25,35317028760
2024-06-26,35152829920
2024-06-27,35550833630
2024-06-28,35729310630
2024-07-01,36357549670
2024-07-02,36569937300
2024-07-03,36932245610
2024-07-05,36325423810
2024-07-08,36293297950
2024-07-09,36159440200
2024-07-10,36121960030
2024-07-11,36975080090
2024-07-12,36439649090
2024-07-15,37646153610
2024-07-16,37312401620
2024-07-17,37647938380
2024-07-18,37485524310
2024-07-19,36671669190
2024-07-22,36530672360
2024-07-23,35402697720
2024-07-24,35486581910
2024-07-25,35659704600
2024-07-26,35831042520
2024-07-29,35386634790
2024-07-30,35352724160
2024-07-31,36107681870
2024-08-01,35377710940
2024-08-02,33720741600
2024-08-05,33028704800
2024-08-06,33834891999
2024-08-07,34134536800
2024-08-08,35224316400
2024-08-09,35630977200
