,IQV
2013-05-09,5167275990
2013-05-10,5201634510
2013-05-13,5315753880
2013-05-14,5451960870
2013-05-15,5583259500
2013-05-16,5626207650
2013-05-17,5585713680
2013-05-20,5568534420
2013-05-21,5528040450
2013-05-22,5478956850
2013-05-23,5521905000
2013-05-24,5525586270
2013-05-28,5574669870
2013-05-29,5456869230
2013-05-30,5429873250
2013-05-31,5404104360
2013-06-03,5470367220
2013-06-04,5299801710
2013-06-05,5258080650
2013-06-06,5304710070
2013-06-07,5272805730
2013-06-10,5355020760
2013-06-11,5393060550
2013-06-12,5276487000
2013-06-13,5264216100
2013-06-14,5287530810
2013-06-17,5341522770
2013-06-18,5385698010
2013-06-19,5373427110
2013-06-20,5318208060
2013-06-21,5422510710
2013-06-24,5315753880
2013-06-25,5276487000
2013-06-26,5156232180
2013-06-27,5194271970
2013-06-28,5222495040
2013-07-01,5537242850
2013-07-02,5551424380
2013-07-03,5623621260
2013-07-05,5574630520
2013-07-08,5663587390
2013-07-09,5632645870
2013-07-10,5622332030
2013-07-11,5578498210
2013-07-12,5608150500
2013-07-15,5627488950
2013-07-16,5639092020
2013-07-17,5650695090
2013-07-18,5677768920
2013-07-19,5681636610
2013-07-22,5746098110
2013-07-23,5713867360
2013-07-24,5610728960
2013-07-25,5605572040
2013-07-26,5578498210
2013-07-29,5604282810
2013-07-30,5593968970
2013-07-31,5782196550
2013-08-01,5967845670
2013-08-02,5829898060
2013-08-05,5844079590
2013-08-06,5924011850
2013-08-07,5871153420
2013-08-08,5850525740
2013-08-09,5884045720
2013-08-12,5876310340
2013-08-13,5850525740
2013-08-14,5840211900
2013-08-15,5769304250
2013-08-16,5693239680
2013-08-19,5713867360
2013-08-20,5709999670
2013-08-21,5672612000
2013-08-22,5628778180
2013-08-23,5612018190
2013-08-26,5599125890
2013-08-27,5559159760
2013-08-28,5670033540
2013-08-29,5659719700
2013-08-30,5577208980
2013-09-03,5556581300
2013-09-04,5573341290
2013-09-05,5568184370
2013-09-06,5520482860
2013-09-09,5563027450
2013-09-10,5642959710
2013-09-11,5637802790
2013-09-12,5733205810
2013-09-13,5720313510
2013-09-16,5730627350
2013-09-17,5771882710
2013-09-18,5813138070
2013-09-19,5672612000
2013-09-20,5765436560
2013-09-23,5783485780
2013-09-24,5770593480
2013-09-25,5761568870
2013-09-26,5814427300
2013-09-27,5792510390
2013-09-30,5797912560
2013-10-01,5770783290
2013-10-02,5689395480
2013-10-03,5587337750
2013-10-04,5681644260
2013-10-07,5496906850
2013-10-08,5371595460
2013-10-09,5454275140
2013-10-10,5499490590
2013-10-11,5455567010
2013-10-14,5428437740
2013-10-15,5424562130
2013-10-16,5570543440
2013-10-17,5623510110
2013-10-18,5675184910
2013-10-21,5681644260
2013-10-22,5698438570
2013-10-23,5659682470
2013-10-24,5755280850
2013-10-25,5724275970
2013-10-28,5671309300
2013-10-29,5654514990
2013-10-30,5604132060
2013-10-31,5424562130
2013-11-01,5610591410
2013-11-04,5710065400
2013-11-05,5695854830
2013-11-06,5684228000
2013-11-07,5690687350
2013-11-08,5695854830
2013-11-11,5681644260
2013-11-12,5702314180
2013-11-13,5732027190
2013-11-14,5680352390
2013-11-15,5681644260
2013-11-18,5595088970
2013-11-19,5536954820
2013-11-20,5539538560
2013-11-21,5587337750
2013-11-22,5569251570
2013-11-25,5516284900
2013-11-26,5555041000
2013-11-27,5553749130
2013-11-29,5579586530
2013-12-02,5527911730
2013-12-03,5471069450
2013-12-04,5418102780
2013-12-05,5409059690
2013-12-06,5429729610
2013-12-09,5521452380
2013-12-10,5649347510
2013-12-11,5654514990
2013-12-12,5822458090
2013-12-13,5809539390
2013-12-16,5832793050
2013-12-17,5841836140
2013-12-18,5901262160
2013-12-19,5834084920
2013-12-20,5867673540
2013-12-23,5968439400
2013-12-24,5994276800
2013-12-26,6004611760
2013-12-27,5994276800
2013-12-30,6000736150
2013-12-31,6019473320
2014-01-02,5949328400
2014-01-03,6012978420
2014-01-06,5979204940
2014-01-07,6077927420
2014-01-08,6159763160
2014-01-09,6214320320
2014-01-10,6314341780
2014-01-13,6385785680
2014-01-14,6365002000
2014-01-15,6429951000
2014-01-16,6466322440
2014-01-17,6362404040
2014-01-21,6254588700
2014-01-22,6236402980
2014-01-23,6201330520
2014-01-24,6002586580
2014-01-27,6045452920
2014-01-28,6144175400
2014-01-29,6031164140
2014-01-30,6196134600
2014-01-31,6187041740
2014-02-03,6031164140
2014-02-04,6054545780
2014-02-05,6283166260
2014-02-06,6365002000
2014-02-07,6264980540
2014-02-10,6314341780
2014-02-11,6384486700
2014-02-12,6422157120
2014-02-13,6780675600
2014-02-14,6904078700
2014-02-18,6984615460
2014-02-19,7136596120
2014-02-20,7084636920
2014-02-21,7005399140
2014-02-24,6966429740
2014-02-25,6918367480
2014-02-26,6965130760
2014-02-27,6949543000
2014-02-28,7033976700
2014-03-03,6867707260
2014-03-04,7022285880
2014-03-05,7030079760
2014-03-06,7076843040
2014-03-07,7028780780
2014-03-10,7053461400
2014-03-11,6859913380
2014-03-12,6861212360
2014-03-13,6655973520
2014-03-14,6776778660
2014-03-17,6813150100
2014-03-18,6879398080
2014-03-19,6848222560
2014-03-20,6874202160
2014-03-21,6627395960
2014-03-24,6552055120
2014-03-25,6468920400
2014-03-26,6496198980
2014-03-27,6502693880
2014-03-28,6491003060
2014-03-31,6548263830
2014-04-01,6592116690
2014-04-02,6586957530
2014-04-03,6570190260
2014-04-04,6463137690
2014-04-07,6411546090
2014-04-08,6584377950
2014-04-09,6621781860
2014-04-10,6629520600
2014-04-11,6485064120
2014-04-14,6519888450
2014-04-15,6535365930
2014-04-16,6526337400
2014-04-17,6477325380
2014-04-21,6536655720
2014-04-22,6442501050
2014-04-23,6380591130
2014-04-24,6441211260
2014-04-25,6370272810
2014-04-28,6129082080
2014-04-29,6136820820
2014-04-30,6078780270
2014-05-01,6289016040
2014-05-02,6103286280
2014-05-05,6060723210
2014-05-06,6029768250
2014-05-07,6107155650
2014-05-08,6060723210
2014-05-09,6131661660
2014-05-12,6174224730
2014-05-13,6126502500
2014-05-14,6160037040
2014-05-15,6348346380
2014-05-16,6397358400
2014-05-19,6424443990
2014-05-20,6500541600
2014-05-21,6531496560
2014-05-22,6563741310
2014-05-23,6608883960
2014-05-27,6611463540
2014-05-28,6561161730
2014-05-29,6561161730
2014-05-30,6575349420
2014-06-02,6590826900
2014-06-03,6634679760
2014-06-04,6788164770
2014-06-05,6811380990
2014-06-06,6834597210
2014-06-09,6833307420
2014-06-10,6793323930
2014-06-11,6750760860
2014-06-12,6724965060
2014-06-13,6656606190
2014-06-16,6584377950
2014-06-17,6610173750
2014-06-18,6610173750
2014-06-19,6826858470
2014-06-20,6878450070
2014-06-23,6829438050
2014-06-24,6820409520
2014-06-25,6795903510
2014-06-26,6743022120
2014-06-27,6696589680
2014-06-30,6792449980
2014-07-01,6826864720
2014-07-02,6936482040
2014-07-03,7005311520
2014-07-07,7048648600
2014-07-08,7000213040
2014-07-09,7016783100
2014-07-10,7080514100
2014-07-11,7060120180
2014-07-14,7012959240
2014-07-15,7023156200
2014-07-16,6997663800
2014-07-17,6944129760
2014-07-18,7037177020
2014-07-21,7044824740
2014-07-22,7006586140
2014-07-23,7010410000
2014-07-24,6990016080
2014-07-25,7009135380
2014-07-28,6984917600
2014-07-29,7130224280
2014-07-30,7242390840
2014-07-31,7001487660
2014-08-01,7015508480
2014-08-04,7062669420
2014-08-05,7077964860
2014-08-06,7018057720
2014-08-07,7107281120
2014-08-08,7118752700
2014-08-11,7130224280
2014-08-12,7150618200
2014-08-13,7187582180
2014-08-14,7287002540
2014-08-15,7267883240
2014-08-18,7275530960
2014-08-19,7154442060
2014-08-20,7144245100
2014-08-21,7181209080
2014-08-22,7104731880
2014-08-25,7072866380
2014-08-26,7118752700
2014-08-27,7234743120
2014-08-28,7183758320
2014-08-29,7153167440
2014-09-02,7122576560
2014-09-03,7135322760
2014-09-04,7172286740
2014-09-05,7098358780
2014-09-08,7132773520
2014-09-09,7079239480
2014-09-10,7201603000
2014-09-11,7478195540
2014-09-12,7337987340
2014-09-15,7297199500
2014-09-16,7285727920
2014-09-17,7165913640
2014-09-18,7265334000
2014-09-19,7306121840
2014-09-22,7174835980
2014-09-23,7107281120
2014-09-24,7262784760
2014-09-25,7116203460
2014-09-26,7255137040
2014-09-29,7290826400
2014-09-30,7008087640
2014-10-01,6854809280
2014-10-02,6856065660
2014-10-03,7059599220
2014-10-06,6957832440
2014-10-07,6859834800
2014-10-08,6947781400
2014-10-09,6864860320
2014-10-10,6683941600
2014-10-13,6608558800
2014-10-14,6647506580
2014-10-15,6601020520
2014-10-16,6798272180
2014-10-17,6947781400
2014-10-20,6882449640
2014-10-21,7098547000
2014-10-22,7104828900
2014-10-23,7160109620
2014-10-24,7231723280
2014-10-27,7227954140
2014-10-28,7254338120
2014-10-29,7285747620
2014-10-30,7073419400
2014-10-31,7354848520
2014-11-03,7494306700
2014-11-04,7393796300
2014-11-05,7168904280
2014-11-06,7280722100
2014-11-07,7187749980
2014-11-10,7189006360
2014-11-11,7137494780
2014-11-12,7087239580
2014-11-13,7084726820
2014-11-14,7014369540
2014-11-17,7089752340
2014-11-18,7202826540
2014-11-19,7251825360
2014-11-20,7255594500
2014-11-21,7269414680
2014-11-24,7235492420
2014-11-25,7255594500
2014-11-26,7281978480
2014-11-28,7264389160
2014-12-01,7129956500
2014-12-02,7229210520
2014-12-03,7318413500
2014-12-04,7211621200
2014-12-05,7207852060
2014-12-08,7161366000
2014-12-09,7260620020
2014-12-10,7187749980
2014-12-11,7221672240
2014-12-12,7207852060
2014-12-15,7167647900
2014-12-16,7182724460
2014-12-17,7229210520
2014-12-18,7460384440
2014-12-19,7587278820
2014-12-22,7549587420
2014-12-23,7471691860
2014-12-24,7472948240
2014-12-26,7621201080
2014-12-29,7531998100
2014-12-30,7499332220
2014-12-31,7329550480
2015-01-02,7359431440
2015-01-05,7272278640
2015-01-06,7105443280
2015-01-07,7192596080
2015-01-08,7370636800
2015-01-09,7323325280
2015-01-12,7353206240
2015-01-13,7406742960
2015-01-14,7358186400
2015-01-15,7350716160
2015-01-16,7417948320
2015-01-20,7464014800
2015-01-21,7442849120
2015-01-22,7537472160
2015-01-23,7591008880
2015-01-26,7714267840
2015-01-27,7706797600
2015-01-28,7676916640
2015-01-29,7689367040
2015-01-30,7532492000
2015-02-02,7539962240
2015-02-03,7503856080
2015-02-04,7563618000
2015-02-05,7620889840
2015-02-06,7527511840
2015-02-09,7375616960
2015-02-10,7483935440
2015-02-11,7554902720
2015-02-12,7874878000
2015-02-13,7882348240
2015-02-17,7969501040
2015-02-18,8044203440
2015-02-19,8032998079
2015-02-20,8111435600
2015-02-23,8091514959
2015-02-24,8029262959
2015-02-25,8096495120
2015-02-26,8086534800
2015-02-27,8090269920
2015-03-02,8159992160
2015-03-03,8159992160
2015-03-04,8084044720
2015-03-05,8179912800
2015-03-06,8130111200
2015-03-09,8135091360
2015-03-10,8023037760
2015-03-11,8090269920
2015-03-12,8135091360
2015-03-13,8223489200
2015-03-16,8288231279
2015-03-17,8316867200
2015-03-18,8310642000
2015-03-19,8325582480
2015-03-20,8372894000
2015-03-23,8462536880
2015-03-24,8397794800
2015-03-25,8255860240
2015-03-26,8253370160
2015-03-27,8374139040
2015-03-30,8466272000
2015-03-31,8293162980
2015-04-01,8404613580
2015-04-02,8221339260
2015-04-06,8230007639
2015-04-07,8197810800
2015-04-08,8317929780
2015-04-09,8347649940
2015-04-10,8374893419
2015-04-13,8404613580
2015-04-14,8322883139
2015-04-15,8316691440
2015-04-16,8356318320
2015-04-17,8258489460
2015-04-20,8233722659
2015-04-21,8259727800
2015-04-22,8228769300
2015-04-23,8382323460
2015-04-24,8555691060
2015-04-27,8532162600
2015-04-28,8582934540
2015-04-29,8478913980
2015-04-30,8158183919
2015-05-01,8334028200
2015-05-04,8201525820
2015-05-05,7998438060
2015-05-06,8036826600
2015-05-07,8031873240
2015-05-08,8030634899
2015-05-11,7969956240
2015-05-12,7983577980
2015-05-13,8108650320
2015-05-14,8132178780
2015-05-15,8314214760
2015-05-18,8362510020
2015-05-19,8466530580
2015-05-20,8521017540
2015-05-21,8508634139
2015-05-22,8631229800
2015-05-26,8577981179
2015-05-27,8732773680
2015-05-28,8741442060
2015-05-29,8632468140
2015-06-01,8673333360
2015-06-02,8628753120
2015-06-03,8623799760
2015-06-04,8627514780
2015-06-05,8632468140
2015-06-08,8600271300
2015-06-09,8597794620
2015-06-10,8596556280
2015-06-11,8651043240
2015-06-12,8672095020
2015-06-15,8629991460
2015-06-16,8740203720
2015-06-17,8764970520
2015-06-18,8805835740
2015-06-19,8897472900
2015-06-22,9005208480
2015-06-23,9103037340
2015-06-24,9027498600
2015-06-25,9100560660
2015-06-26,9070840500
2015-06-29,8925954720
2015-06-30,8919993280
2015-07-01,8964218560
2015-07-02,8943334400
2015-07-06,8921221760
2015-07-07,8950705280
2015-07-08,8804516160
2015-07-09,8864711680
2015-07-10,9111636160
2015-07-13,9243083520
2015-07-14,9345047360
2015-07-15,9327848640
2015-07-16,9424898560
2015-07-17,9442097280
2015-07-20,9386815680
2015-07-21,9249225920
2015-07-22,9364703040
2015-07-23,9292222720
2015-07-24,9206229120
2015-07-27,9162003840
2015-07-28,9428584000
2015-07-29,9717276800
2015-07-30,9674280000
2015-07-31,9424898560
2015-08-03,9472809280
2015-08-04,9519491520
2015-08-05,9498607360
2015-08-06,9336448000
2015-08-07,9249225920
2015-08-10,9353646720
2015-08-11,9260282240
2015-08-12,9218513920
2015-08-13,9213600000
2015-08-14,9223427840
2015-08-17,9357332160
2015-08-18,9340133440
2015-08-19,9298365120
2015-08-20,9095665920
2015-08-21,8960533120
2015-08-24,8628843520
2015-08-25,8723436480
2015-08-26,9007215360
2015-08-27,9115321600
2015-08-28,9243083520
2015-08-31,9153404480
2015-09-01,8832771200
2015-09-02,9071096320
2015-09-03,9132520320
2015-09-04,8940877440
2015-09-08,9133748800
2015-09-09,9089523520
2015-09-10,9142348160
2015-09-11,9322934720
2015-09-14,9288537280
2015-09-15,9451925120
2015-09-16,9513349120
2015-09-17,9636197120
2015-09-18,9529319360
2015-09-21,9416299200
2015-09-22,9283623360
2015-09-23,9337676480
2015-09-24,9238169600
2015-09-25,9012129280
2015-09-28,8483882880
2015-09-29,8459313280
2015-09-30,8415604619
2015-10-01,8420443260
2015-10-02,8628504780
2015-10-05,8548667220
2015-10-06,8028513420
2015-10-07,8197865819
2015-10-08,8223268680
2015-10-09,8447055780
2015-10-12,8478506940
2015-10-13,8453104079
2015-10-14,8374476180
2015-10-15,8543828579
2015-10-16,8657536620
2015-10-19,8679310500
2015-10-20,8489393880
2015-10-21,8321251140
2015-10-22,8188188540
2015-10-23,8258348819
2015-10-26,8363589240
2015-10-27,8317622160
2015-10-28,8103512339
2015-10-29,7798678020
2015-10-30,7699485900
2015-11-02,7989804300
2015-11-03,7895450819
2015-11-04,7961982119
2015-11-05,7970449740
2015-11-06,7994642940
2015-11-09,8111979960
2015-11-10,8136173160
2015-11-11,8053916280
2015-11-12,8080528800
2015-11-13,8069641859
2015-11-16,8127705540
2015-11-17,8295848280
2015-11-18,8434959180
2015-11-19,8355121619
2015-11-20,8313993180
2015-11-23,8375685839
2015-11-24,8366008560
2015-11-25,8287380660
2015-11-27,8378105160
2015-11-30,8224478339
2015-12-01,8339396040
2015-12-02,8074480500
2015-12-03,7957143480
2015-12-04,8228107319
2015-12-07,8154318060
2015-12-08,8168833980
2015-12-09,8067222540
2015-12-10,8216010720
2015-12-11,8147060099
2015-12-14,8242623240
2015-12-15,8338186380
2015-12-16,8313993180
2015-12-17,8450684760
2015-12-18,8409556319
2015-12-21,8436168839
2015-12-22,8381734140
2015-12-23,8472458640
2015-12-24,8422862579
2015-12-28,8416814280
2015-12-29,8523264359
2015-12-30,8418023940
2015-12-31,8198004000
2016-01-04,8004576000
2016-01-05,8012934000
2016-01-06,7968755999
2016-01-07,7782492000
2016-01-08,7772939999
2016-01-11,7709657999
2016-01-12,7777716000
2016-01-13,7612944000
2016-01-14,7636824000
2016-01-15,7562796000
2016-01-19,7565184000
2016-01-20,7552050000
2016-01-21,7458918000
2016-01-22,7595034000
2016-01-25,7522200000
2016-01-26,7581900000
2016-01-27,7394442000
2016-01-28,7215342000
2016-01-29,7263102000
2016-02-01,7227282000
2016-02-02,6958632000
2016-02-03,6990870000
2016-02-04,7107882000
2016-02-05,6865500000
2016-02-08,6675654000
2016-02-09,6769980000
2016-02-10,6966990000
2016-02-11,7044600000
2016-02-12,7215342000
2016-02-16,7377726000
2016-02-17,7542498000
2016-02-18,7489962000
2016-02-19,7573542000
2016-02-22,7462500000
2016-02-23,7361010000
2016-02-24,7414740000
2016-02-25,7505484000
2016-02-26,7563990000
2016-02-29,7487574000
2016-03-01,7803984000
2016-03-02,7813536000
2016-03-03,7721598000
2016-03-04,7813536000
2016-03-07,7799207999
2016-03-08,7838610000
2016-03-09,7821894000
2016-03-10,7794432000
2016-03-11,8047560000
2016-03-14,7979502000
2016-03-15,7808760000
2016-03-16,7764582000
2016-03-17,7719210000
2016-03-18,7746671999
2016-03-21,7713239999
2016-03-22,7796820000
2016-03-23,7706076000
2016-03-24,7669062000
2016-03-28,7614138000
2016-03-29,7769357999
2016-03-30,7725180000
2016-03-31,7779449999
2016-04-01,8068640000
2016-04-04,8176190000
2016-04-05,8088955000
2016-04-06,8387705000
2016-04-07,8384120000
2016-04-08,8464185000
2016-04-11,8406824999
2016-04-12,8293300000
2016-04-13,8365000000
2016-04-14,8325565000
2016-04-15,8375755000
2016-04-18,8344685000
2016-04-19,8333929999
2016-04-20,8331540000
2016-04-21,8368585000
2016-04-22,8369780000
2016-04-25,8365000000
2016-04-26,8374560000
2016-04-27,8343489999
2016-04-28,8362610000
2016-04-29,8253864999
2016-05-02,8257449999
2016-05-03,8061469999
2016-05-04,7771085000
2016-05-05,7710140000
2016-05-06,7882219999
2016-05-09,8010085000
2016-05-10,8084175000
2016-05-11,7881025000
2016-05-12,7804545000
2016-05-13,7855929999
2016-05-16,7836810000
2016-05-17,7836810000
2016-05-18,7869074999
2016-05-19,7757940000
2016-05-20,7952725000
2016-05-23,7883415000
2016-05-24,7996940000
2016-05-25,8013670000
2016-05-26,7975429999
2016-05-27,7970650000
2016-05-31,8112855000
2016-06-01,8109270000
2016-06-02,8105685000
2016-06-03,8032790000
2016-06-06,8031594999
2016-06-07,8035179999
2016-06-08,7982600000
2016-06-09,7951530000
2016-06-10,7835614999
2016-06-13,7815300000
2016-06-14,7787815000
2016-06-15,7779449999
2016-06-16,7751965000
2016-06-17,7576300000
2016-06-20,7610955000
2016-06-21,7627685000
2016-06-22,7638440000
2016-06-23,7769890000
2016-06-24,7566740000
2016-06-27,7327740000
2016-06-28,7456800000
2016-06-29,7587055000
2016-06-30,7767789079
2016-07-01,7950924340
2016-07-05,7994924370
2016-07-06,8123356890
2016-07-07,8204221809
2016-07-08,8492005790
2016-07-11,8421843579
2016-07-12,8450384140
2016-07-13,8450384140
2016-07-14,8659681580
2016-07-15,8522924730
2016-07-18,8606168030
2016-07-19,8578816660
2016-07-20,8707249180
2016-07-21,8668005910
2016-07-22,8803573570
2016-07-25,8809519520
2016-07-26,8972438550
2016-07-27,8918925000
2016-07-28,9266168480
2016-07-29,9232871160
2016-08-01,9348222590
2016-08-02,9223357640
2016-08-03,9161519760
2016-08-04,9201952220
2016-08-05,9249519820
2016-08-08,9104438640
2016-08-09,9094925120
2016-08-10,9134168390
2016-08-11,9127033250
2016-08-12,9085411600
2016-08-15,9098492690
2016-08-16,9050925090
2016-08-17,8954600700
2016-08-18,8949843940
2016-08-19,8924870950
2016-08-22,9108006210
2016-08-23,9039033190
2016-08-24,8967681790
2016-08-25,8999789920
2016-08-26,9000979110
2016-08-29,9206708980
2016-08-30,9173411660
2016-08-31,9192438700
2016-09-01,9206708980
2016-09-02,9152006240
2016-09-06,9102060260
2016-09-07,9238817110
2016-09-08,9257844150
2016-09-09,9165087330
2016-09-12,9244763060
2016-09-13,9219790070
2016-09-14,9263790100
2016-09-15,9257844150
2016-09-16,9193627890
2016-09-19,9201952220
2016-09-20,9212654930
2016-09-21,9275682000
2016-09-22,9291141470
2016-09-23,9443357790
2016-09-26,9392222620
2016-09-27,9477844300
2016-09-28,9462384830
2016-09-29,9401736140
2016-09-30,19357128000
2016-10-03,19151760000
2016-10-04,18815052000
2016-10-05,19232952000
2016-10-06,18929676000
2016-10-07,18975048000
2016-10-10,19058628000
2016-10-11,18442524000
2016-10-12,18122532000
2016-10-13,18077160000
2016-10-14,17991192000
2016-10-17,17976864000
2016-10-18,18227604000
2016-10-19,17960148000
2016-10-20,17771496000
2016-10-21,17675976000
2016-10-24,17800152000
2016-10-25,17773884000
2016-10-26,17461056000
2016-10-27,17217480000
2016-10-28,17138676000
2016-10-31,17131511999
2016-11-01,17112408000
2016-11-02,17279568000
2016-11-03,17243748000
2016-11-04,17334492000
2016-11-07,17812092000
2016-11-08,18134472000
2016-11-09,18549984000
2016-11-10,18707592000
2016-11-11,18418644000
2016-11-14,18361332000
2016-11-15,18612072000
2016-11-16,18461628000
2016-11-17,18979824000
2016-11-18,19075344000
2016-11-21,19108776000
2016-11-22,19151760000
2016-11-23,19072956000
2016-11-25,19240116000
2016-11-28,19061016000
2016-11-29,19326084000
2016-11-30,18347004000
2016-12-01,17432400000
2016-12-02,17678364000
2016-12-05,18077160000
2016-12-06,18526104000
2016-12-07,18370884000
2016-12-08,18516552000
2016-12-09,18707592000
2016-12-12,18963108000
2016-12-13,18941616000
2016-12-14,18958332000
2016-12-15,19232952000
2016-12-16,18597744000
2016-12-19,18311184000
2016-12-20,18361332000
2016-12-21,18015072000
2016-12-22,17898060000
2016-12-23,18201336000
2016-12-27,18112980000
2016-12-28,18139248000
2016-12-29,18120144000
2016-12-30,18160740000
2017-01-03,17701593000
2017-01-04,17782128000
2017-01-05,17717700000
2017-01-06,17906382000
2017-01-09,17945499000
2017-01-10,17920188000
2017-01-11,17713098000
2017-01-12,17761419000
2017-01-13,17754516000
2017-01-17,17669379000
2017-01-18,17393259000
2017-01-19,17503707000
2017-01-20,17510610000
2017-01-23,17453085000
2017-01-24,17338035000
2017-01-25,17379453000
2017-01-26,17381754000
2017-01-27,17570436000
2017-01-30,17338035000
2017-01-31,18060549000
2017-02-01,18076656000
2017-02-02,17996121000
2017-02-03,17860362000
2017-02-06,17890275000
2017-02-07,17945499000
2017-02-08,17977713000
2017-02-09,18143385000
2017-02-10,18306756000
2017-02-13,18408000000
2017-02-14,18937230000
2017-02-15,17913285000
2017-02-16,17687787000
2017-02-17,17660175000
2017-02-21,17545125000
2017-02-22,17798235000
2017-02-23,17975412000
2017-02-24,17864964000
2017-02-27,18286047000
2017-02-28,17807439000
2017-03-01,17740710000
2017-03-02,17667078000
2017-03-03,17913285000
2017-03-06,17924790000
2017-03-07,17828148000
2017-03-08,18207813000
2017-03-09,18361980000
2017-03-10,18569070000
2017-03-13,18532254000
2017-03-14,18322863000
2017-03-15,18601284000
2017-03-16,18502341000
2017-03-17,18755451000
2017-03-20,18408000000
2017-03-21,17929392000
2017-03-22,17839653000
2017-03-23,17825847000
2017-03-24,17945499000
2017-03-27,18108870000
2017-03-28,18108870000
2017-03-29,18442515000
2017-03-30,18391893000
2017-03-31,17523328000
2017-04-03,17412352000
2017-04-04,17157759999
2017-04-05,17022848000
2017-04-06,17262208000
2017-04-07,17231744000
2017-04-10,17157759999
2017-04-11,17138176000
2017-04-12,17118592000
2017-04-13,17179520000
2017-04-17,17294848000
2017-04-18,17405824000
2017-04-19,17690880000
2017-04-20,18034688000
2017-04-21,17897600000
2017-04-24,18006400000
2017-04-25,17984640000
2017-04-26,18065152000
2017-04-27,18208768000
2017-04-28,18339328000
2017-05-01,18406784000
2017-05-02,18569984000
2017-05-03,17982464000
2017-05-04,17886720000
2017-05-05,18126080000
2017-05-08,18200064000
2017-05-09,18337152000
2017-05-10,18234880000
2017-05-11,18160896000
2017-05-12,18036864000
2017-05-15,18195712000
2017-05-16,18102144000
2017-05-17,17891072000
2017-05-18,18080384000
2017-05-19,18071680000
2017-05-22,18178304000
2017-05-23,18234880000
2017-05-24,18326272000
2017-05-25,18430720000
2017-05-26,18717952000
2017-05-30,18604800000
2017-05-31,18809344000
2017-06-01,18959488000
2017-06-02,19133568000
2017-06-05,18994304000
2017-06-06,18950784000
2017-06-07,19055232000
2017-06-08,19105280000
2017-06-09,18746240000
2017-06-12,18624384000
2017-06-13,18872448000
2017-06-14,18789760000
2017-06-15,18850688000
2017-06-16,18959488000
2017-06-19,19120512000
2017-06-20,19233664000
2017-06-21,19536128000
2017-06-22,19775488000
2017-06-23,19819008000
2017-06-26,19623168000
2017-06-27,19468672000
2017-06-28,19712384000
2017-06-29,19457792000
2017-06-30,19179850000
2017-07-03,18907689000
2017-07-05,19106988000
2017-07-06,18828398000
2017-07-07,19040555000
2017-07-10,18916261000
2017-07-11,18884116000
2017-07-12,19053413000
2017-07-13,19119846000
2017-07-14,19154134000
2017-07-17,19304144000
2017-07-18,19302001000
2017-07-19,19492728000
2017-07-20,19351290000
2017-07-21,19533445000
2017-07-24,19655596000
2017-07-25,19398436000
2017-07-26,19651310000
2017-07-27,19627737000
2017-07-28,19426295000
2017-07-31,19404865000
2017-08-01,19563447000
2017-08-02,19634166000
2017-08-03,19522730000
2017-08-04,19377006000
2017-08-07,19542017000
2017-08-08,19430581000
2017-08-09,19308430000
2017-08-10,18766251000
2017-08-11,19053413000
2017-08-14,19284857000
2017-08-15,19614879000
2017-08-16,19842037000
2017-08-17,19651310000
2017-08-18,19619165000
2017-08-21,19947044000
2017-08-22,20300639000
2017-08-23,20167773000
2017-08-24,20382073000
2017-08-25,21177126000
2017-08-28,20476365000
2017-08-29,20572800000
2017-08-30,20527797000
2017-08-31,20579229000
2017-09-01,20504224000
2017-09-05,20776385000
2017-09-06,20626375000
2017-09-07,20731382000
2017-09-08,20787100000
2017-09-11,20774242000
2017-09-12,20898536000
2017-09-13,20694951000
2017-09-14,20454935000
2017-09-15,20244921000
2017-09-18,20373501000
2017-09-19,20358500000
2017-09-20,20281352000
2017-09-21,20191346000
2017-09-22,20294210000
2017-09-25,20347785000
2017-09-26,20161344000
2017-09-27,20403503000
2017-09-28,20349928000
2017-09-29,20373501000
2017-10-02,19883500000
2017-10-03,19904430000
2017-10-04,19935825000
2017-10-05,20009080000
2017-10-06,20030010000
2017-10-09,20048847000
2017-10-10,20134660000
2017-10-11,20461168000
2017-10-12,20605585000
2017-10-13,20898605000
2017-10-16,20789769000
2017-10-17,20860931000
2017-10-18,21124649000
2017-10-19,21310926000
2017-10-20,21564179000
2017-10-23,21382088000
2017-10-24,21417669000
2017-10-25,21229299000
2017-10-26,22081150000
2017-10-27,22533238000
2017-10-30,22430681000
2017-10-31,22625330000
2017-11-01,22694399000
2017-11-02,22457890000
2017-11-03,22608586000
2017-11-06,22721608000
2017-11-07,22644167000
2017-11-08,21917896000
2017-11-09,21664643000
2017-11-10,21777665000
2017-11-13,21539063000
2017-11-14,21658364000
2017-11-15,21733712000
2017-11-16,21859292000
2017-11-17,21863478000
2017-11-20,21746270000
2017-11-21,21842548000
2017-11-22,21756735000
2017-11-24,21823711000
2017-11-27,21463715000
2017-11-28,21292089000
2017-11-29,21204183000
2017-11-30,21350693000
2017-12-01,21405111000
2017-12-04,21195811000
2017-12-05,21139300000
2017-12-06,21141393000
2017-12-07,21122556000
2017-12-08,21212555000
2017-12-11,21281624000
2017-12-12,21275345000
2017-12-13,21394646000
2017-12-14,21237671000
2017-12-15,21361158000
2017-12-18,21449064000
2017-12-19,21193718000
2017-12-20,20996976000
2017-12-21,20959302000
2017-12-22,20800234000
2017-12-26,20584655000
2017-12-27,20624422000
2017-12-28,20576283000
2017-12-29,20490470000
2018-01-02,20700200000
2018-01-03,20650400000
2018-01-04,20185600000
2018-01-05,20451200000
2018-01-08,20459500000
2018-01-09,20447050000
2018-01-10,20515525000
2018-01-11,20720950000
2018-01-12,20758300000
2018-01-16,20735475000
2018-01-17,20795650000
2018-01-18,20733400000
2018-01-19,21372500000
2018-01-22,21339300000
2018-01-23,21416075000
2018-01-24,21476250000
2018-01-25,21700350000
2018-01-26,21997075000
2018-01-29,21907850000
2018-01-30,21656775000
2018-01-31,21204425000
2018-02-01,21604900000
2018-02-02,20862050000
2018-02-05,20075625000
2018-02-06,20347450000
2018-02-07,20378575000
2018-02-08,19760225000
2018-02-09,19930375000
2018-02-12,20465725000
2018-02-13,20762450000
2018-02-14,21721100000
2018-02-15,21075775000
2018-02-16,21106900000
2018-02-20,20803950000
2018-02-21,20700200000
2018-02-22,20413850000
2018-02-23,20704350000
2018-02-26,20743775000
2018-02-27,20660775000
2018-02-28,20403475000
2018-03-01,20169000000
2018-03-02,20370275000
2018-03-05,20685675000
2018-03-06,20886950000
2018-03-07,21150475000
2018-03-08,21424375000
2018-03-09,21912000000
2018-03-12,21980475000
2018-03-13,21928600000
2018-03-14,21754300000
2018-03-15,21858050000
2018-03-16,21930675000
2018-03-19,21737700000
2018-03-20,21748075000
2018-03-21,21602825000
2018-03-22,21140100000
2018-03-23,20691900000
2018-03-26,21094450000
2018-03-27,20762450000
2018-03-28,20463650000
2018-03-29,20357825000
2018-04-02,19685490000
2018-04-03,19689604000
2018-04-04,19917931000
2018-04-05,19952900000
2018-04-06,19510645000
2018-04-09,19640236000
2018-04-10,19872677000
2018-04-11,19743086000
2018-04-12,19771884000
2018-04-13,20098947000
2018-04-16,20166828000
2018-04-17,20323160000
2018-04-18,20415725000
2018-04-19,20172999000
2018-04-20,20008439000
2018-04-23,20160657000
2018-04-24,19899418000
2018-04-25,19847993000
2018-04-26,19850050000
2018-04-27,19839765000
2018-04-30,19697832000
2018-05-01,20156543000
2018-05-02,19934387000
2018-05-03,20014610000
2018-05-04,20368414000
2018-05-07,20193569000
2018-05-08,20210025000
2018-05-09,20444523000
2018-05-10,20761301000
2018-05-11,21191214000
2018-05-14,21164473000
2018-05-15,21001970000
2018-05-16,20391041000
2018-05-17,20123631000
2018-05-18,20905291000
2018-05-21,21024597000
2018-05-22,21110991000
2018-05-23,21071908000
2018-05-24,20932032000
2018-05-25,20672850000
2018-05-29,20401326000
2018-05-30,20668736000
2018-05-31,20349901000
2018-06-01,20670793000
2018-06-04,20825068000
2018-06-05,20956716000
2018-06-06,21329033000
2018-06-07,21222069000
2018-06-08,21516220000
2018-06-11,21427769000
2018-06-12,21588215000
2018-06-13,21261152000
2018-06-14,21220012000
2018-06-15,21244696000
2018-06-18,21573816000
2018-06-19,21793915000
2018-06-20,21723977000
2018-06-21,21542961000
2018-06-22,21359888000
2018-06-25,20736617000
2018-06-26,20713990000
2018-06-27,20302590000
2018-06-28,20403383000
2018-06-29,20532974000
2018-07-02,20088390000
2018-07-03,20353403000
2018-07-05,20310920000
2018-07-06,20575933000
2018-07-09,20786325000
2018-07-10,21023016000
2018-07-11,21081683000
2018-07-12,21625870000
2018-07-13,21700721000
2018-07-16,21785687000
2018-07-17,22050700000
2018-07-18,22188264000
2018-07-19,22303575000
2018-07-20,22477553000
2018-07-23,22530151000
2018-07-24,23948274000
2018-07-25,25336052000
2018-07-26,24686669000
2018-07-27,24367035000
2018-07-30,24462116000
2018-07-31,24668462000
2018-08-01,24692738000
2018-08-02,25158028000
2018-08-03,24911222000
2018-08-06,24712968000
2018-08-07,24854578000
2018-08-08,24676554000
2018-08-09,24619910000
2018-08-10,24508645000
2018-08-13,24437840000
2018-08-14,24518760000
2018-08-15,24316460000
2018-08-16,24484369000
2018-08-17,24332644000
2018-08-20,24336690000
2018-08-21,24785796000
2018-08-22,25056878000
2018-08-23,25164097000
2018-08-24,25372466000
2018-08-27,25574766000
2018-08-28,25603088000
2018-08-29,25528237000
2018-08-30,25471593000
2018-08-31,25710307000
2018-09-04,25902492000
2018-09-05,25479685000
2018-09-06,25667824000
2018-09-07,25696146000
2018-09-10,25878216000
2018-09-11,25285477000
2018-09-12,25317845000
2018-09-13,25592973000
2018-09-14,25609157000
2018-09-17,25301661000
2018-09-18,25398765000
2018-09-19,25334029000
2018-09-20,25726491000
2018-09-21,25809434000
2018-09-24,26007688000
2018-09-25,26262586000
2018-09-26,26284839000
2018-09-27,26454771000
2018-09-28,26246402000
2018-10-01,25948965000
2018-10-02,25974899999
2018-10-03,26004825000
2018-10-04,25336500000
2018-10-05,25494105000
2018-10-08,25224780000
2018-10-09,25412310000
2018-10-10,24500595000
2018-10-11,24454710000
2018-10-12,24895605000
2018-10-15,24789870000
2018-10-16,25857195000
2018-10-17,25811310000
2018-10-18,25619789999
2018-10-19,25314555000
2018-10-22,25226775000
2018-10-23,24434760000
2018-10-24,22990380000
2018-10-25,23924040000
2018-10-26,23977905000
2018-10-29,24101595000
2018-10-30,23906085000
2018-10-31,24524535000
2018-11-01,24386880000
2018-11-02,24281145000
2018-11-05,24273165000
2018-11-06,24412815000
2018-11-07,25260690000
2018-11-08,25075155000
2018-11-09,24771915000
2018-11-12,24163440000
2018-11-13,23872170000
2018-11-14,23423295000
2018-11-15,23766435000
2018-11-16,23818305000
2018-11-19,23030280000
2018-11-20,23112075000
2018-11-21,23183895000
2018-11-23,23487135000
2018-11-26,23856210000
2018-11-27,23953965000
2018-11-28,24773910000
2018-11-29,24927525000
2018-11-30,24951465000
2018-12-03,25412310000
2018-12-04,24568425000
2018-12-06,24309075000
2018-12-07,23537010000
2018-12-10,23764440000
2018-12-11,24239250000
2018-12-12,24406830000
2018-12-13,24239250000
2018-12-14,23544990000
2018-12-17,23074170000
2018-12-18,23034270000
2018-12-19,22701105000
2018-12-20,21984900000
2018-12-21,21589890000
2018-12-24,21087150000
2018-12-26,22182405000
2018-12-27,22419810000
2018-12-28,22725045000
2018-12-31,22885490000
2019-01-02,22519070000
2019-01-03,21662120000
2019-01-04,22668790000
2019-01-07,23088400000
2019-01-08,23567110000
2019-01-09,24065520000
2019-01-10,24301920000
2019-01-11,24193570000
2019-01-14,23933530000
2019-01-15,24207360000
2019-01-16,24573780000
2019-01-17,24445730000
2019-01-18,25056430000
2019-01-22,24597420000
2019-01-23,24847610000
2019-01-24,24646670000
2019-01-25,24818060000
2019-01-28,24563930000
2019-01-29,24603330000
2019-01-30,25129320000
2019-01-31,25414970000
2019-02-01,25523320000
2019-02-04,25416940000
2019-02-05,25627730000
2019-02-06,25740020000
2019-02-07,25541050000
2019-02-08,25375570000
2019-02-11,25432700000
2019-02-12,25937020000
2019-02-13,25968540000
2019-02-14,27802610000
2019-02-15,27944450000
2019-02-19,27873530000
2019-02-20,27814430000
2019-02-21,27977940000
2019-02-22,28064620000
2019-02-25,27928690000
2019-02-26,27775030000
2019-02-27,27903079999
2019-02-28,27599700000
2019-03-01,28239950000
2019-03-04,27873530000
2019-03-05,27873530000
2019-03-06,27420430000
2019-03-07,27156450000
2019-03-08,27073710000
2019-03-11,27463770000
2019-03-12,27550450000
2019-03-13,27885350000
2019-03-14,27773059999
2019-03-15,27881410000
2019-03-18,28186760000
2019-03-19,28456649999
2019-03-20,28220250000
2019-03-21,28419220000
2019-03-22,27905050000
2019-03-25,27893230000
2019-03-26,28301020000
2019-03-27,27806550000
2019-03-28,27942480000
2019-03-29,28338450000
2019-04-01,28313622000
2019-04-02,28311660000
2019-04-03,28331280000
2019-04-04,27905525999
2019-04-05,28303812000
2019-04-08,28260648000
2019-04-09,28309698000
2019-04-10,28411722000
2019-04-11,28091916000
2019-04-12,27962424000
2019-04-15,27679896000
2019-04-16,26740098000
2019-04-17,25959222000
2019-04-18,26096562000
2019-04-22,26363394000
2019-04-23,26883324000
2019-04-24,26641998000
2019-04-25,26950032000
2019-04-26,27212939999
2019-04-29,27289458000
2019-04-30,27252180000
2019-05-01,26485038000
2019-05-02,26710667999
2019-05-03,27240408000
2019-05-06,27226674000
2019-05-07,26363394000
2019-05-08,26137764000
2019-05-09,26122067999
2019-05-10,26322192000
2019-05-13,25953336000
2019-05-14,26398710000
2019-05-15,26539974000
2019-05-16,26534088000
2019-05-17,26226053999
2019-05-20,26226053999
2019-05-21,26402634000
2019-05-22,26451684000
2019-05-23,26377128000
2019-05-24,26757756000
2019-05-28,26802882000
2019-05-29,26549784000
2019-05-30,26708706000
2019-05-31,26653770000
2019-06-03,26084789999
2019-06-04,26598834000
2019-06-05,27108953999
2019-06-06,26959842000
2019-06-07,27220788000
2019-06-10,27413064000
2019-06-11,27356166000
2019-06-12,27448380000
2019-06-13,27679896000
2019-06-14,27723060000
2019-06-17,27752489999
2019-06-18,28578492000
2019-06-19,30261888000
2019-06-20,30316824000
2019-06-21,31131053999
2019-06-24,30887766000
2019-06-25,30242267999
2019-06-26,30534606000
2019-06-27,30730806000
2019-06-28,31568580000
2019-07-01,31256149999
2019-07-02,31293104999
2019-07-03,31403970000
2019-07-05,31295050000
2019-07-08,30952729999
2019-07-09,30836030000
2019-07-10,30993575000
2019-07-11,30972180000
2019-07-12,30606520000
2019-07-15,30808800000
2019-07-16,30452865000
2019-07-17,30345890000
2019-07-18,30590960000
2019-07-19,30312825000
2019-07-22,30394515000
2019-07-23,30489820000
2019-07-24,31238645000
2019-07-25,31137505000
2019-07-26,31096660000
2019-07-29,30983850000
2019-07-30,31223085000
2019-07-31,30958564999
2019-08-01,30771845000
2019-08-02,30552060000
2019-08-05,29525100000
2019-08-06,30040524999
2019-08-07,30196125000
2019-08-08,30750450000
2019-08-09,30342000000
2019-08-12,30246695000
2019-08-13,30552060000
2019-08-14,29410345000
2019-08-15,29593175000
2019-08-16,30188345000
2019-08-19,30482040000
2019-08-20,30112490000
2019-08-21,30573455000
2019-08-22,30448975000
2019-08-23,29787675000
2019-08-26,30170840000
2019-08-27,29886870000
2019-08-28,29847970000
2019-08-29,30338109999
2019-08-30,30176675000
2019-09-03,29935495000
2019-09-04,29458970000
2019-09-05,29968560000
2019-09-06,29966615000
2019-09-09,29538715000
2019-09-10,29254745000
2019-09-11,29219734999
2019-09-12,29316984999
2019-09-13,29437575000
2019-09-16,29338380000
2019-09-17,29746830000
2019-09-18,29844080000
2019-09-19,29937439999
2019-09-20,30264200000
2019-09-23,30602630000
2019-09-24,30229189999
2019-09-25,30079425000
2019-09-26,29532880000
2019-09-27,28834625000
2019-09-30,28770588000
2019-10-01,27932778000
2019-10-02,27588024000
2019-10-03,28412352000
2019-10-04,28755180000
2019-10-07,28639619999
2019-10-08,27836478000
2019-10-09,28038708000
2019-10-10,27905813999
2019-10-11,28115747999
2019-10-14,28188936000
2019-10-15,28227456000
2019-10-16,27894258000
2019-10-17,27609210000
2019-10-18,27636174000
2019-10-21,27568763999
2019-10-22,27514836000
2019-10-23,27634247999
2019-10-24,27959741999
2019-10-25,28410426000
2019-10-28,28456650000
2019-10-29,28907334000
2019-10-30,28069524000
2019-10-31,27815291999
2019-11-01,28262124000
2019-11-04,28215900000
2019-11-05,26942813999
2019-11-06,26586504000
2019-11-07,26547984000
2019-11-08,26499834000
2019-11-11,27064152000
2019-11-12,27530244000
2019-11-13,27651582000
2019-11-14,28061819999
2019-11-15,28215900000
2019-11-18,27372312000
2019-11-19,27514836000
2019-11-20,27418536000
2019-11-21,27634247999
2019-11-22,27684324000
2019-11-25,28213974000
2019-11-26,28497096000
2019-11-27,28412352000
2019-11-29,28115747999
2019-12-02,27722844000
2019-12-03,27607284000
2019-12-04,27953963999
2019-12-05,27994410000
2019-12-06,28599174000
2019-12-09,28196640000
2019-12-10,28142712000
2019-12-11,27703584000
2019-12-12,27982854000
2019-12-13,27898110000
2019-12-16,28221678000
2019-12-17,28502874000
2019-12-18,28343016000
2019-12-19,28830294000
2019-12-20,30035969999
2019-12-23,29827962000
2019-12-24,29795219999
2019-12-26,29687363999
2019-12-27,29745144000
2019-12-30,29554469999
2019-12-31,29604116000
2020-01-02,29968156000
2020-01-03,29542804000
2020-01-06,29698000000
2020-01-07,30042880000
2020-01-08,30196160000
2020-01-09,30560200000
2020-01-10,30521880000
2020-01-13,30301540000
2020-01-14,30450988000
2020-01-15,30535292000
2020-01-16,30841852000
2020-01-17,30945316000
2020-01-21,30818860000
2020-01-22,30751800000
2020-01-23,30830356000
2020-01-24,30291960000
2020-01-27,30111856000
2020-01-28,30401171999
2020-01-29,30368600000
2020-01-30,30081200000
2020-01-31,29745900000
2020-02-03,29745900000
2020-02-04,30088864000
2020-02-05,30610016000
2020-02-06,30757548000
2020-02-07,30081200000
2020-02-10,30642588000
2020-02-11,30981719999
2020-02-12,31826676000
2020-02-13,31765364000
2020-02-14,31483712000
2020-02-18,31694471999
2020-02-19,31497123999
2020-02-20,31449223999
2020-02-21,31313188000
2020-02-24,30288128000
2020-02-25,28751496000
2020-02-26,28623123999
2020-02-27,27348984000
2020-02-28,26726284000
2020-03-02,28180528000
2020-03-03,27084576000
2020-03-04,28335723999
2020-03-05,26481036000
2020-03-06,26067180000
2020-03-09,23758400000
2020-03-10,25065112000
2020-03-11,24030472000
2020-03-12,21652716000
2020-03-13,22744836000
2020-03-16,19612176000
2020-03-17,20633404000
2020-03-18,17221008000
2020-03-19,17362792000
2020-03-20,17563972000
2020-03-23,16094400000
2020-03-24,18567956000
2020-03-25,20095008000
2020-03-26,21181380000
2020-03-27,20528024000
2020-03-30,21646968000
2020-03-31,20590474000
2020-04-01,19097636000
2020-04-02,20002502000
2020-04-03,19609248000
2020-04-06,22362026000
2020-04-07,22846912000
2020-04-08,24410383000
2020-04-09,24536377000
2020-04-13,23822411000
2020-04-14,24146941000
2020-04-15,23675418000
2020-04-16,23759414000
2020-04-17,25116713000
2020-04-20,24341659000
2020-04-21,23289800000
2020-04-22,23967495000
2020-04-23,24372203000
2020-04-24,24599374000
2020-04-27,25175892000
2020-04-28,25939492000
2020-04-29,27317790000
2020-04-30,27220431000
2020-05-01,26061668000
2020-05-04,25592054000
2020-05-05,25865041000
2020-05-06,25582509000
2020-05-07,25870768000
2020-05-08,26277385000
2020-05-11,26468285000
2020-05-12,25733320000
2020-05-13,25288523000
2020-05-14,25269433000
2020-05-15,25618779999
2020-05-18,26451104000
2020-05-19,26890174000
2020-05-20,27760677999
2020-05-21,27336879999
2020-05-22,27279610000
2020-05-26,27394150000
2020-05-27,28027938000
2020-05-28,27909579999
2020-05-29,28543368000
2020-06-01,28522369000
2020-06-02,28927077000
2020-06-03,29219154000
2020-06-04,28865989000
2020-06-05,28554822000
2020-06-08,28635000000
2020-06-09,28024120000
2020-06-10,28098571000
2020-06-11,26466375999
2020-06-12,26500738000
2020-06-15,26643913000
2020-06-16,26924536000
2020-06-17,26519827999
2020-06-18,26367108000
2020-06-19,25977672000
2020-06-22,26254477000
2020-06-23,26758452999
2020-06-24,26052123000
2020-06-25,26306020000
2020-06-26,25960491000
2020-06-29,26252568000
2020-06-30,27141644000
2020-07-01,27074689000
2020-07-02,27072776000
2020-07-06,27478331999
2020-07-07,27153122000
2020-07-08,27579720999
2020-07-09,27736587000
2020-07-10,27294684000
2020-07-13,27026864000
2020-07-14,28270314000
2020-07-15,29148381000
2020-07-16,28633784000
2020-07-17,29469765000
2020-07-20,29689759999
2020-07-21,30024534999
2020-07-22,31428677000
2020-07-23,30891123999
2020-07-24,30202444000
2020-07-27,31044164000
2020-07-28,30349745000
2020-07-29,30619478000
2020-07-30,30275138000
2020-07-31,30300006999
2020-08-03,30833734000
2020-08-04,30636695000
2020-08-05,30751475000
2020-08-06,30806952000
2020-08-07,30711302000
2020-08-10,30539131999
2020-08-11,30476003000
2020-08-12,31157031000
2020-08-13,31325375000
2020-08-14,30843298999
2020-08-17,30894950000
2020-08-18,30709389000
2020-08-19,30638608000
2020-08-20,30217748000
2020-08-21,30143141000
2020-08-24,29888712000
2020-08-25,30022622000
2020-08-26,30324876000
2020-08-27,30321050000
2020-08-28,30841386000
2020-08-31,31325375000
2020-09-01,31589369000
2020-09-02,32473175000
2020-09-03,31526240000
2020-09-04,30648173000
2020-09-08,30185227000
2020-09-09,30810778000
2020-09-10,30544870999
2020-09-11,30518089000
2020-09-14,30923645000
2020-09-15,31509023000
2020-09-16,30992513000
2020-09-17,30703650000
2020-09-18,30057056000
2020-09-21,29475504000
2020-09-22,29326290000
2020-09-23,28496048000
2020-09-24,28325791000
2020-09-25,28943690000
2020-09-28,29710803000
2020-09-29,29609414000
2020-09-30,30154619000
2020-10-01,30288529000
2020-10-02,30001579000
2020-10-05,30726606000
2020-10-06,30493220000
2020-10-07,31409547000
2020-10-08,31466937000
2020-10-09,31901188000
2020-10-12,32608998000
2020-10-13,31868667000
2020-10-14,31734756999
2020-10-15,30990600000
2020-10-16,31480328000
2020-10-19,31382765000
2020-10-20,33190550000
2020-10-21,32377525000
2020-10-22,32406220000
2020-10-23,32037011000
2020-10-26,31023120999
2020-10-27,30443481999
2020-10-28,29787323000
2020-10-29,29584545000
2020-10-30,29458287000
2020-11-02,29676369000
2020-11-03,30634781999
2020-11-04,32693170000
2020-11-05,32848123000
2020-11-06,32796472000
2020-11-09,33221158000
2020-11-10,31755800000
2020-11-11,32115444000
2020-11-12,32100140000
2020-11-13,33272809000
2020-11-16,33236462000
2020-11-17,32943773000
2020-11-18,32343091000
2020-11-19,32434915000
2020-11-20,32477001000
2020-11-23,32628128000
2020-11-24,32903600000
2020-11-25,32496131000
2020-11-27,32293353000
2020-11-30,32327787000
2020-12-01,32756298999
2020-12-02,32528652000
2020-12-03,32067619000
2020-12-04,32637693000
2020-12-07,32534391000
2020-12-08,32767777000
2020-12-09,32234050000
2020-12-10,32228311000
2020-12-11,32102053000
2020-12-14,32004490000
2020-12-15,32983945999
2020-12-16,33418197000
2020-12-17,34233134999
2020-12-18,34508607000
2020-12-21,33812275000
2020-12-22,33856273999
2020-12-23,33582715000
2020-12-24,33657322000
2020-12-28,33538716000
2020-12-29,33444979000
2020-12-30,33959576000
2020-12-31,34311054999
2021-01-04,33818900000
2021-01-05,34343610000
2021-01-06,35666875000
2021-01-07,36013490000
2021-01-08,36591820000
2021-01-11,36660760000
2021-01-12,36273930000
2021-01-13,36262440000
2021-01-14,36023065000
2021-01-15,35961785000
2021-01-19,36187755000
2021-01-20,36488410000
2021-01-21,35942635000
2021-01-22,35540485000
2021-01-25,35048330000
2021-01-26,34535110000
2021-01-27,33129500000
2021-01-28,34213390000
2021-01-29,34048700000
2021-02-01,34554260000
2021-02-02,35314515000
2021-02-03,35042585000
2021-02-04,35297280000
2021-02-05,35638150000
2021-02-08,35793265000
2021-02-09,35201530000
2021-02-10,36394575000
2021-02-11,36930775000
2021-02-12,36894390000
2021-02-16,36480750000
2021-02-17,36180095000
2021-02-18,35946465000
2021-02-19,36136050000
2021-02-22,36411810000
2021-02-23,36586075000
2021-02-24,37263985000
2021-02-25,36873325000
2021-02-26,36919285000
2021-03-01,37225685000
2021-03-02,36909710000
2021-03-03,36497985000
2021-03-04,35730070000
2021-03-05,36151370000
2021-03-08,35963700000
2021-03-09,36268185000
2021-03-10,36335210000
2021-03-11,36264355000
2021-03-12,35774115000
2021-03-15,36509475000
2021-03-16,36268185000
2021-03-17,36329465000
2021-03-18,35714750000
2021-03-19,36065195000
2021-03-22,36333295000
2021-03-23,35808585000
2021-03-24,35640065000
2021-03-25,35724325000
2021-03-26,36932690000
2021-03-29,36576500000
2021-03-30,36536285000
2021-03-31,37005624000
2021-04-01,37948296000
2021-04-05,38390892000
2021-04-06,39004012000
2021-04-07,38626560000
2021-04-08,39151544000
2021-04-09,39787656000
2021-04-12,39893036000
2021-04-13,39755084000
2021-04-14,40025240000
2021-04-15,41027308000
2021-04-16,41301296000
2021-04-19,41427752000
2021-04-20,41600192000
2021-04-21,41960400000
2021-04-22,43290104000
2021-04-23,44508680000
2021-04-26,44723272000
2021-04-27,44912956000
2021-04-28,45221432000
2021-04-29,45112220000
2021-04-30,44966604000
2021-05-03,44826736000
2021-05-04,44583404000
2021-05-05,44439704000
2021-05-06,44301752000
2021-05-07,44909124000
2021-05-10,44353484000
2021-05-11,44464612000
2021-05-12,43684800000
2021-05-13,44002856000
2021-05-14,44842064000
2021-05-17,44351568000
2021-05-18,44179128000
2021-05-19,44585320000
2021-05-20,45359384000
2021-05-21,45784736000
2021-05-24,46478328000
2021-05-25,46392108000
2021-05-26,45907360000
2021-05-27,45497336000
2021-05-28,46014656000
2021-06-01,45457100000
2021-06-02,45026000000
2021-06-03,44707944000
2021-06-04,44803744000
2021-06-07,44681120000
2021-06-08,44991512000
2021-06-09,45865208000
2021-06-10,46520480000
2021-06-11,46643104000
2021-06-14,46840452000
2021-06-15,47281132000
2021-06-16,46794468000
2021-06-17,47191080000
2021-06-18,45918856000
2021-06-21,46645020000
2021-06-22,46746568000
2021-06-23,46426596000
2021-06-24,46154524000
2021-06-25,47007144000
2021-06-28,46633524000
2021-06-29,46767644000
2021-06-30,46404280000
2021-07-01,47327310000
2021-07-02,47712225000
2021-07-06,48056925000
2021-07-07,48629510000
2021-07-08,47647115000
2021-07-09,48097140000
2021-07-12,47610730000
2021-07-13,47804145000
2021-07-14,47109000000
2021-07-15,47204750000
2021-07-16,47434550000
2021-07-19,46283635000
2021-07-20,47313905000
2021-07-21,46540245000
2021-07-22,46900265000
2021-07-23,47698820000
2021-07-26,47356035000
2021-07-27,46568970000
2021-07-28,46988355000
2021-07-29,47627965000
2021-07-30,47434550000
2021-08-02,47357950000
2021-08-03,47871170000
2021-08-04,47848190000
2021-08-05,47570515000
2021-08-06,47675840000
2021-08-09,47426890000
2021-08-10,47375185000
2021-08-11,46831325000
2021-08-12,47156875000
2021-08-13,47518810000
2021-08-16,48888035000
2021-08-17,49223160000
2021-08-18,48832500000
2021-08-19,49150390000
2021-08-20,48775050000
2021-08-23,48713770000
2021-08-24,49188690000
2021-08-25,49542964999
2021-08-26,49500835000
2021-08-27,49703825000
2021-08-30,50096400000
2021-08-31,49738295000
2021-09-01,50217045000
2021-09-02,50791545000
2021-09-03,50406630000
2021-09-07,50642175000
2021-09-08,50155765000
2021-09-09,50035119999
2021-09-10,49885750000
2021-09-13,48941655000
2021-09-14,49320825000
2021-09-15,49512325000
2021-09-16,49378275000
2021-09-17,49087195000
2021-09-20,48482055000
2021-09-21,49073790000
2021-09-22,49742125000
2021-09-23,50224705000
2021-09-24,50098315000
2021-09-27,47518810000
2021-09-28,46264485000
2021-09-29,46517265000
2021-09-30,45704232000
2021-10-01,46087740000
2021-10-04,45519156000
2021-10-05,45669888000
2021-10-06,45677520000
2021-10-07,46520856000
2021-10-08,46217484000
2021-10-11,45845424000
2021-10-12,45480996000
2021-10-13,46080108000
2021-10-14,47093256000
2021-10-15,47480580000
2021-10-18,47406168000
2021-10-19,47513016000
2021-10-20,47990016000
2021-10-21,48623472000
2021-10-22,49014612000
2021-10-25,49083300000
2021-10-26,48861971999
2021-10-27,48518532000
2021-10-28,49071852000
2021-10-29,49878936000
2021-11-01,49396212000
2021-11-02,49193964000
2021-11-03,48577680000
2021-11-04,48436488000
2021-11-05,47163852000
2021-11-08,47986200000
2021-11-09,48043440000
2021-11-10,48104496000
2021-11-11,48192264000
2021-11-12,48592944000
2021-11-15,48045348000
2021-11-16,51046632000
2021-11-17,50457060000
2021-11-18,50867280000
2021-11-19,51166836000
2021-11-22,51037092000
2021-11-23,50613516000
2021-11-24,50630688000
2021-11-26,50001048000
2021-11-29,50884452000
2021-11-30,49442004000
2021-12-01,49464900000
2021-12-02,50128884000
2021-12-03,49928544000
2021-12-06,50199480000
2021-12-07,51573240000
2021-12-08,51933852000
2021-12-09,51355728000
2021-12-10,51577056000
2021-12-13,51466392000
2021-12-14,50113619999
2021-12-15,51153480000
2021-12-16,50838660000
2021-12-17,51025644000
2021-12-20,50539104000
2021-12-21,51254604000
2021-12-22,52805808000
2021-12-23,53044308000
2021-12-27,53817048000
2021-12-28,53540388000
2021-12-29,53851392000
2021-12-30,53921988000
2021-12-31,53606600000
2022-01-03,51980200000
2022-01-04,50952300000
2022-01-05,49705900000
2022-01-06,49876900000
2022-01-07,48812900000
2022-01-10,48873700000
2022-01-11,49455100000
2022-01-12,49561500000
2022-01-13,47893300000
2022-01-14,46994600000
2022-01-18,46040800000
2022-01-19,45653200000
2022-01-20,46436000000
2022-01-21,45780500000
2022-01-24,46303000000
2022-01-25,44883700000
2022-01-26,44201600000
2022-01-27,44080000000
2022-01-28,45375800000
2022-01-31,46531000000
2022-02-01,46949000000
2022-02-02,48345500000
2022-02-03,47536100000
2022-02-04,47479100000
2022-02-07,46724800000
2022-02-08,47000300000
2022-02-09,48558300000
2022-02-10,47581700000
2022-02-11,46413200000
2022-02-14,45581000000
2022-02-15,43441600000
2022-02-16,44114200000
2022-02-17,43008400000
2022-02-18,43371300000
2022-02-22,43027400000
2022-02-23,42385200000
2022-02-24,43409300000
2022-02-25,44458100000
2022-02-28,43722800000
2022-03-01,43287700000
2022-03-02,44150300000
2022-03-03,44340300000
2022-03-04,43130000000
2022-03-07,41165400000
2022-03-08,40006400000
2022-03-09,41649900000
2022-03-10,41218600000
2022-03-11,40585900000
2022-03-14,40107100000
2022-03-15,40851900000
2022-03-16,41851300000
2022-03-17,42415600000
2022-03-18,43255400000
2022-03-21,43124300000
2022-03-22,43496700000
2022-03-23,41858900000
2022-03-24,42677800000
2022-03-25,42704400000
2022-03-28,43071100000
2022-03-29,44382100000
2022-03-30,43950800000
2022-03-31,43536843000
2022-04-01,45250373000
2022-04-04,44909550000
2022-04-05,44883188000
2022-04-06,45248490000
2022-04-07,46939424000
2022-04-08,47506207000
2022-04-11,45753134000
2022-04-12,44753261000
2022-04-13,45062073000
2022-04-14,44905784000
2022-04-18,44135637000
2022-04-19,44790921000
2022-04-20,45713591000
2022-04-21,44470811000
2022-04-22,42962528000
2022-04-25,41399638000
2022-04-26,38927259000
2022-04-27,39588192000
2022-04-28,41313020000
2022-04-29,41047517000
2022-05-02,40872398000
2022-05-03,40522160000
2022-05-04,41951357000
2022-05-05,40544756000
2022-05-06,40262306000
2022-05-09,38426381000
2022-05-10,38264443000
2022-05-11,37840768000
2022-05-12,38136399000
2022-05-13,39300093000
2022-05-16,38874535000
2022-05-17,38919727000
2022-05-18,37144058000
2022-05-19,37987642000
2022-05-20,38004589000
2022-05-23,38298337000
2022-05-24,38034717000
2022-05-25,38288922000
2022-05-26,39115559000
2022-05-27,41520150000
2022-05-31,40531575000
2022-06-01,39563713000
2022-06-02,41437298000
2022-06-03,41320552000
2022-06-06,41574757000
2022-06-07,42410809000
2022-06-08,41559693000
2022-06-09,40795195000
2022-06-10,39047771000
2022-06-13,37716490000
2022-06-14,37825704000
2022-06-15,38061079000
2022-06-16,36991535000
2022-06-17,37085685000
2022-06-21,37428391000
2022-06-22,37987642000
2022-06-23,39832982000
2022-06-24,40258540000
2022-06-27,40768833000
2022-06-28,39959143000
2022-06-29,40316913000
2022-06-30,40468635000
2022-07-01,40106825000
2022-07-05,40155315000
2022-07-06,40284000000
2022-07-07,40815525000
2022-07-08,40906910000
2022-07-11,40545100000
2022-07-12,39823345000
2022-07-13,39506295000
2022-07-14,39538000000
2022-07-15,40858420000
2022-07-18,39700255000
2022-07-19,41123250000
2022-07-20,41141900000
2022-07-21,42079995000
2022-07-22,41354510000
2022-07-25,41332130000
2022-07-26,40970320000
2022-07-27,41986745000
2022-07-28,44015865000
2022-07-29,44810355000
2022-08-01,44456005000
2022-08-02,43530965000
2022-08-03,43493665000
2022-08-04,43704410000
2022-08-05,43779010000
2022-08-08,43577590000
2022-08-09,43379900000
2022-08-10,44702185000
2022-08-11,45133000000
2022-08-12,45843565000
2022-08-15,46300490000
2022-08-16,45638415000
2022-08-17,44875630000
2022-08-18,44539930000
2022-08-19,44577230000
2022-08-22,43187805000
2022-08-23,42753260000
2022-08-24,43236295000
2022-08-25,43777145000
2022-08-26,40968455000
2022-08-29,40696165000
2022-08-30,40282135000
2022-08-31,39661090000
2022-09-01,39467130000
2022-09-02,38653990000
2022-09-06,39101590000
2022-09-07,40123610000
2022-09-08,41238880000
2022-09-09,41621205000
2022-09-12,42287010000
2022-09-13,39633115000
2022-09-14,39002745000
2022-09-15,38674505000
2022-09-16,38239960000
2022-09-19,37990050000
2022-09-20,37236590000
2022-09-21,36464480000
2022-09-22,35550630000
2022-09-23,35328695000
2022-09-26,34703920000
2022-09-27,34108984999
2022-09-28,34631185000
2022-09-29,33870265000
2022-09-30,33637697999
2022-10-03,34577340000
2022-10-04,35858670000
2022-10-05,35745393000
2022-10-06,34826178000
2022-10-07,33489138000
2022-10-10,32666487000
2022-10-11,32023964999
2022-10-12,31914402000
2022-10-13,32722197000
2022-10-14,32202237000
2022-10-17,33645126000
2022-10-18,34230081000
2022-10-19,33127022999
2022-10-20,32419506000
2022-10-21,33082455000
2022-10-24,33344292000
2022-10-25,36703605000
2022-10-26,37529970000
2022-10-27,37217994000
2022-10-28,38655312000
2022-10-31,38935719000
2022-11-01,38883723000
2022-11-02,37947795000
2022-11-03,37856802000
2022-11-04,37901370000
2022-11-07,38623743000
2022-11-08,38610744000
2022-11-09,37940367000
2022-11-10,41333106000
2022-11-11,42066621000
2022-11-14,41292252000
2022-11-15,41654367000
2022-11-16,41600514000
2022-11-17,39260694000
2022-11-18,39698946000
2022-11-21,39906930000
2022-11-22,40092630000
2022-11-23,40430604000
2022-11-25,40850286000
2022-11-28,39823365000
2022-11-29,39461250000
2022-11-30,40486314000
2022-12-01,40956135000
2022-12-02,40432461000
2022-12-05,39355401000
2022-12-06,38972859000
2022-12-07,38568033000
2022-12-08,39073137000
2022-12-09,38724021000
2022-12-12,39580098000
2022-12-13,40259760000
2022-12-14,39778797000
2022-12-15,38701737000
2022-12-16,37841946000
2022-12-19,37110288000
2022-12-20,37396266000
2022-12-21,37984935000
2022-12-22,37723098000
2022-12-23,37853088000
2022-12-27,37685958000
2022-12-28,37487259000
2022-12-29,38590317000
2022-12-30,38048073000
2023-01-03,37877188000
2023-01-04,38605524000
2023-01-05,38469890000
2023-01-06,38155888000
2023-01-09,38737442000
2023-01-10,40041758000
2023-01-11,41160274000
2023-01-12,40783100000
2023-01-13,41273612000
2023-01-17,41162132000
2023-01-18,40978190000
2023-01-19,41301482000
2023-01-20,41546738000
2023-01-23,42501750000
2023-01-24,41949924000
2023-01-25,42083700000
2023-01-26,42459016000
2023-01-27,42635526000
2023-01-30,42042824000
2023-01-31,42624378000
2023-02-01,43382442000
2023-02-02,44712770000
2023-02-03,44068044000
2023-02-06,43163198000
2023-02-07,43819072000
2023-02-08,43757758000
2023-02-09,42791598000
2023-02-10,41403672000
2023-02-13,43126038000
2023-02-14,42189606000
2023-02-15,42182174000
2023-02-16,41619200000
2023-02-17,40825834000
2023-02-21,39571684000
2023-02-22,39201942000
2023-02-23,39644146000
2023-02-24,38932532000
2023-02-27,38809904000
2023-02-28,38733726000
2023-03-01,39161066000
2023-03-02,40101214000
2023-03-03,41028356000
2023-03-06,40796106000
2023-03-07,39499222000
2023-03-08,39315280000
2023-03-09,37704394000
2023-03-10,36650908000
2023-03-13,36810696000
2023-03-14,37291918000
2023-03-15,36281166000
2023-03-16,36496694000
2023-03-17,35467362000
2023-03-20,35638298000
2023-03-21,36558008000
2023-03-22,35303858000
2023-03-23,34930400000
2023-03-24,34995430000
2023-03-27,35471078000
2023-03-28,35277846000
2023-03-29,35842678000
2023-03-30,36221710000
2023-03-31,36675316000
2023-04-03,36867092000
2023-04-04,36271480000
2023-04-05,36343396000
2023-04-06,36111052000
2023-04-10,36306516000
2023-04-11,36822836000
2023-04-12,36509356000
2023-04-13,37387100000
2023-04-14,36944540000
2023-04-17,37363128000
2023-04-18,37383412000
2023-04-19,37222984000
2023-04-20,36619996000
2023-04-21,37305964000
2023-04-24,37431356000
2023-04-25,35351324000
2023-04-26,35032312000
2023-04-27,33866904000
2023-04-28,34709612000
2023-05-01,35036000000
2023-05-02,34224640000
2023-05-03,34486488000
2023-05-04,34003360000
2023-05-05,34763088000
2023-05-08,35002808000
2023-05-09,34300244000
2023-05-10,34681952000
2023-05-11,35012028000
2023-05-12,34700392000
2023-05-15,35307068000
2023-05-16,35259124000
2023-05-17,35598420000
2023-05-18,36040980000
2023-05-19,36776736000
2023-05-22,37206388000
2023-05-23,37208232000
2023-05-24,36516732000
2023-05-25,36413468000
2023-05-26,36778580000
2023-05-30,37184260000
2023-05-31,36310204000
2023-06-01,36690068000
2023-06-02,37132628000
2023-06-05,37619444000
2023-06-06,37890512000
2023-06-07,38460308000
2023-06-08,38021436000
2023-06-09,38095196000
2023-06-12,39074360000
2023-06-13,39669972000
2023-06-14,39225568000
2023-06-15,39974232000
2023-06-16,39834088000
2023-06-20,39633092000
2023-06-21,39430252000
2023-06-22,39391528000
2023-06-23,39472664000
2023-06-26,39428408000
2023-06-27,39583304000
2023-06-28,40424168000
2023-06-29,40829848000
2023-06-30,41110433000
2023-07-03,40433703000
2023-07-05,40402610000
2023-07-06,39808185000
2023-07-07,39654549000
2023-07-10,40133747000
2023-07-11,39555783000
2023-07-12,40056929000
2023-07-13,40170327000
2023-07-14,40439190000
2023-07-17,40488573000
2023-07-18,41011667000
2023-07-19,41236634000
2023-07-20,41403073000
2023-07-21,41748754000
2023-07-24,41730464000
2023-07-25,42354153000
2023-07-26,42425484000
2023-07-27,41072024000
2023-07-28,41362835000
2023-07-31,40925704000
2023-08-01,40078877000
2023-08-02,40071561000
2023-08-03,39559441000
2023-08-04,39676497000
2023-08-07,40109970000
2023-08-08,40029494000
2023-08-09,39996572000
2023-08-10,40563562000
2023-08-11,40208736000
2023-08-14,40259948000
2023-08-15,39810014000
2023-08-16,39360080000
2023-08-17,39179009000
2023-08-18,39136942000
2023-08-21,39206444000
2023-08-22,39144258000
2023-08-23,39532006000
2023-08-24,39416779000
2023-08-25,40056929000
2023-08-28,40565391000
2023-08-29,41178106000
2023-08-30,41070195000
2023-08-31,40719027000
2023-09-01,41029957000
2023-09-05,40400781000
2023-09-06,40022178000
2023-09-07,40055100000
2023-09-08,39054637000
2023-09-11,39383857000
2023-09-12,39647233000
2023-09-13,39616140000
2023-09-14,38950384000
2023-09-15,38721759000
2023-09-18,38290115000
2023-09-19,38204152000
2023-09-20,37571318000
2023-09-21,36430022000
2023-09-22,36351375000
2023-09-25,37017131000
2023-09-26,36759242000
2023-09-27,36984209000
2023-09-28,36159330000
2023-09-29,35985575000
2023-10-02,35266772000
2023-10-03,34693787000
2023-10-04,35730617000
2023-10-05,35983458000
2023-10-06,36132616000
2023-10-09,36296326000
2023-10-10,36654669000
2023-10-11,37209464000
2023-10-12,35945259000
2023-10-13,36263584000
2023-10-16,36194462000
2023-10-17,36198100000
2023-10-18,34370005000
2023-10-19,33969825000
2023-10-20,33535084000
2023-10-23,33416849000
2023-10-24,33958911000
2023-10-25,32963918000
2023-10-26,33545997999
2023-10-27,32731086000
2023-10-30,32225404000
2023-10-31,32892977000
2023-11-01,32743819000
2023-11-02,34644674000
2023-11-03,35870680000
2023-11-06,36088960000
2023-11-07,36394552000
2023-11-08,36336344000
2023-11-09,34908429000
2023-11-10,35648762000
2023-11-13,35228573000
2023-11-14,36467312000
2023-11-15,37440477000
2023-11-16,37251301000
2023-11-17,37251301000
2023-11-20,37342251000
2023-11-21,37735155000
2023-11-22,38111688000
2023-11-24,38564619000
2023-11-27,38331787000
2023-11-28,38380900000
2023-11-29,38892039000
2023-11-30,38944790000
2023-12-01,39455929000
2023-12-04,39339513000
2023-12-05,38982989000
2023-12-06,39215821000
2023-12-07,39106681000
2023-12-08,39159432000
2023-12-11,39346789000
2023-12-12,39550517000
2023-12-13,41100305000
2023-12-14,41937045000
2023-12-15,41240368000
2023-12-18,41103943000
2023-12-19,41629634000
2023-12-20,40927500000
2023-12-21,41715127000
2023-12-22,41724222000
2023-12-26,42024357000
2023-12-27,42186248000
2023-12-28,42333587000
2023-12-29,42088022000
2024-01-02,41907941000
2024-01-03,40019819000
2024-01-04,40032552000
2024-01-05,40112588000
2024-01-08,40756514000
2024-01-09,40336325000
2024-01-10,39495947000
2024-01-11,38917505000
2024-01-12,38899315000
2024-01-16,38690130000
2024-01-17,38364529000
2024-01-18,38779261000
2024-01-19,39179441000
2024-01-22,39608725000
2024-01-23,38841107000
2024-01-24,38722872000
2024-01-25,39199450000
2024-01-26,39306771000
2024-01-29,39657838000
2024-01-30,39486852000
2024-01-31,37877037000
2024-02-01,38435470000
2024-02-02,38335425000
2024-02-05,38328149000
2024-02-06,39183079000
2024-02-07,38988446000
2024-02-08,39472300000
2024-02-09,39690580000
2024-02-12,39632372000
2024-02-13,39157613000
2024-02-14,44287193000
2024-02-15,43923393000
2024-02-16,43401340000
2024-02-20,42702844000
2024-02-21,43161232000
2024-02-22,44989327000
2024-02-23,44976594000
2024-02-26,45016612000
2024-02-27,45263996000
2024-02-28,45531389000
2024-02-29,44958404000
2024-03-01,45920655000
2024-03-04,45758764000
2024-03-05,45511380000
2024-03-06,46015243000
2024-03-07,47037520999
2024-03-08,46781042000
2024-03-11,47035702000
2024-03-12,47130290000
2024-03-13,46502735000
2024-03-14,46249894000
2024-03-15,45967949000
2024-03-18,46178953000
2024-03-19,46231704000
2024-03-20,45969768000
2024-03-21,46304464000
2024-03-22,45913379000
2024-03-25,45271272000
2024-03-26,45063906000
2024-03-27,45942483000
2024-03-28,46000691000
2024-04-01,45269453000
2024-04-02,44658269000
2024-04-03,44198062000
2024-04-04,43388607000
2024-04-05,43919755000
2024-04-08,43928850000
2024-04-09,44625527000
2024-04-10,43548679000
2024-04-11,43295838000
2024-04-12,42606437000
2024-04-15,42048004000
2024-04-16,41680566000
2024-04-17,41336775000
2024-04-18,41322223000
2024-04-19,41489571000
2024-04-22,42080746000
2024-04-23,43404978000
2024-04-24,43808796000
2024-04-25,42560962000
2024-04-26,42724672000
2024-04-29,42833812000
2024-04-30,42158963000
2024-05-01,42371786000
2024-05-02,40407266000
2024-05-03,40631003000
2024-05-06,41298576000
2024-05-07,41680566000
2024-05-08,41451372000
2024-05-09,41691480000
2024-05-10,42579152000
2024-05-13,41662376000
2024-05-14,42044366000
2024-05-15,42508211000
2024-05-16,42746500000
2024-05-17,42051642000
2024-05-20,41853371000
2024-05-21,41724222000
2024-05-22,41114857000
2024-05-23,41307671000
2024-05-24,41764240000
2024-05-28,41238549000
2024-05-29,40927500000
2024-05-30,40463655000
2024-05-31,39852471000
2024-06-03,39375893000
2024-06-04,39505042000
2024-06-05,39817910000
2024-06-06,40107131000
2024-06-07,39877937000
2024-06-10,39259477000
2024-06-11,39201269000
2024-06-12,39555974000
2024-06-13,38919324000
2024-06-14,38699225000
2024-06-17,38802908000
2024-06-18,38713777000
2024-06-20,38961161000
2024-06-21,39335875000
2024-06-24,38942971000
2024-06-25,38457298000
2024-06-26,38413642000
2024-06-27,38699225000
2024-06-28,38460936000
2024-07-01,37924331000
2024-07-02,37738793000
2024-07-03,37618739000
2024-07-05,37853390000
2024-07-08,38006186000
2024-07-09,38753795000
2024-07-10,38559162000
2024-07-11,39916136000
2024-07-12,40776523000
2024-07-15,41089391000
2024-07-16,42377243000
2024-07-17,41889751000
2024-07-18,40967670000
2024-07-19,40916654000
2024-07-22,44680906000
2024-07-23,43507538000
2024-07-24,43500250000
2024-07-25,42323238000
2024-07-26,43667874000
2024-07-29,43226950000
2024-07-30,44742854000
2024-07-31,44863106000
2024-08-01,45251192000
2024-08-02,44052316000
2024-08-05,42571030000
2024-08-06,43228772000
2024-08-07,41836764000
2024-08-08,43011954000
2024-08-09,43267034000
