,KEYS
2014-10-20,4717750000
2014-10-21,4727770000
2014-10-22,4801250000
2014-10-23,4884750000
2014-10-24,4968250000
2014-10-27,5026700000
2014-10-28,5118550000
2014-10-29,5010000000
2014-10-30,5051750000
2014-10-31,5292000000
2014-11-03,5233200000
2014-11-04,5066880000
2014-11-05,5070240000
2014-11-06,5048400000
2014-11-07,4992960000
2014-11-10,5003040000
2014-11-11,5046720000
2014-11-12,5179440000
2014-11-13,5108880000
2014-11-14,5157600000
2014-11-17,5216400000
2014-11-18,5208000000
2014-11-19,5202960000
2014-11-20,5276880000
2014-11-21,5426399999
2014-11-24,5544000000
2014-11-25,5518800000
2014-11-26,5745600000
2014-11-28,5913600000
2014-12-01,5863200000
2014-12-02,5843040000
2014-12-03,5764080000
2014-12-04,5735520000
2014-12-05,5728800000
2014-12-08,5743920000
2014-12-09,5670000000
2014-12-10,5622960000
2014-12-11,5626320000
2014-12-12,5520480000
2014-12-15,5523840000
2014-12-16,5525520000
2014-12-17,5683440000
2014-12-18,5730480000
2014-12-19,5708639999
2014-12-22,5701920000
2014-12-23,5649840000
2014-12-24,5678399999
2014-12-26,5666639999
2014-12-29,5696879999
2014-12-30,5691840000
2014-12-31,5673360000
2015-01-02,5614560000
2015-01-05,5634720000
2015-01-06,5646480000
2015-01-07,5691840000
2015-01-08,5732160000
2015-01-09,5705280000
2015-01-12,5789280000
2015-01-13,5827920000
2015-01-14,5868240000
2015-01-15,5790960000
2015-01-16,5873280000
2015-01-20,5866560000
2015-01-21,6004320000
2015-01-22,6011040000
2015-01-23,5858160000
2015-01-26,5767440000
2015-01-27,5666639999
2015-01-28,5601120000
2015-01-29,5658240000
2015-01-30,5609520000
2015-02-02,5801770000
2015-02-03,5754449999
2015-02-04,5781490000
2015-02-05,5849090000
2015-02-06,5928520000
2015-02-09,5909930000
2015-02-10,6043440000
2015-02-11,6011330000
2015-02-12,6121180000
2015-02-13,6166810000
2015-02-17,6171880000
2015-02-18,6168500000
2015-02-19,6305390000
2015-02-20,6303699999
2015-02-23,6200610000
2015-02-24,6352710000
2015-02-25,6303699999
2015-02-26,6327360000
2015-02-27,6344260000
2015-03-02,6401720000
2015-03-03,6342570000
2015-03-04,6367920000
2015-03-05,6310460000
2015-03-06,6274970000
2015-03-09,6318910000
2015-03-10,6214130000
2015-03-11,6293560000
2015-03-12,6308770000
2015-03-13,6295250000
2015-03-16,6411860000
2015-03-17,6454110000
2015-03-18,6543680000
2015-03-19,6543680000
2015-03-20,6547060000
2015-03-23,6572410000
2015-03-24,6536920000
2015-03-25,6296940000
2015-03-26,6205680000
2015-03-27,6129630000
2015-03-30,6104280000
2015-03-31,6278350000
2015-04-01,6187090000
2015-04-02,6217510000
2015-04-06,6207369999
2015-04-07,6148220000
2015-04-08,6166810000
2015-04-09,6283420000
2015-04-10,6261449999
2015-04-13,6183710000
2015-04-14,6109350000
2015-04-15,6116110000
2015-04-16,6095830000
2015-04-17,5975840000
2015-04-20,6105970000
2015-04-21,6119490000
2015-04-22,6085690000
2015-04-23,5989360000
2015-04-24,5913310000
2015-04-27,5803460000
2015-04-28,5735860000
2015-04-29,5708820000
2015-04-30,5654740000
2015-05-01,5680090000
2015-05-04,5827119999
2015-05-05,5746000000
2015-05-06,5686850000
2015-05-07,5730789999
2015-05-08,5844020000
2015-05-11,5918380000
2015-05-12,5874440000
2015-05-13,5957250000
2015-05-14,5947110000
2015-05-15,5970770000
2015-05-18,6121180000
2015-05-19,5913310000
2015-05-20,5472220000
2015-05-21,5582070000
2015-05-22,5590520000
2015-05-26,5511090000
2015-05-27,5571930000
2015-05-28,5560100000
2015-05-29,5553340000
2015-06-01,5549960000
2015-06-02,5571930000
2015-06-03,5614180000
2015-06-04,5556720000
2015-06-05,5558410000
2015-06-08,5538130000
2015-06-09,5553340000
2015-06-10,5595590000
2015-06-11,5602350000
2015-06-12,5582070000
2015-06-15,5512780000
2015-06-16,5512780000
2015-06-17,5578690000
2015-06-18,5644600000
2015-06-19,5626010000
2015-06-22,5661500000
2015-06-23,5558410000
2015-06-24,5485740000
2015-06-25,5435039999
2015-06-26,5450250000
2015-06-29,5306600000
2015-06-30,5271110000
2015-07-01,5281250000
2015-07-02,5318430000
2015-07-06,5281250000
2015-07-07,5277870000
2015-07-08,5134220000
2015-07-09,5124080000
2015-07-10,5129150000
2015-07-13,5195060000
2015-07-14,5227170000
2015-07-15,5156190000
2015-07-16,5203510000
2015-07-17,5164640000
2015-07-20,5198440000
2015-07-21,5140980000
2015-07-22,5195060000
2015-07-23,5120700000
2015-07-24,5080140000
2015-07-27,5015920000
2015-07-28,5080140000
2015-07-29,5152810000
2015-07-30,5178160000
2015-07-31,5191800000
2015-08-03,5183300000
2015-08-04,5169700000
2015-08-05,5159500000
2015-08-06,5052400000
2015-08-07,5076200000
2015-08-10,5208800000
2015-08-11,5113600000
2015-08-12,5079600000
2015-08-13,5084700000
2015-08-14,5162900000
2015-08-17,5164600000
2015-08-18,5100000000
2015-08-19,5021800000
2015-08-20,5570900000
2015-08-21,5499500000
2015-08-24,5200300000
2015-08-25,5159500000
2015-08-26,5280200000
2015-08-27,5383900000
2015-08-28,5426400000
2015-08-31,5446800000
2015-09-01,5312500000
2015-09-02,5412800000
2015-09-03,5543700000
2015-09-04,5480800000
2015-09-08,5625300000
2015-09-09,5562400000
2015-09-10,5604900000
2015-09-11,5582800000
2015-09-14,5581100000
2015-09-15,5601500000
2015-09-16,5703499999
2015-09-17,5730700000
2015-09-18,5581100000
2015-09-21,5593000000
2015-09-22,5448499999
2015-09-23,5402600000
2015-09-24,5305700000
2015-09-25,5271700000
2015-09-28,5139100000
2015-09-29,5128900000
2015-09-30,5242800000
2015-10-01,5173100000
2015-10-02,5321000000
2015-10-05,5457000000
2015-10-06,5465500000
2015-10-07,5559000000
2015-10-08,5630400000
2015-10-09,5555600000
2015-10-12,5490999999
2015-10-13,5440000000
2015-10-14,5514800000
2015-10-15,5569200000
2015-10-16,5540300000
2015-10-19,5445100000
2015-10-20,5440000000
2015-10-21,5360100000
2015-10-22,5441700000
2015-10-23,5490999999
2015-10-26,5441700000
2015-10-27,5406000000
2015-10-28,5608300000
2015-10-29,5620200000
2015-10-30,5623600000
2015-11-02,5706270000
2015-11-03,5656680000
2015-11-04,5591700000
2015-11-05,5518170000
2015-11-06,5470290000
2015-11-09,5413860000
2015-11-10,5273640000
2015-11-11,5309550000
2015-11-12,5184720000
2015-11-13,5194980000
2015-11-16,5299290000
2015-11-17,5268510000
2015-11-18,5340330000
2015-11-19,5323230000
2015-11-20,5039370000
2015-11-23,5143680000
2015-11-24,5227470000
2015-11-25,5232600000
2015-11-27,5266800000
2015-11-30,5268510000
2015-12-01,5128290000
2015-12-02,5095800000
2015-12-03,4967550000
2015-12-04,5058180000
2015-12-07,4989780000
2015-12-08,4994910000
2015-12-09,4948740000
2015-12-10,4959000000
2015-12-11,4897440000
2015-12-14,4764060000
2015-12-15,4849560000
2015-12-16,4851270000
2015-12-17,4866660000
2015-12-18,4789710000
2015-12-21,4806810000
2015-12-22,4883760000
2015-12-23,4959000000
2015-12-24,4950450000
2015-12-28,4921380000
2015-12-29,4894020000
2015-12-30,4887180000
2015-12-31,4844430000
2016-01-04,4755510000
2016-01-05,4745250000
2016-01-06,4668300000
2016-01-07,4483620000
2016-01-08,4351950000
2016-01-11,4263030000
2016-01-12,4317750000
2016-01-13,4177530000
2016-01-14,4215149999
2016-01-15,4023630000
2016-01-19,3968910000
2016-01-20,3917610000
2016-01-21,3989429999
2016-01-22,4104000000
2016-01-25,4097160000
2016-01-26,4102289999
2016-01-27,4013370000
2016-01-28,3956940000
2016-01-29,4001399999
2016-02-01,3910000000
2016-02-02,3814800000
2016-02-03,3806300000
2016-02-04,3899800000
2016-02-05,3780799999
2016-02-08,3634600000
2016-02-09,3600600000
2016-02-10,3699200000
2016-02-11,3663500000
2016-02-12,3775700000
2016-02-16,3842000000
2016-02-17,3918500000
2016-02-18,3947400000
2016-02-19,4062999999
2016-02-22,4193900000
2016-02-23,4280600000
2016-02-24,4374100000
2016-02-25,4375800000
2016-02-26,4409800000
2016-02-29,4435300000
2016-03-01,4477800000
2016-03-02,4569600000
2016-03-03,4605300000
2016-03-04,4627400000
2016-03-07,4615500000
2016-03-08,4545800000
2016-03-09,4386000000
2016-03-10,4428500000
2016-03-11,4515200000
2016-03-14,4516900000
2016-03-15,4455700000
2016-03-16,4508400000
2016-03-17,4632500000
2016-03-18,4715800000
2016-03-21,4749800000
2016-03-22,4797400000
2016-03-23,4590000000
2016-03-24,4590000000
2016-03-28,4630800000
2016-03-29,4715800000
2016-03-30,4661400000
2016-03-31,4715800000
2016-04-01,4727700000
2016-04-04,4649500000
2016-04-05,4573000000
2016-04-06,4550900000
2016-04-07,4493100000
2016-04-08,4542400000
2016-04-11,4579800000
2016-04-12,4542400000
2016-04-13,4726000000
2016-04-14,4644400000
2016-04-15,4613800000
2016-04-18,4607000000
2016-04-19,4634200000
2016-04-20,4617200000
2016-04-21,4601900000
2016-04-22,4663100000
2016-04-25,4576400000
2016-04-26,4639300000
2016-04-27,4610400000
2016-04-28,4496500000
2016-04-29,4433600000
2016-05-02,4420000000
2016-05-03,4420000000
2016-05-04,4404700000
2016-05-05,4391100000
2016-05-06,4416600000
2016-05-09,4372400000
2016-05-10,4455700000
2016-05-11,4392800000
2016-05-12,4465900000
2016-05-13,4416600000
2016-05-16,4465900000
2016-05-17,4455700000
2016-05-18,4455700000
2016-05-19,4418300000
2016-05-20,5089800000
2016-05-23,5122100000
2016-05-24,5171400000
2016-05-25,5183300000
2016-05-26,5181600000
2016-05-27,5222400000
2016-05-31,5207100000
2016-06-01,5242800000
2016-06-02,5336300000
2016-06-03,5341400000
2016-06-06,5366900000
2016-06-07,5326100000
2016-06-08,5389000000
2016-06-09,5314200000
2016-06-10,5208800000
2016-06-13,5084700000
2016-06-14,5037100000
2016-06-15,5072800000
2016-06-16,5013300000
2016-06-17,5042200000
2016-06-20,5176500000
2016-06-21,5110200000
2016-06-22,5168000000
2016-06-23,5275100000
2016-06-24,5042200000
2016-06-27,4843300000
2016-06-28,4918100000
2016-06-29,4943600000
2016-06-30,4945300000
2016-07-01,4918100000
2016-07-05,4826300000
2016-07-06,4802500000
2016-07-07,4790600000
2016-07-08,4933400000
2016-07-11,4850100000
2016-07-12,4913000000
2016-07-13,4882400000
2016-07-14,4909600000
2016-07-15,4947000000
2016-07-18,4984400000
2016-07-19,4974200000
2016-07-20,5052400000
2016-07-21,5018400000
2016-07-22,5076200000
2016-07-25,5011600000
2016-07-26,5043900000
2016-07-27,5059200000
2016-07-28,5026900000
2016-07-29,4970800000
2016-08-01,4962300000
2016-08-02,4794000000
2016-08-03,4863700000
2016-08-04,4843300000
2016-08-05,4918100000
2016-08-08,4918100000
2016-08-09,4894300000
2016-08-10,4935100000
2016-08-11,4965700000
2016-08-12,4984400000
2016-08-15,5043900000
2016-08-16,5032000000
2016-08-17,5045600000
2016-08-18,4999700000
2016-08-19,5132300000
2016-08-22,5151000000
2016-08-23,5149300000
2016-08-24,5060900000
2016-08-25,5096600000
2016-08-26,5106800000
2016-08-29,5144200000
2016-08-30,5178200000
2016-08-31,5173100000
2016-09-01,5200300000
2016-09-02,5174800000
2016-09-06,5168000000
2016-09-07,5168000000
2016-09-08,5162900000
2016-09-09,5020100000
2016-09-12,5149300000
2016-09-13,5062600000
2016-09-14,4996300000
2016-09-15,5096600000
2016-09-16,4972500000
2016-09-19,5210500000
2016-09-20,5212200000
2016-09-21,5281900000
2016-09-22,5378800000
2016-09-23,5349900000
2016-09-26,5264900000
2016-09-27,5295500000
2016-09-28,5397500000
2016-09-29,5287000000
2016-09-30,5387300000
2016-10-03,5329500000
2016-10-04,5317600000
2016-10-05,5365200000
2016-10-06,5361800000
2016-10-07,5317600000
2016-10-10,5339700000
2016-10-11,5297200000
2016-10-12,5312500000
2016-10-13,5324400000
2016-10-14,5372000000
2016-10-17,5380500000
2016-10-18,5429800000
2016-10-19,5526700000
2016-10-20,5552199999
2016-10-21,5523300000
2016-10-24,5618499999
2016-10-25,5589600000
2016-10-26,5567500000
2016-10-27,5591300000
2016-10-28,5577700000
2016-10-31,5608799999
2016-11-01,5584859999
2016-11-02,5468580000
2016-11-03,5468580000
2016-11-04,5441220000
2016-11-07,5687460000
2016-11-08,5678910000
2016-11-09,5776380000
2016-11-10,5802030000
2016-11-11,5911470000
2016-11-14,5950799999
2016-11-15,6007230000
2016-11-16,6003810000
2016-11-17,6022620000
2016-11-18,6137190000
2016-11-21,6138900000
2016-11-22,6258600000
2016-11-23,6438150000
2016-11-25,6542460000
2016-11-28,6494579999
2016-11-29,6371460000
2016-11-30,6297930000
2016-12-01,6068790000
2016-12-02,6044850000
2016-12-05,6128640000
2016-12-06,6219270000
2016-12-07,6263730000
2016-12-08,6318450000
2016-12-09,6347520000
2016-12-12,6347520000
2016-12-13,6352650000
2016-12-14,6215850000
2016-12-15,6243210000
2016-12-16,6207299999
2016-12-19,6137190000
2016-12-20,6154290000
2016-12-21,6181650000
2016-12-22,6191910000
2016-12-23,6304770000
2016-12-27,6327000000
2016-12-28,6234660000
2016-12-29,6263730000
2016-12-30,6253470000
2017-01-03,6203880000
2017-01-04,6306480000
2017-01-05,6232950000
2017-01-06,6190200000
2017-01-09,6173100000
2017-01-10,6209010000
2017-01-11,6241500000
2017-01-12,6215850000
2017-01-13,6315030000
2017-01-17,6135480000
2017-01-18,6138900000
2017-01-19,6109829999
2017-01-20,6183359999
2017-01-23,6207299999
2017-01-24,6318450000
2017-01-25,6448410000
2017-01-26,6368040000
2017-01-27,6328710000
2017-01-30,6325290000
2017-01-31,6561390000
2017-02-01,6499440000
2017-02-02,6395010000
2017-02-03,6610950000
2017-02-06,6492360000
2017-02-07,6472890000
2017-02-08,6584400000
2017-02-09,6547230000
2017-02-10,6660510000
2017-02-13,6623340000
2017-02-14,6628650000
2017-02-15,6743700000
2017-02-16,6764940000
2017-02-17,6711840000
2017-02-21,6733080000
2017-02-22,6747240000
2017-02-23,6683520000
2017-02-24,6646349999
2017-02-27,6656970000
2017-02-28,6655200000
2017-03-01,6731310000
2017-03-02,6711840000
2017-03-03,6775560000
2017-03-06,6713610000
2017-03-07,6708300000
2017-03-08,6708300000
2017-03-09,6729540000
2017-03-10,6878220000
2017-03-13,6803880000
2017-03-14,6779099999
2017-03-15,6913620000
2017-03-16,6924240000
2017-03-17,6906540000
2017-03-20,6858750000
2017-03-21,6479970000
2017-03-22,6402090000
2017-03-23,6584400000
2017-03-24,6515370000
2017-03-27,6464040000
2017-03-28,6499440000
2017-03-29,6437490000
2017-03-30,6476430000
2017-03-31,6396780000
2017-04-03,6407400000
2017-04-04,6414480000
2017-04-05,6418020000
2017-04-06,6449880000
2017-04-07,6361380000
2017-04-10,6317130000
2017-04-11,6334830000
2017-04-12,6262260000
2017-04-13,6248099999
2017-04-17,6363150000
2017-04-18,6331290000
2017-04-19,6481740000
2017-04-20,6495900000
2017-04-21,6350760000
2017-04-24,6550770000
2017-04-25,6681750000
2017-04-26,6699450000
2017-04-27,6722459999
2017-04-28,6625110000
2017-05-01,6798600000
2017-05-02,6818400000
2017-05-03,6865200000
2017-05-04,6921000000
2017-05-05,7005600000
2017-05-08,7027200000
2017-05-09,7043400000
2017-05-10,7057800000
2017-05-11,7034400000
2017-05-12,7016399999
2017-05-15,7061399999
2017-05-16,7034400000
2017-05-17,6811200000
2017-05-18,6741000000
2017-05-19,6748200000
2017-05-22,6775200000
2017-05-23,6760800000
2017-05-24,6852600000
2017-05-25,6883200000
2017-05-26,6904800000
2017-05-30,7038000000
2017-05-31,6955200000
2017-06-01,7034400000
2017-06-02,7156800000
2017-06-05,7185600000
2017-06-06,7245000000
2017-06-07,6951600000
2017-06-08,6893999999
2017-06-09,6775200000
2017-06-12,6660000000
2017-06-13,6588000000
2017-06-14,6541200000
2017-06-15,6575400000
2017-06-16,6836399999
2017-06-19,6838200000
2017-06-20,6831000000
2017-06-21,6813000000
2017-06-22,6858000000
2017-06-23,6890400000
2017-06-26,6870600000
2017-06-27,6899400000
2017-06-28,7012800000
2017-06-29,6948000000
2017-06-30,7007400000
2017-07-03,6967800000
2017-07-05,7047000000
2017-07-06,6964200000
2017-07-07,7212600000
2017-07-10,7288200000
2017-07-11,7261200000
2017-07-12,7371000000
2017-07-13,7437600000
2017-07-14,7489800000
2017-07-17,7551000000
2017-07-18,7506000000
2017-07-19,7549200000
2017-07-20,7523999999
2017-07-21,7554600000
2017-07-24,7650000000
2017-07-25,7709400000
2017-07-26,7655400000
2017-07-27,7599600000
2017-07-28,7545600000
2017-07-31,7639270872
2017-08-01,7712743061
2017-08-02,7657638919
2017-08-03,7650291700
2017-08-04,7692538209
2017-08-07,7868871463
2017-08-08,7852340220
2017-08-09,7767847203
2017-08-10,7576819511
2017-08-11,7620902824
2017-08-14,7674170161
2017-08-15,7637434067
2017-08-16,7676006966
2017-08-17,7499673712
2017-08-18,7418854304
2017-08-21,7332524482
2017-08-22,7400486257
2017-08-23,7242521050
2017-08-24,7303135606
2017-08-25,7314156434
2017-08-28,7321503653
2017-08-29,7246194659
2017-08-30,7383955014
2017-08-31,7505184126
2017-09-01,7448243180
2017-09-05,7341708505
2017-09-06,7367423772
2017-09-07,7361913357
2017-09-08,7277420340
2017-09-11,7345382115
2017-09-12,7457427203
2017-09-13,7475795251
2017-09-14,7521715369
2017-09-15,7598861168
2017-09-18,7644781286
2017-09-19,7591513949
2017-09-20,7453753594
2017-09-21,7455590399
2017-09-22,7439059156
2017-09-25,7338034896
2017-09-26,7303135606
2017-09-27,7501510517
2017-09-28,7598861168
2017-09-29,7652128505
2017-10-02,7753152765
2017-10-03,7760499984
2017-10-04,7815604126
2017-10-05,7716416670
2017-10-06,7677843771
2017-10-09,7670496552
2017-10-10,7745805546
2017-10-11,7782541641
2017-10-12,7811930516
2017-10-13,7846829806
2017-10-16,7806420102
2017-10-17,7806420102
2017-10-18,7870708268
2017-10-19,7852340220
2017-10-20,7872545072
2017-10-23,7811930516
2017-10-24,7896423534
2017-10-25,7911117972
2017-10-26,7896423534
2017-10-27,8135208149
2017-10-30,8127860930
2017-10-31,8353290000
2017-11-01,8334590000
2017-11-02,8295320000
2017-11-03,8373860000
2017-11-06,8429960000
2017-11-07,8491669999
2017-11-08,8487930000
2017-11-09,8317759999
2017-11-10,8332720000
2017-11-13,8287840000
2017-11-14,8228000000
2017-11-15,8149460000
2017-11-16,8209300000
2017-11-17,8156939999
2017-11-20,8229870000
2017-11-21,8443050000
2017-11-22,8450530000
2017-11-24,8478580000
2017-11-27,8392560000
2017-11-28,8360770000
2017-11-29,8059700000
2017-11-30,8134500000
2017-12-01,8127020000
2017-12-04,7835300000
2017-12-05,7889530000
2017-12-06,7868960000
2017-12-07,7988640000
2017-12-08,8106450000
2017-12-11,7897009999
2017-12-12,7859610000
2017-12-13,7820340000
2017-12-14,7897009999
2017-12-15,7981160000
2017-12-18,8050349999
2017-12-19,8041000000
2017-12-20,8027910000
2017-12-21,7969939999
2017-12-22,7867090000
2017-12-26,7779200000
2017-12-27,7767980000
2017-12-28,7887660000
2017-12-29,7779200000
2018-01-02,7882050000
2018-01-03,7994250000
2018-01-04,8033520000
2018-01-05,8213040000
2018-01-08,8334590000
2018-01-09,8443050000
2018-01-10,8291580000
2018-01-11,8400040000
2018-01-12,8381340000
2018-01-16,8368250000
2018-01-17,8603870000
2018-01-18,8558990000
2018-01-19,8663710000
2018-01-22,8691760000
2018-01-23,8704850000
2018-01-24,8607610000
2018-01-25,8553380000
2018-01-26,8710460000
2018-01-29,8910550000
2018-01-30,8826400000
2018-01-31,8783360000
2018-02-01,8864200000
2018-02-02,8719440000
2018-02-05,8429920000
2018-02-06,8488200000
2018-02-07,8503239999
2018-02-08,8236280000
2018-02-09,8132880000
2018-02-12,8277640000
2018-02-13,8360360000
2018-02-14,8529559999
2018-02-15,8644240000
2018-02-16,8623560000
2018-02-20,8591600000
2018-02-21,8567160000
2018-02-22,8567160000
2018-02-23,8702520000
2018-02-26,8977000000
2018-02-27,8916840000
2018-02-28,8837880000
2018-03-01,8757040000
2018-03-02,9290960000
2018-03-05,9501520000
2018-03-06,9879400000
2018-03-07,9890680000
2018-03-08,9886920000
2018-03-09,10165160000
2018-03-12,10268560000
2018-03-13,10127560000
2018-03-14,10073040000
2018-03-15,10035440000
2018-03-16,10037320000
2018-03-19,9905720000
2018-03-20,9907600000
2018-03-21,9994080000
2018-03-22,9755320000
2018-03-23,9552280000
2018-03-26,9811720000
2018-03-27,9651920000
2018-03-28,9631240000
2018-03-29,9849320000
2018-04-02,9614320000
2018-04-03,9706440000
2018-04-04,9779760000
2018-04-05,9785400000
2018-04-06,9507160000
2018-04-09,9642520000
2018-04-10,9932040000
2018-04-11,9984680000
2018-04-12,10121920000
2018-04-13,10131320000
2018-04-16,10114400000
2018-04-17,10247880000
2018-04-18,10259160000
2018-04-19,10172680000
2018-04-20,10069280000
2018-04-23,10195240000
2018-04-24,10078680000
2018-04-25,10063640000
2018-04-26,10112520000
2018-04-27,9836160000
2018-04-30,9715840000
2018-05-01,9653800000
2018-05-02,9627480000
2018-05-03,9706440000
2018-05-04,9856840000
2018-05-07,9821120000
2018-05-08,9913240000
2018-05-09,9992200000
2018-05-10,9980920000
2018-05-11,10084320000
2018-05-14,10041080000
2018-05-15,10048600000
2018-05-16,10063640000
2018-05-17,10106880000
2018-05-18,10120040000
2018-05-21,10152000000
2018-05-22,10120040000
2018-05-23,10074920000
2018-05-24,10046720000
2018-05-25,10020400000
2018-05-29,9969640000
2018-05-30,9962120000
2018-05-31,11043120000
2018-06-01,11244280000
2018-06-04,11488680000
2018-06-05,11535680000
2018-06-06,11640960000
2018-06-07,11355200000
2018-06-08,11466120000
2018-06-11,11597720000
2018-06-12,11580800000
2018-06-13,11543200000
2018-06-14,11509360000
2018-06-15,11511240000
2018-06-18,11562000000
2018-06-19,11513120000
2018-06-20,11464240000
2018-06-21,11379640000
2018-06-22,11298800000
2018-06-25,11043120000
2018-06-26,11159680000
2018-06-27,11007400000
2018-06-28,11105160000
2018-06-29,11097640000
2018-07-02,11219840000
2018-07-03,11176600000
2018-07-05,11186000000
2018-07-06,11248040000
2018-07-09,11306320000
2018-07-10,11358960000
2018-07-11,11231120000
2018-07-12,11295040000
2018-07-13,11274360000
2018-07-16,11208560000
2018-07-17,11336400000
2018-07-18,11413480000
2018-07-19,11452960000
2018-07-20,11390920000
2018-07-23,11206680000
2018-07-24,11122080000
2018-07-25,11210440000
2018-07-26,11357080000
2018-07-27,11122080000
2018-07-30,10802480000
2018-07-31,10846000000
2018-08-01,10984380000
2018-08-02,11162030000
2018-08-03,11090970000
2018-08-06,11244310000
2018-08-07,11292930000
2018-08-08,11306020000
2018-08-09,11266750000
2018-08-10,11206910000
2018-08-13,11180730000
2018-08-14,11311630000
2018-08-15,11019910000
2018-08-16,11152680000
2018-08-17,11186340000
2018-08-20,11255530000
2018-08-21,11302280000
2018-08-22,11999790000
2018-08-23,11775390000
2018-08-24,11760430000
2018-08-27,12065240000
2018-08-28,11988570000
2018-08-29,12052150000
2018-08-30,12027839999
2018-08-31,12134430000
2018-09-04,12244760000
2018-09-05,12257850000
2018-09-06,12293379999
2018-09-07,12276550000
2018-09-10,12358830000
2018-09-11,12435500000
2018-09-12,12366310000
2018-09-13,12416800000
2018-09-14,12304600000
2018-09-17,11994180000
2018-09-18,12192400000
2018-09-19,12141910000
2018-09-20,12128820000
2018-09-21,12085810000
2018-09-24,12138170000
2018-09-25,12250370000
2018-09-26,12145650000
2018-09-27,12276550000
2018-09-28,12394360000
2018-10-01,12362570000
2018-10-02,12302730000
2018-10-03,12362570000
2018-10-04,12246629999
2018-10-05,12192400000
2018-10-08,11962390000
2018-10-09,12054019999
2018-10-10,11479930000
2018-10-11,11302280000
2018-10-12,11597740000
2018-10-15,11494890000
2018-10-16,11795960000
2018-10-17,11824010000
2018-10-18,11794090000
2018-10-19,11552860000
2018-10-22,11582780000
2018-10-23,11521070000
2018-10-24,10937630000
2018-10-25,11104060000
2018-10-26,10945110000
2018-10-29,10567370000
2018-10-30,10683310000
2018-10-31,10673960000
2018-11-01,10763720000
2018-11-02,10692660000
2018-11-05,10909580000
2018-11-06,10976900000
2018-11-07,11345290000
2018-11-08,11371470000
2018-11-09,11068530000
2018-11-12,10874050000
2018-11-13,10817950000
2018-11-14,10745020000
2018-11-15,10982510000
2018-11-16,10844130000
2018-11-19,10391590000
2018-11-20,10163450000
2018-11-21,10720710000
2018-11-23,10580460000
2018-11-26,10945110000
2018-11-27,11107800000
2018-11-28,11500500000
2018-11-29,11504240000
2018-11-30,11560340000
2018-12-03,11670670000
2018-12-04,11403260000
2018-12-06,11352770000
2018-12-07,10973160000
2018-12-10,11147070000
2018-12-11,11132110000
2018-12-12,11345290000
2018-12-13,11335940000
2018-12-14,11498630000
2018-12-17,11201300000
2018-12-18,11354640000
2018-12-19,11233090000
2018-12-20,10952590000
2018-12-21,10683310000
2018-12-24,10479480000
2018-12-26,10976900000
2018-12-27,11117150000
2018-12-28,11244310000
2018-12-31,11608960000
2019-01-02,11485540000
2019-01-03,10905840000
2019-01-04,11584650000
2019-01-07,12059629999
2019-01-08,12276550000
2019-01-09,12542089999
2019-01-10,12577620000
2019-01-11,12573879999
2019-01-14,12586970000
2019-01-15,12811370000
2019-01-16,12912350000
2019-01-17,12944140000
2019-01-18,13011460000
2019-01-22,12678600000
2019-01-23,12644940000
2019-01-24,13211550000
2019-01-25,13290089999
2019-01-28,13518230000
2019-01-29,13398550000
2019-01-30,13707100000
2019-01-31,13915760000
2019-02-01,14133840000
2019-02-04,14173320000
2019-02-05,14220320000
2019-02-06,14485400000
2019-02-07,14344400000
2019-02-08,14449680000
2019-02-11,14665880000
2019-02-12,14724159999
2019-02-13,14833200000
2019-02-14,14855760000
2019-02-15,15111440000
2019-02-19,15164080000
2019-02-20,15243040000
2019-02-21,15369000000
2019-02-22,15502479999
2019-02-25,15619040000
2019-02-26,15912320000
2019-02-27,15946159999
2019-02-28,15869080000
2019-03-01,16149200000
2019-03-04,16023240000
2019-03-05,16028880000
2019-03-06,16027000000
2019-03-07,15901040000
2019-03-08,15790119999
2019-03-11,15980000000
2019-03-12,15959320000
2019-03-13,15831479999
2019-03-14,16042040000
2019-03-15,16164240000
2019-03-18,16119119999
2019-03-19,16222520000
2019-03-20,16235680000
2019-03-21,16455640000
2019-03-22,15934880000
2019-03-25,15938640000
2019-03-26,16047680000
2019-03-27,16040159999
2019-03-28,16263880000
2019-03-29,16393600000
2019-04-01,16758320000
2019-04-02,16786520000
2019-04-03,16918119999
2019-04-04,16726360000
2019-04-05,16814720000
2019-04-08,16891799999
2019-04-09,16942560000
2019-04-10,17036560000
2019-04-11,17177560000
2019-04-12,17265920000
2019-04-15,17239600000
2019-04-16,17017760000
2019-04-17,16600400000
2019-04-18,16889920000
2019-04-22,17030920000
2019-04-23,17346760000
2019-04-24,17444520000
2019-04-25,16495119999
2019-04-26,16145440000
2019-04-29,16305240000
2019-04-30,16361640000
2019-05-01,16141680000
2019-05-02,16421799999
2019-05-03,16577840000
2019-05-06,16570320000
2019-05-07,16246960000
2019-05-08,16309000000
2019-05-09,16224400000
2019-05-10,16136040000
2019-05-13,15532560000
2019-05-14,15752520000
2019-05-15,15869080000
2019-05-16,16015720000
2019-05-17,15389680000
2019-05-20,14017280000
2019-05-21,14167680000
2019-05-22,14242880000
2019-05-23,13829280000
2019-05-24,13853720000
2019-05-28,13748440000
2019-05-29,13426960000
2019-05-30,14944119999
2019-05-31,14124440000
2019-06-03,13951479999
2019-06-04,14694080000
2019-06-05,14867040000
2019-06-06,15024960000
2019-06-07,15440440000
2019-06-10,15483680000
2019-06-11,15729960000
2019-06-12,15859680000
2019-06-13,15948040000
2019-06-14,15760040000
2019-06-17,15667920000
2019-06-18,16168000000
2019-06-19,16316520000
2019-06-20,16619200000
2019-06-21,16246960000
2019-06-24,16252600000
2019-06-25,16021360000
2019-06-26,16399240000
2019-06-27,16378560000
2019-06-28,16884280000
2019-07-01,17452040000
2019-07-02,17079799999
2019-07-03,17175680000
2019-07-05,17196360000
2019-07-08,16888040000
2019-07-09,16929400000
2019-07-10,16722600000
2019-07-11,16874880000
2019-07-12,17177560000
2019-07-15,17109880000
2019-07-16,16810960000
2019-07-17,16585360000
2019-07-18,16427440000
2019-07-19,16442479999
2019-07-22,16436840000
2019-07-23,16690640000
2019-07-24,17617480000
2019-07-25,17061000000
2019-07-26,17070400000
2019-07-29,16968880000
2019-07-30,17147479999
2019-07-31,16740240000
2019-08-01,16753330000
2019-08-02,16474699999
2019-08-05,15621980000
2019-08-06,16059560000
2019-08-07,15938010000
2019-08-08,16691620000
2019-08-09,16341930000
2019-08-12,16136230000
2019-08-13,16543890000
2019-08-14,15709870000
2019-08-15,15584580000
2019-08-16,16024030000
2019-08-19,16338190000
2019-08-20,16325100000
2019-08-21,16669180000
2019-08-22,18765450000
2019-08-23,17424660000
2019-08-26,17796790000
2019-08-27,17673370000
2019-08-28,17968830000
2019-08-29,18105340000
2019-08-30,18112820000
2019-09-03,17725730000
2019-09-04,17922080000
2019-09-05,18569100000
2019-09-06,18335350000
2019-09-09,18443810000
2019-09-10,18408280000
2019-09-11,18425110000
2019-09-12,18520480000
2019-09-13,18621460000
2019-09-16,18509260000
2019-09-17,18958060000
2019-09-18,18950580000
2019-09-19,18701870000
2019-09-20,18469990000
2019-09-23,18675690000
2019-09-24,18344700000
2019-09-25,18625200000
2019-09-26,18565360000
2019-09-27,18006230000
2019-09-30,18185750000
2019-10-01,17937040000
2019-10-02,17727600000
2019-10-03,17851020000
2019-10-04,18060460000
2019-10-07,17991270000
2019-10-08,17095540000
2019-10-09,17692070000
2019-10-10,17658410000
2019-10-11,17765000000
2019-10-14,17854760000
2019-10-15,18275510000
2019-10-16,17875330000
2019-10-17,18146480000
2019-10-18,18374620000
2019-10-21,19255390000
2019-10-22,19167500000
2019-10-23,19341410000
2019-10-24,18836510000
2019-10-25,18939360000
2019-10-28,19154410000
2019-10-29,19520930000
2019-10-30,19313360000
2019-10-31,18971080000
2019-11-01,19157200000
2019-11-04,19608400000
2019-11-05,19574560000
2019-11-06,19435440000
2019-11-07,19499360000
2019-11-08,19787000000
2019-11-11,19856560000
2019-11-12,20127280000
2019-11-13,20050200000
2019-11-14,20084040000
2019-11-15,20507040000
2019-11-18,20185560000
2019-11-19,20328440000
2019-11-20,20211880000
2019-11-21,19881000000
2019-11-22,19488080000
2019-11-25,19984400000
2019-11-26,19877240000
2019-11-27,20311520000
2019-11-29,20121640000
2019-12-02,19418520000
2019-12-03,19127120000
2019-12-04,19394080000
2019-12-05,18944760000
2019-12-06,19401600000
2019-12-09,19123360000
2019-12-10,19100800000
2019-12-11,19409120000
2019-12-12,20172400000
2019-12-13,20268280000
2019-12-16,19771960000
2019-12-17,19540720000
2019-12-18,19538840000
2019-12-19,19525680000
2019-12-20,19386560000
2019-12-23,19544480000
2019-12-24,19405360000
2019-12-26,19486200000
2019-12-27,19407240000
2019-12-30,19209840000
2019-12-31,19294440000
2020-01-02,19587720000
2020-01-03,19153440000
2020-01-06,18826320000
2020-01-07,18946640000
2020-01-08,19001160000
2020-01-09,19102680000
2020-01-10,18867680000
2020-01-13,19138400000
2020-01-14,19061320000
2020-01-15,18999280000
2020-01-16,19433560000
2020-01-17,19809560000
2020-01-21,19715560000
2020-01-22,19835880000
2020-01-23,19582080000
2020-01-24,19360240000
2020-01-27,18801880000
2020-01-28,19202320000
2020-01-29,17984080000
2020-01-30,17914520000
2020-01-31,17389130000
2020-02-03,17430270000
2020-02-04,17703290000
2020-02-05,17839800000
2020-02-06,18043630000
2020-02-07,17671500000
2020-02-10,17680850000
2020-02-11,17980050000
2020-02-12,18413890000
2020-02-13,18066070000
2020-02-14,18355920000
2020-02-18,18251200000
2020-02-19,18415760000
2020-02-20,18412020000
2020-02-21,17985660000
2020-02-24,16996430000
2020-02-25,17514420000
2020-02-26,17591090000
2020-02-27,17278800000
2020-02-28,17720120000
2020-03-02,18217540000
2020-03-03,17486370000
2020-03-04,18312910000
2020-03-05,18438200000
2020-03-06,17953870000
2020-03-09,16680400000
2020-03-10,17733210000
2020-03-11,17166600000
2020-03-12,15401320000
2020-03-13,17209610000
2020-03-16,15666860000
2020-03-17,17613530000
2020-03-18,16082000000
2020-03-19,16076390000
2020-03-20,15537830000
2020-03-23,15178790000
2020-03-24,15906220000
2020-03-25,15326519999
2020-03-26,15747269999
2020-03-27,14638360000
2020-03-30,16018420000
2020-03-31,15648160000
2020-04-01,15126430000
2020-04-02,15661250000
2020-04-03,15431240000
2020-04-06,16966510000
2020-04-07,16682269999
2020-04-08,17017000000
2020-04-09,17222700000
2020-04-13,17306850000
2020-04-14,17738820000
2020-04-15,17385390000
2020-04-16,18060460000
2020-04-17,17922080000
2020-04-20,17822970000
2020-04-21,17129199999
2020-04-22,17815490000
2020-04-23,17907120000
2020-04-24,18239980000
2020-04-27,18013710000
2020-04-28,17938910000
2020-04-29,18496170000
2020-04-30,18095990000
2020-05-01,17548080000
2020-05-04,17482630000
2020-05-05,17955740000
2020-05-06,18492430000
2020-05-07,18137130000
2020-05-08,18829030000
2020-05-11,18900090000
2020-05-12,18514870000
2020-05-13,18243720000
2020-05-14,18456900000
2020-05-15,17723860000
2020-05-18,18110950000
2020-05-19,17952000000
2020-05-20,19246040000
2020-05-21,18698130000
2020-05-22,19085220000
2020-05-26,19335800000
2020-05-27,19025380000
2020-05-28,19380680000
2020-05-29,20220310000
2020-06-01,19995910000
2020-06-02,19879970000
2020-06-03,19922980000
2020-06-04,19145060000
2020-06-05,19898670000
2020-06-08,19236690000
2020-06-09,19281570000
2020-06-10,19352630000
2020-06-11,18292340000
2020-06-12,17890290000
2020-06-15,18426980000
2020-06-16,18971150000
2020-06-17,19505970000
2020-06-18,19184330000
2020-06-19,19904280000
2020-06-22,19601340000
2020-06-23,19511580000
2020-06-24,18930010000
2020-06-25,18772930000
2020-06-26,18243720000
2020-06-29,18350310000
2020-06-30,18845860000
2020-07-01,18645770000
2020-07-02,18836510000
2020-07-06,19040340000
2020-07-07,18677560000
2020-07-08,18539180000
2020-07-09,18668210000
2020-07-10,18258680000
2020-07-13,17721990000
2020-07-14,17920210000
2020-07-15,18097860000
2020-07-16,18023060000
2020-07-17,18284860000
2020-07-20,18301690000
2020-07-21,18406410000
2020-07-22,18395190000
2020-07-23,18546660000
2020-07-24,18110950000
2020-07-27,18363400000
2020-07-28,17892160000
2020-07-29,17991270000
2020-07-30,18509260000
2020-07-31,18679430000
2020-08-03,18843990000
2020-08-04,18756100000
2020-08-05,18765450000
2020-08-06,18696260000
2020-08-07,18352180000
2020-08-10,18282990000
2020-08-11,18477470000
2020-08-12,18619590000
2020-08-13,19298400000
2020-08-14,19251650000
2020-08-17,19186200000
2020-08-18,19203030000
2020-08-19,19448000000
2020-08-20,19227340000
2020-08-21,17929560000
2020-08-24,18006230000
2020-08-25,18247460000
2020-08-26,18339090000
2020-08-27,17879070000
2020-08-28,18200710000
2020-08-31,18423240000
2020-09-01,18651380000
2020-09-02,19167500000
2020-09-03,18305430000
2020-09-04,17755650000
2020-09-08,17463930000
2020-09-09,17370430000
2020-09-10,16959030000
2020-09-11,17269450000
2020-09-14,17621010000
2020-09-15,17991270000
2020-09-16,18320390000
2020-09-17,18372750000
2020-09-18,18157700000
2020-09-21,18288600000
2020-09-22,18217540000
2020-09-23,18019320000
2020-09-24,18064200000
2020-09-25,18348440000
2020-09-28,18746750000
2020-09-29,18625200000
2020-09-30,18471860000
2020-10-01,18228760000
2020-10-02,18376490000
2020-10-05,18642030000
2020-10-06,18604630000
2020-10-07,18916920000
2020-10-08,19294660000
2020-10-09,19683620000
2020-10-12,19769640000
2020-10-13,19539630000
2020-10-14,19631260000
2020-10-15,19762160000
2020-10-16,19618170000
2020-10-19,19949160000
2020-10-20,19719150000
2020-10-21,19765900000
2020-10-22,19870620000
2020-10-23,20173560000
2020-10-26,19793950000
2020-10-27,19990300000
2020-10-28,19504100000
2020-10-29,19548980000
2020-10-30,19610690000
2020-11-02,19481640000
2020-11-03,20035920000
2020-11-04,20050800000
2020-11-05,20670180000
2020-11-06,21012420000
2020-11-09,21494160000
2020-11-10,20832000000
2020-11-11,21471840000
2020-11-12,21207720000
2020-11-13,21594600000
2020-11-16,21886620000
2020-11-17,21866160000
2020-11-18,21416040000
2020-11-19,21940560000
2020-11-20,21607620000
2020-11-23,21789900000
2020-11-24,21970320000
2020-11-25,22044720000
2020-11-27,22147020000
2020-11-30,22327440000
2020-12-01,22662240000
2020-12-02,22669680000
2020-12-03,22811040000
2020-12-04,22917060000
2020-12-07,23233260000
2020-12-08,23646180000
2020-12-09,23188620000
2020-12-10,23205360000
2020-12-11,23491800000
2020-12-14,23011920000
2020-12-15,22946820000
2020-12-16,23047260000
2020-12-17,23595960000
2020-12-18,23856360000
2020-12-21,23616420000
2020-12-22,23936340000
2020-12-23,24258119999
2020-12-24,24356699999
2020-12-28,24518520000
2020-12-29,24181860000
2020-12-30,24410640000
2020-12-31,24568740000
2021-01-04,24399480000
2021-01-05,24894240000
2021-01-06,25316460000
2021-01-07,26226000000
2021-01-08,27304800000
2021-01-11,27927900000
2021-01-12,27308520000
2021-01-13,27269460000
2021-01-14,27347580000
2021-01-15,27209940000
2021-01-19,27355020000
2021-01-20,27440580000
2021-01-21,27282480000
2021-01-22,26999760000
2021-01-25,27165300000
2021-01-26,27319680000
2021-01-27,28108320000
2021-01-28,27048119999
2021-01-29,26335740000
2021-02-01,26419850000
2021-02-02,26184900000
2021-02-03,26170100000
2021-02-04,26009150000
2021-02-05,26445749999
2021-02-08,26769499999
2021-02-09,27084000000
2021-02-10,27463249999
2021-02-11,27814750000
2021-02-12,28393800000
2021-02-16,27947950000
2021-02-17,27576100000
2021-02-18,27387400000
2021-02-19,26305150000
2021-02-22,25461550000
2021-02-23,25820450000
2021-02-24,26573399999
2021-02-25,25831550000
2021-02-26,26181200000
2021-03-01,26723249999
2021-03-02,26225600000
2021-03-03,25433800000
2021-03-04,24499550000
2021-03-05,24919499999
2021-03-08,24462550000
2021-03-09,25217350000
2021-03-10,25026800000
2021-03-11,25204400000
2021-03-12,25161850000
2021-03-15,25326500000
2021-03-16,25433800000
2021-03-17,25409750000
2021-03-18,25160000000
2021-03-19,24932450000
2021-03-22,25424550000
2021-03-23,25008300000
2021-03-24,25023100000
2021-03-25,25202550000
2021-03-26,26305150000
2021-03-29,26144200000
2021-03-30,26184900000
2021-03-31,26529000000
2021-04-01,26601150000
2021-04-05,27256050000
2021-04-06,27000749999
2021-04-07,26630749999
2021-04-08,26760250000
2021-04-09,27052550000
2021-04-12,26830550000
2021-04-13,26534550000
2021-04-14,26532699999
2021-04-15,26874950000
2021-04-16,26899000000
2021-04-19,26571550000
2021-04-20,26455000000
2021-04-21,26760250000
2021-04-22,26936000000
2021-04-23,27354100000
2021-04-26,27516900000
2021-04-27,27452149999
2021-04-28,27122850000
2021-04-29,27452149999
2021-04-30,26560400000
2021-05-03,25833600000
2021-05-04,25818880000
2021-05-05,25892480000
2021-05-06,26277040000
2021-05-07,26387440000
2021-05-10,25741600000
2021-05-11,25563120000
2021-05-12,24917279999
2021-05-13,25401200000
2021-05-14,25732400000
2021-05-17,25675360000
2021-05-18,25463759999
2021-05-19,25419600000
2021-05-20,25949520000
2021-05-21,25697440000
2021-05-24,25907200000
2021-05-25,25756320000
2021-05-26,26008400000
2021-05-27,25859360000
2021-05-28,26197920000
2021-06-01,26122480000
2021-06-02,26483120000
2021-06-03,26685520000
2021-06-04,27393920000
2021-06-07,27259600000
2021-06-08,27368160000
2021-06-09,27042480000
2021-06-10,27404960000
2021-06-11,27200720000
2021-06-14,27338720000
2021-06-15,27228320000
2021-06-16,27397600000
2021-06-17,27480400000
2021-06-18,27136320000
2021-06-21,27430720000
2021-06-22,27704880000
2021-06-23,27774799999
2021-06-24,28089440000
2021-06-25,28210880000
2021-06-28,28411440000
2021-06-29,28665360000
2021-06-30,28411440000
2021-07-01,28255040000
2021-07-02,28179600000
2021-07-06,28365440000
2021-07-07,28575200000
2021-07-08,28367279999
2021-07-09,28669040000
2021-07-12,29020480000
2021-07-13,28965279999
2021-07-14,29057279999
2021-07-15,28807040000
2021-07-16,28521840000
2021-07-19,28479520000
2021-07-20,28812560000
2021-07-21,29156640000
2021-07-22,29178720000
2021-07-23,29384799999
2021-07-26,29436320000
2021-07-27,29226560000
2021-07-28,29467600000
2021-07-29,29754640000
2021-07-30,30277200000
2021-08-02,30178530000
2021-08-03,30507930000
2021-08-04,30573810000
2021-08-05,30451200000
2021-08-06,30487800000
2021-08-09,30551849999
2021-08-10,30310290000
2021-08-11,30204150000
2021-08-12,30200490000
2021-08-13,30396300000
2021-08-16,30496950000
2021-08-17,30088859999
2021-08-18,29949780000
2021-08-19,30504270000
2021-08-20,30888570000
2021-08-23,31351560000
2021-08-24,32012190000
2021-08-25,31959119999
2021-08-26,32131140000
2021-08-27,32484330000
2021-08-30,32773470000
2021-08-31,32826540000
2021-09-01,32705760000
2021-09-02,32993070000
2021-09-03,33174240000
2021-09-07,33154109999
2021-09-08,33207180000
2021-09-09,33084570000
2021-09-10,32965619999
2021-09-13,32605109999
2021-09-14,32605109999
2021-09-15,32874119999
2021-09-16,32899740000
2021-09-17,32473349999
2021-09-20,31820040000
2021-09-21,31884090000
2021-09-22,32339760000
2021-09-23,32894250000
2021-09-24,32643540000
2021-09-27,32359890000
2021-09-28,30725700000
2021-09-29,30540869999
2021-09-30,30065070000
2021-10-01,30271859999
2021-10-04,29492280000
2021-10-05,29783250000
2021-10-06,29490450000
2021-10-07,29871090000
2021-10-08,29602080000
2021-10-11,29587440000
2021-10-12,29519730000
2021-10-13,30017490000
2021-10-14,30793410000
2021-10-15,30873930000
2021-10-18,31591290000
2021-10-19,31973760000
2021-10-20,31865790000
2021-10-21,32290349999
2021-10-22,32248260000
2021-10-25,32500800000
2021-10-26,32533740000
2021-10-27,32380020000
2021-10-28,32821050000
2021-10-29,32943660000
2021-11-01,33128490000
2021-11-02,33816570000
2021-11-03,33573180000
2021-11-04,34048980000
2021-11-05,33613440000
2021-11-08,34089240000
2021-11-09,34012380000
2021-11-10,33600630000
2021-11-11,33994080000
2021-11-12,34151460000
2021-11-15,34438770000
2021-11-16,35265930000
2021-11-17,35566050000
2021-11-18,35551410000
2021-11-19,35617290000
2021-11-22,35125020000
2021-11-23,35738070000
2021-11-24,36537780000
2021-11-26,35020710000
2021-11-29,36186420000
2021-11-30,35589840000
2021-12-01,35441610000
2021-12-02,36321840000
2021-12-03,36459090000
2021-12-06,35712450000
2021-12-07,37044690000
2021-12-08,37000770000
2021-12-09,36715290000
2021-12-10,36938550000
2021-12-13,37348470000
2021-12-14,36232170000
2021-12-15,37333830000
2021-12-16,36341970000
2021-12-17,36087600000
2021-12-20,35542260000
2021-12-21,36157140000
2021-12-22,36711630000
2021-12-23,36861690000
2021-12-27,38051190000
2021-12-28,37860870000
2021-12-29,37934070000
2021-12-30,37844400000
2021-12-31,37791330000
2022-01-03,37086780000
2022-01-04,36116880000
2022-01-05,35165280000
2022-01-06,35243970000
2022-01-07,34404000000
2022-01-10,34180740000
2022-01-11,35081100000
2022-01-12,34843200000
2022-01-13,34149630000
2022-01-14,34246619999
2022-01-18,33199859999
2022-01-19,33022349999
2022-01-20,32478840000
2022-01-21,31735859999
2022-01-24,32090880000
2022-01-25,30884910000
2022-01-26,30833670000
2022-01-27,29484960000
2022-01-28,30015660000
2022-01-31,30556420000
2022-02-01,30599860000
2022-02-02,30998060000
2022-02-03,30024280000
2022-02-04,30084010000
2022-02-07,30060480000
2022-02-08,30484019999
2022-02-09,31159150000
2022-02-10,30630630000
2022-02-11,29872240000
2022-02-14,30033330000
2022-02-15,30728370000
2022-02-16,30793530000
2022-02-17,29955500000
2022-02-18,29066790000
2022-02-22,28704790000
2022-02-23,27756350000
2022-02-24,28688500000
2022-02-25,28956380000
2022-02-28,28483970000
2022-03-01,27745490000
2022-03-02,28572660000
2022-03-03,28127400000
2022-03-04,27452269999
2022-03-07,26583470000
2022-03-08,26478490000
2022-03-09,27340050000
2022-03-10,26514690000
2022-03-11,26402470000
2022-03-14,26060380000
2022-03-15,27088460000
2022-03-16,27948210000
2022-03-17,28371750000
2022-03-18,29215210000
2022-03-21,29010680000
2022-03-22,28753660000
2022-03-23,28299350000
2022-03-24,28793480000
2022-03-25,28979910000
2022-03-28,28967240000
2022-03-29,29877670000
2022-03-30,29106610000
2022-03-31,28592570000
2022-04-01,28670400000
2022-04-04,28885790000
2022-04-05,28045949999
2022-04-06,27428740000
2022-04-07,27388920000
2022-04-08,27111990000
2022-04-11,26679400000
2022-04-12,26545460000
2022-04-13,26654060000
2022-04-14,26051330000
2022-04-18,26293870000
2022-04-19,26853160000
2022-04-20,27370820000
2022-04-21,27032350000
2022-04-22,26295680000
2022-04-25,26599760000
2022-04-26,25589780000
2022-04-27,25577110000
2022-04-28,26277580000
2022-04-29,25388870000
2022-05-02,25394730000
2022-05-03,25584470000
2022-05-04,26241400000
2022-05-05,25222890000
2022-05-06,24841620000
2022-05-09,23663799999
2022-05-10,24181110000
2022-05-11,23454370000
2022-05-12,23379190000
2022-05-13,24463929999
2022-05-16,24197220000
2022-05-17,25126230000
2022-05-18,24344000000
2022-05-19,24540900000
2022-05-20,24666200000
2022-05-23,25088640000
2022-05-24,24854150000
2022-05-25,24603549999
2022-05-26,25285540000
2022-05-27,25996170000
2022-05-31,26062400000
2022-06-01,25695450000
2022-06-02,26631620000
2022-06-03,26264670000
2022-06-06,26246770000
2022-06-07,26572549999
2022-06-08,25931730000
2022-06-09,25750940000
2022-06-10,25154870000
2022-06-13,23905450000
2022-06-14,24195429999
2022-06-15,24786130000
2022-06-16,23457950000
2022-06-17,23950200000
2022-06-21,24440660000
2022-06-22,24322520000
2022-06-23,24508679999
2022-06-24,25145920000
2022-06-27,25412630000
2022-06-28,24866679999
2022-06-29,24823720000
2022-06-30,24675150000
2022-07-01,24370850000
2022-07-05,24585650000
2022-07-06,25025990000
2022-07-07,25595210000
2022-07-08,25536140000
2022-07-11,25330290000
2022-07-12,25235420000
2022-07-13,25351770000
2022-07-14,24804030000
2022-07-15,25702610000
2022-07-18,25280170000
2022-07-19,26411450000
2022-07-20,26803460000
2022-07-21,27458600000
2022-07-22,26953820000
2022-07-25,27218740000
2022-07-26,27073750000
2022-07-27,27852400000
2022-07-28,28521860000
2022-07-29,29105400000
2022-08-01,29293350000
2022-08-02,29191320000
2022-08-03,29631660000
2022-08-04,30075580000
2022-08-05,29939540000
2022-08-08,29753380000
2022-08-09,29089290000
2022-08-10,29814240000
2022-08-11,29842880000
2022-08-12,30358400000
2022-08-15,30632270000
2022-08-16,30542770000
2022-08-17,30302910000
2022-08-18,32105440000
2022-08-19,31545170000
2022-08-22,30537400000
2022-08-23,30471170000
2022-08-24,30589309999
2022-08-25,30897190000
2022-08-26,29907320000
2022-08-29,29776650000
2022-08-30,29356000000
2022-08-31,29336309999
2022-09-01,29366740000
2022-09-02,29225330000
2022-09-06,29271870000
2022-09-07,30370929999
2022-09-08,30949100000
2022-09-09,30852440000
2022-09-12,31092299999
2022-09-13,30136440000
2022-09-14,30091690000
2022-09-15,29653140000
2022-09-16,29611970000
2022-09-19,29706840000
2022-09-20,29438340000
2022-09-21,29006950000
2022-09-22,28409090000
2022-09-23,28076150000
2022-09-26,27845240000
2022-09-27,28086890000
2022-09-28,28559450000
2022-09-29,28428780000
2022-09-30,28167440000
2022-10-03,29073179999
2022-10-04,30188350000
2022-10-05,30199090000
2022-10-06,30163290000
2022-10-07,28829740000
2022-10-10,28697280000
2022-10-11,27924000000
2022-10-12,27526620000
2022-10-13,28101210000
2022-10-14,27608960000
2022-10-17,28480690000
2022-10-18,28854799999
2022-10-19,28845850000
2022-10-20,28783200000
2022-10-21,30243840000
2022-10-24,30322600000
2022-10-25,31094090000
2022-10-26,31373330000
2022-10-27,31036809999
2022-10-28,31799350000
2022-10-31,30998700000
2022-11-01,30968440000
2022-11-02,29743800000
2022-11-03,29720660000
2022-11-04,29165300000
2022-11-07,29106560000
2022-11-08,29124360000
2022-11-09,28661560000
2022-11-10,30564380000
2022-11-11,30648040000
2022-11-14,30445120000
2022-11-15,30701440000
2022-11-16,29649460000
2022-11-17,29553340000
2022-11-18,30598200000
2022-11-21,30639140000
2022-11-22,31021840000
2022-11-23,31335120000
2022-11-25,31438360000
2022-11-28,30899020000
2022-11-29,30813580000
2022-11-30,32198419999
2022-12-01,32303440000
2022-12-02,32134340000
2022-12-05,31783680000
2022-12-06,31475740000
2022-12-07,31630599999
2022-12-08,32226900000
2022-12-09,32168160000
2022-12-12,32591800000
2022-12-13,32965599999
2022-12-14,32570440000
2022-12-15,31360040000
2022-12-16,30945300000
2022-12-19,30505640000
2022-12-20,30676520000
2022-12-21,30984460000
2022-12-22,30220840000
2022-12-23,30229740000
2022-12-27,30194140000
2022-12-28,29843480000
2022-12-29,30651599999
2022-12-30,30450460000
2023-01-03,30427320000
2023-01-04,30347220000
2023-01-05,30058860000
2023-01-06,31224759999
2023-01-09,31436580000
2023-01-10,31685780000
2023-01-11,31940320000
2023-01-12,31669759999
2023-01-13,32148580000
2023-01-17,32922880000
2023-01-18,32305220000
2023-01-19,31456160000
2023-01-20,31847759999
2023-01-23,32137900000
2023-01-24,32077380000
2023-01-25,32191300000
2023-01-26,32050680000
2023-01-27,31586099999
2023-01-30,31489980000
2023-01-31,31924300000
2023-02-01,31949220000
2023-02-02,32428040000
2023-02-03,32289200000
2023-02-06,31902940000
2023-02-07,32568660000
2023-02-08,32285640000
2023-02-09,32488560000
2023-02-10,32173500000
2023-02-13,32752000000
2023-02-14,32972720000
2023-02-15,33554780000
2023-02-16,33280660000
2023-02-17,33068840000
2023-02-21,32570440000
2023-02-22,28430160000
2023-02-23,28633080000
2023-02-24,28090180000
2023-02-27,28698940000
2023-02-28,28472880000
2023-03-01,27967360000
2023-03-02,28095520000
2023-03-03,28426599999
2023-03-06,28366080000
2023-03-07,28125780000
2023-03-08,28191640000
2023-03-09,28020759999
2023-03-10,27502780000
2023-03-13,27445820000
2023-03-14,27905060000
2023-03-15,27492099999
2023-03-16,27659419999
2023-03-17,27618480000
2023-03-20,27689680000
2023-03-21,27990500000
2023-03-22,27559740000
2023-03-23,27846320000
2023-03-24,27892599999
2023-03-27,27723500000
2023-03-28,27645180000
2023-03-29,27883700000
2023-03-30,28136460000
2023-03-31,28743440000
2023-04-03,28670460000
2023-04-04,27999400000
2023-04-05,27760880000
2023-04-06,27723500000
2023-04-10,28018980000
2023-04-11,27798259999
2023-04-12,28068820000
2023-04-13,28437280000
2023-04-14,28401680000
2023-04-17,27239340000
2023-04-18,26748060000
2023-04-19,26456140000
2023-04-20,26308400000
2023-04-21,26409860000
2023-04-24,26135740000
2023-04-25,25270660000
2023-04-26,25142500000
2023-04-27,25256419999
2023-04-28,25745919999
2023-05-01,25728120000
2023-05-02,25350759999
2023-05-03,25377460000
2023-05-04,25146060000
2023-05-05,25571480000
2023-05-08,25477140000
2023-05-09,25454000000
2023-05-10,25929259999
2023-05-11,25722780000
2023-05-12,25858060000
2023-05-15,26486400000
2023-05-16,26080560000
2023-05-17,28063480000
2023-05-18,28074160000
2023-05-19,27979820000
2023-05-22,28252160000
2023-05-23,28033220000
2023-05-24,27671880000
2023-05-25,27963800000
2023-05-26,28770140000
2023-05-30,28884060000
2023-05-31,28800400000
2023-06-01,29038919999
2023-06-02,29060280000
2023-06-05,28738099999
2023-06-06,28741660000
2023-06-07,28741660000
2023-06-08,28903640000
2023-06-09,28759460000
2023-06-12,29197340000
2023-06-13,29357540000
2023-06-14,29224040000
2023-06-15,29442980000
2023-06-16,29345080000
2023-06-20,28939240000
2023-06-21,28686480000
2023-06-22,28460419999
2023-06-23,28120440000
2023-06-26,28287759999
2023-06-27,28935680000
2023-06-28,29005099999
2023-06-29,29430520000
2023-06-30,29806099999
2023-07-03,29722440000
2023-07-05,29364660000
2023-07-06,29305919999
2023-07-07,29151060000
2023-07-10,30051740000
2023-07-11,30158540000
2023-07-12,29934259999
2023-07-13,30094460000
2023-07-14,29727780000
2023-07-17,30336540000
2023-07-18,30240419999
2023-07-19,30719240000
2023-07-20,29797200000
2023-07-21,29960960000
2023-07-24,29955620000
2023-07-25,30108700000
2023-07-26,30082000000
2023-07-27,29560460000
2023-07-28,28958820000
2023-07-31,28350080000
2023-08-01,28348320000
2023-08-02,28135360000
2023-08-03,27908320000
2023-08-04,27932960000
2023-08-07,28006880000
2023-08-08,27616160000
2023-08-09,27573919999
2023-08-10,27723520000
2023-08-11,27551040000
2023-08-14,27639040000
2023-08-15,26905120000
2023-08-16,26540800000
2023-08-17,26408800000
2023-08-18,22769120000
2023-08-21,22807840000
2023-08-22,22645919999
2023-08-23,22897600000
2023-08-24,22475200000
2023-08-25,22739199999
2023-08-28,22749760000
2023-08-29,23277760000
2023-08-30,23334080000
2023-08-31,23460800000
2023-09-01,23562880000
2023-09-05,23682560000
2023-09-06,23580480000
2023-09-07,23161600000
2023-09-08,23284800000
2023-09-11,23358720000
2023-09-12,23170400000
2023-09-13,23212639999
2023-09-14,23429120000
2023-09-15,23383360000
2023-09-18,23364000000
2023-09-19,23400960000
2023-09-20,23327040000
2023-09-21,23056000000
2023-09-22,23052480000
2023-09-25,23019040000
2023-09-26,22885280000
2023-09-27,22950400000
2023-09-28,23344639999
2023-09-29,23286560000
2023-10-02,23179199999
2023-10-03,23108800000
2023-10-04,22945120000
2023-10-05,22753280000
2023-10-06,23066560000
2023-10-09,23084160000
2023-10-10,23286560000
2023-10-11,23393919999
2023-10-12,22834240000
2023-10-13,22691680000
2023-10-16,23133440000
2023-10-17,22763840000
2023-10-18,22177760000
2023-10-19,21822240000
2023-10-20,21616320000
2023-10-23,21456160000
2023-10-24,21514240000
2023-10-25,21202720000
2023-10-26,21060160000
2023-10-27,20998560000
2023-10-30,21074240000
2023-10-31,21358750000
2023-11-01,21140000000
2023-11-02,21560000000
2023-11-03,22008000000
2023-11-06,21703500000
2023-11-07,21878500000
2023-11-08,21838250000
2023-11-09,21334250000
2023-11-10,21743750000
2023-11-13,21581000000
2023-11-14,22604749999
2023-11-15,23308250000
2023-11-16,23240000000
2023-11-17,23306500000
2023-11-20,23610999999
2023-11-21,23548000000
2023-11-22,23751000000
2023-11-24,23807000000
2023-11-27,23861250000
2023-11-28,23856000000
2023-11-29,24129000000
2023-11-30,23780749999
2023-12-01,24129000000
2023-12-04,24174499999
2023-12-05,24188500000
2023-12-06,24680250000
2023-12-07,24830749999
2023-12-08,25257750000
2023-12-11,25751250000
2023-12-12,26139750000
2023-12-13,26654250000
2023-12-14,27776000000
2023-12-15,27742750000
2023-12-18,27781250000
2023-12-19,27859999999
2023-12-20,27415500000
2023-12-21,27795250000
2023-12-22,27861750000
2023-12-26,28000000000
2023-12-27,28059500000
2023-12-28,27987750000
2023-12-29,27840750000
2024-01-02,27210750000
2024-01-03,26363750000
2024-01-04,26181750000
2024-01-05,26068000000
2024-01-08,26776750000
2024-01-09,26498499999
2024-01-10,26775000000
2024-01-11,26615750000
2024-01-12,26591249999
2024-01-16,26372499999
2024-01-17,26208000000
2024-01-18,26664750000
2024-01-19,26885250000
2024-01-22,27123250000
2024-01-23,27132000000
2024-01-24,27163500000
2024-01-25,27230000000
2024-01-26,27287750000
2024-01-29,27882750000
2024-01-30,27601000000
2024-01-31,26820500000
2024-02-01,27041000000
2024-02-02,27247499999
2024-02-05,26976250000
2024-02-06,27294750000
2024-02-07,27674499999
2024-02-08,28206500000
2024-02-09,28266000000
2024-02-12,27837250000
2024-02-13,26801250000
2024-02-14,27105749999
2024-02-15,27065500000
2024-02-16,27163500000
2024-02-20,27025250000
2024-02-21,25207000000
2024-02-22,26082000000
2024-02-23,26244750000
2024-02-26,26661250000
2024-02-27,26733000000
2024-02-28,26906250000
2024-02-29,27002500000
2024-03-01,27487250000
2024-03-04,27562500000
2024-03-05,27259750000
2024-03-06,27501250000
2024-03-07,27529250000
2024-03-08,27007750000
2024-03-11,26624499999
2024-03-12,26614000000
2024-03-13,26594750000
2024-03-14,26418000000
2024-03-15,26215000000
2024-03-18,26199250000
2024-03-19,26176500000
2024-03-20,26369000000
2024-03-21,26992000000
2024-03-22,27018249999
2024-03-25,26701500000
2024-03-26,26647250000
2024-03-27,27272000000
2024-03-28,27366500000
2024-04-01,27125000000
2024-04-02,26906250000
2024-04-03,27319250000
2024-04-04,27098750000
2024-04-05,27515250000
2024-04-08,27781250000
2024-04-09,28008750000
2024-04-10,27483750000
2024-04-11,28024499999
2024-04-12,27142500000
2024-04-15,26831000000
2024-04-16,26530000000
2024-04-17,26237750000
2024-04-18,25705749999
2024-04-19,25396000000
2024-04-22,25329500000
2024-04-23,25690000000
2024-04-24,25655000000
2024-04-25,25800250000
2024-04-26,25996250000
2024-04-29,26286750000
2024-04-30,25889500000
2024-05-01,25366249999
2024-05-02,25723250000
2024-05-03,26106500000
2024-05-06,26355000000
2024-05-07,26267500000
2024-05-08,26390000000
2024-05-09,26426750000
2024-05-10,26286750000
2024-05-13,26199250000
2024-05-14,26512500000
2024-05-15,27247499999
2024-05-16,27436500000
2024-05-17,27370200000
2024-05-20,27796500000
2024-05-21,25466640000
2024-05-22,25661520000
2024-05-23,25028160000
2024-05-24,25064700000
2024-05-28,24791520000
2024-05-29,24238200000
2024-05-30,24095520000
2024-05-31,24095520000
2024-06-03,23839740000
2024-06-04,23636160000
2024-06-05,23813640000
2024-06-06,23664000000
2024-06-07,23630940000
2024-06-10,23792760000
2024-06-11,23697060000
2024-06-12,24031140000
2024-06-13,24006780000
2024-06-14,23660520000
2024-06-17,23829299999
2024-06-18,23681400000
2024-06-20,23566560000
2024-06-21,23838000000
2024-06-24,23822340000
2024-06-25,23935440000
2024-06-26,23646600000
2024-06-27,23528280000
2024-06-28,23794500000
2024-07-01,23477820000
2024-07-02,23742299999
2024-07-03,23547420000
2024-07-05,23898900000
2024-07-08,24029400000
2024-07-09,23674440000
2024-07-10,23928480000
2024-07-11,24358260000
2024-07-12,24727140000
2024-07-15,25322220000
2024-07-16,26006040000
2024-07-17,25334400000
2024-07-18,24560100000
2024-07-19,23907600000
2024-07-22,24405240000
2024-07-23,24215579999
2024-07-24,23662260000
2024-07-25,23644859999
2024-07-26,24081600000
2024-07-29,23891940000
2024-07-30,23655299999
2024-07-31,24285180000
2024-08-01,23060220000
2024-08-02,22045800000
2024-08-05,21368940000
2024-08-06,21440280000
2024-08-07,20855640000
2024-08-08,21422880000
2024-08-09,21379380000
