,META
2012-05-18,71834170573
2012-05-21,63942370510
2012-05-22,58249000465
2012-05-23,60128000480
2012-05-24,62063370495
2012-05-25,59958890478
2012-05-29,54190360432
2012-05-30,52969010422
2012-05-31,55618400444
2012-06-01,52085880415
2012-06-04,50545100403
2012-06-05,48609730388
2012-06-06,50375990402
2012-06-07,49436490394
2012-06-08,50920900406
2012-06-11,50751790405
2012-06-12,51484600411
2012-06-13,51240330409
2012-06-14,53156910424
2012-06-15,56388790450
2012-06-18,59019390471
2012-06-19,59958890478
2012-06-20,59376400474
2012-06-21,59827360477
2012-06-22,62100950495
2012-06-25,60240740480
2012-06-26,62194900496
2012-06-27,60560170483
2012-06-28,58925440470
2012-06-29,58436900466
2012-07-02,74463400584
2012-07-03,75504000592
2012-07-05,76157400597
2012-07-06,76786600602
2012-07-09,77851400611
2012-07-10,76157400597
2012-07-11,74947400588
2012-07-12,74560200585
2012-07-13,74342400583
2012-07-16,68365000536
2012-07-17,67977800533
2012-07-18,70446200553
2012-07-19,70180000551
2012-07-20,69599200546
2012-07-23,69575000546
2012-07-24,68849000540
2012-07-25,71002800557
2012-07-26,64977000510
2012-07-27,57378200450
2012-07-30,56023000439
2012-07-31,52538200412
2012-08-01,50529600396
2012-08-02,48496800380
2012-08-03,51037800400
2012-08-06,53046400416
2012-08-07,50142400393
2012-08-08,50142400393
2012-08-09,50844200399
2012-08-10,52780200414
2012-08-13,52272000410
2012-08-14,49319600387
2012-08-15,51304000402
2012-08-16,48085400377
2012-08-17,46101000361
2012-08-20,48424200380
2012-08-21,46367200364
2012-08-22,47044800369
2012-08-23,47044800369
2012-08-24,46972200368
2012-08-27,46343000363
2012-08-28,46802800367
2012-08-29,46222000362
2012-08-30,46197800362
2012-08-31,43705200343
2012-09-04,42906600336
2012-09-05,44963600353
2012-09-06,45883200360
2012-09-07,45931600360
2012-09-10,45520200357
2012-09-11,47020600369
2012-09-12,50650600397
2012-09-13,50118200393
2012-09-14,53240000418
2012-09-17,52078400408
2012-09-18,52925400415
2012-09-19,56361800442
2012-09-20,54667800429
2012-09-21,55321200434
2012-09-24,50311800395
2012-09-25,49077600385
2012-09-26,49900400391
2012-09-27,49174400386
2012-09-28,52417200411
2012-10-01,58509374415
2012-10-02,59254377818
2012-10-03,58083658185
2012-10-04,58402945358
2012-10-05,55635789860
2012-10-08,54278819376
2012-10-09,53826495881
2012-10-10,52256667281
2012-10-11,52549347190
2012-10-12,51937380108
2012-10-15,51937380108
2012-10-16,51830951051
2012-10-17,52895241627
2012-10-18,50500587831
2012-10-19,50553802360
2012-10-22,51405234820
2012-10-23,51884165580
2012-10-24,61808675201
2012-10-25,60025988486
2012-10-26,58376338093
2012-10-31,56167935148
2012-11-01,56434007792
2012-11-02,56354185999
2012-11-05,56540436850
2012-11-06,56327578734
2012-11-07,54465070226
2012-11-08,53187921535
2012-11-09,51112554912
2012-11-12,53400779650
2012-11-13,52842027098
2012-11-14,59493843198
2012-11-15,58988305174
2012-11-16,62686714926
2012-11-19,60983850004
2012-11-20,61462780764
2012-11-21,64708867020
2012-11-23,63857434560
2012-11-26,69019243853
2012-11-27,69577996406
2012-11-28,70136748958
2012-11-29,72691046340
2012-11-30,74500340320
2012-12-03,71946042937
2012-12-04,73063548042
2012-12-05,73728729652
2012-12-06,71759792086
2012-12-07,73143369835
2012-12-10,74074624089
2012-12-11,74447125791
2012-12-12,73382835215
2012-12-13,75138914665
2012-12-14,71334075856
2012-12-17,71174432270
2012-12-18,73728729652
2012-12-19,72930511720
2012-12-20,72797475398
2012-12-21,69870676314
2012-12-24,71653363029
2012-12-26,70535857924
2012-12-27,69311923762
2012-12-28,68939422060
2012-12-31,65915901164
2013-01-02,69333029024
2013-01-03,68763507714
2013-01-04,71214925526
2013-01-07,72849204067
2013-01-08,71957779408
2013-01-09,75746334208
2013-01-10,77504421730
2013-01-11,78544417165
2013-01-14,76637758867
2013-01-15,74533006200
2013-01-16,73913961298
2013-01-17,74632053385
2013-01-18,73443487173
2013-01-22,76092999353
2013-01-23,76315855518
2013-01-24,76959662216
2013-01-25,78098704836
2013-01-28,80401551871
2013-01-29,76241570130
2013-01-30,77355850953
2013-01-31,76712044255
2013-02-01,73616819745
2013-02-04,69605408780
2013-02-05,70917783973
2013-02-06,71933017612
2013-02-07,70942545769
2013-02-08,70694927808
2013-02-11,69976835722
2013-02-12,67773035870
2013-02-13,69110172859
2013-02-14,70571118828
2013-02-15,70125406498
2013-02-19,71635876059
2013-02-20,70472071643
2013-02-21,67550179706
2013-02-22,67178752765
2013-02-25,67525417910
2013-02-26,67822559463
2013-02-27,66534946066
2013-02-28,67475894318
2013-03-01,68788269510
2013-03-04,68639698733
2013-03-05,68144462812
2013-03-06,67971130239
2013-03-07,70769213196
2013-03-08,69233981839
2013-03-11,69679694169
2013-03-12,68912078490
2013-03-13,67054943784
2013-03-14,66955896600
2013-03-15,65990186553
2013-03-18,65593997815
2013-03-19,65742568592
2013-03-20,64034004662
2013-03-21,63736863109
2013-03-22,63712101313
2013-03-25,62226393549
2013-03-26,62424487917
2013-03-27,64603525972
2013-03-28,63340674372
2013-04-01,63492670526
2013-04-02,63219102420
2013-04-03,65283298132
2013-04-04,67322624017
2013-04-05,68118458508
2013-04-08,66775487804
2013-04-09,66128872279
2013-04-10,68566115410
2013-04-11,69685257663
2013-04-12,68143328336
2013-04-15,65954783484
2013-04-16,66949576599
2013-04-17,66228351591
2013-04-18,63890587772
2013-04-19,63990067083
2013-04-22,64586942952
2013-04-23,64611812780
2013-04-24,64935120542
2013-04-25,65009730026
2013-04-26,66775487804
2013-04-29,67098795566
2013-04-30,69063511967
2013-05-01,68217937819
2013-05-02,72047891310
2013-05-03,70406482671
2013-05-06,68566115410
2013-05-07,66874967115
2013-05-08,67446973156
2013-05-09,67248014533
2013-05-10,66352700730
2013-05-13,66700878320
2013-05-14,67322624017
2013-05-15,66153742107
2013-05-16,64984860198
2013-05-17,65283298132
2013-05-20,64064676567
2013-05-21,63815978288
2013-05-22,62572486895
2013-05-23,62323788617
2013-05-24,60458551527
2013-05-28,59936285142
2013-05-29,57996438569
2013-05-30,61055427396
2013-05-31,60558030839
2013-06-03,59314539446
2013-06-04,58493835126
2013-06-05,56951905799
2013-06-06,57125994594
2013-06-07,57921829085
2013-06-10,60508291183
2013-06-11,59762196347
2013-06-12,59115580823
2013-06-13,59016101511
2013-06-14,58767403233
2013-06-17,59737326519
2013-06-18,60209853249
2013-06-19,60458551527
2013-06-20,59438888585
2013-06-21,61005687740
2013-06-24,59538367896
2013-06-25,60309332560
2013-06-26,60085504109
2013-06-27,61328995502
2013-06-28,61876131715
2013-07-01,62276985667
2013-07-02,61272923020
2013-07-03,61549040248
2013-07-05,61172516756
2013-07-08,62025970006
2013-07-09,63958790601
2013-07-10,64762040718
2013-07-11,64787142284
2013-07-12,65038157946
2013-07-15,65966915894
2013-07-16,66067322159
2013-07-17,66895673843
2013-07-18,65715900233
2013-07-19,64962853247
2013-07-22,65389579872
2013-07-23,65590392402
2013-07-24,66544251916
2013-07-25,86248981360
2013-07-26,85370426544
2013-07-29,88934848940
2013-07-30,94457193497
2013-07-31,92373763505
2013-08-01,94105771571
2013-08-02,95511459276
2013-08-05,98373037820
2013-08-06,96766537585
2013-08-07,97569787702
2013-08-08,96741436019
2013-08-09,96641029754
2013-08-12,95938185901
2013-08-13,92925997961
2013-08-14,91997240013
2013-08-15,91771325917
2013-08-16,93076607358
2013-08-19,94909021688
2013-08-20,96415115658
2013-08-21,96189201563
2013-08-22,96766537585
2013-08-23,101786850819
2013-08-26,103769874546
2013-08-27,99502608297
2013-08-28,101786850819
2013-08-29,103619265149
2013-08-30,103644366715
2013-09-03,105100257553
2013-09-04,104874343458
2013-09-05,107083281281
2013-09-06,110321383317
2013-09-09,110547297412
2013-09-10,109442828501
2013-09-11,113057454029
2013-09-12,112329508610
2013-09-13,111225039699
2013-09-16,106706757788
2013-09-17,113132758728
2013-09-18,113534383786
2013-09-19,115417001249
2013-09-20,119207337741
2013-09-23,118454290756
2013-09-24,121617088093
2013-09-25,124152346276
2013-09-26,126486791930
2013-09-27,128620425055
2013-09-30,127751692286
2013-10-01,128234925842
2013-10-02,127878859011
2013-10-03,125081191054
2013-10-04,129811793237
2013-10-07,128489259293
2013-10-08,119892788659
2013-10-09,118951754892
2013-10-10,124750557568
2013-10-11,124903157638
2013-10-14,125920491441
2013-10-15,125895058096
2013-10-16,130066126687
2013-10-17,132787494610
2013-10-18,137899596969
2013-10-21,136958563201
2013-10-22,133982861828
2013-10-23,131999060913
2013-10-24,133397894892
2013-10-25,132126227638
2013-10-28,127751692286
2013-10-29,125640724645
2013-10-30,124648824188
2013-10-31,127700825596
2013-11-01,126530891723
2013-11-04,122639589927
2013-11-05,127446492145
2013-11-06,124928590983
2013-11-07,120960989152
2013-11-08,120884689117
2013-11-11,117502054223
2013-11-12,118544821371
2013-11-13,123885823835
2013-11-14,124597957497
2013-11-15,124648824188
2013-11-18,116561020455
2013-11-19,117908987744
2013-11-20,118087021160
2013-11-21,118773721476
2013-11-22,117578354258
2013-11-25,113992252603
2013-11-26,116713620526
2013-11-27,118239621230
2013-11-29,119562155174
2013-12-02,119689321899
2013-12-03,118850021512
2013-12-04,123656923730
2013-12-05,122944790068
2013-12-06,121927456265
2013-12-09,124216457321
2013-12-10,127802558976
2013-12-11,125589857955
2013-12-12,131821027497
2013-12-13,135610595913
2013-12-16,136856829821
2013-12-17,139527331054
2013-12-18,141333098553
2013-12-19,140010564610
2013-12-20,140188598025
2013-12-23,146928434469
2013-12-24,147411668025
2013-12-26,146826701089
2013-12-27,141002465068
2013-12-30,136602496370
2013-12-31,141915747873
2014-01-02,142071556563
2014-01-03,141682034839
2014-01-06,148537617170
2014-01-07,150407321442
2014-01-08,151212333004
2014-01-09,148589553400
2014-01-10,150459257672
2014-01-13,145187730349
2014-01-14,149939895374
2014-01-15,149576341766
2014-01-16,148511649055
2014-01-17,146200486830
2014-01-21,151939440221
2014-01-22,149342628732
2014-01-23,147057434622
2014-01-24,141396385576
2014-01-27,139059255235
2014-01-28,143188185503
2014-01-29,139007319006
2014-01-30,158613245748
2014-01-31,162482494866
2014-02-03,159651970343
2014-02-04,162949920934
2014-02-05,161495706500
2014-02-06,161417802156
2014-02-07,167026914972
2014-02-10,165027370125
2014-02-11,168403225061
2014-02-12,167364500466
2014-02-13,174843317554
2014-02-14,174220082797
2014-02-18,174765413209
2014-02-19,176738989941
2014-02-20,180815983979
2014-02-21,178115300030
2014-02-24,183802317191
2014-02-25,181387282506
2014-02-26,179855163728
2014-02-27,179024184051
2014-02-28,177777714536
2014-03-03,175051062473
2014-03-04,178660630443
2014-03-05,185853798267
2014-03-06,183958125880
2014-03-07,181257441932
2014-03-10,187048331552
2014-03-11,182036485378
2014-03-12,184061998340
2014-03-13,178738534787
2014-03-14,175856074035
2014-03-17,178504821753
2014-03-18,179673386923
2014-03-19,177206416009
2014-03-20,173908465418
2014-03-21,174609604520
2014-03-24,166455616444
2014-03-25,168507097521
2014-03-26,156821445820
2014-03-27,158327596484
2014-03-28,155834657454
2014-03-31,156930492385
2014-04-01,163130601480
2014-04-02,163391110265
2014-04-03,154976676493
2014-04-04,147838735771
2014-04-07,148359753342
2014-04-08,151590062282
2014-04-09,162583533030
2014-04-10,154116997501
2014-04-11,152475792153
2014-04-14,153413623780
2014-04-15,153934641351
2014-04-16,155575846700
2014-04-17,153543878173
2014-04-21,159535580240
2014-04-22,164198687500
2014-04-23,159848190782
2014-04-24,158571697733
2014-04-25,150339620112
2014-04-28,146249632179
2014-04-29,151485858768
2014-04-30,155732151971
2014-05-01,159301122333
2014-05-02,157503611713
2014-05-05,159483478483
2014-05-06,152475792153
2014-05-07,149505991998
2014-05-08,147864786649
2014-05-09,149115228820
2014-05-12,155862406364
2014-05-13,155862406364
2014-05-14,154299353651
2014-05-15,150886688561
2014-05-16,151147197347
2014-05-19,154247251894
2014-05-20,152553944788
2014-05-21,157581764348
2014-05-22,157659916984
2014-05-23,159822139904
2014-05-27,165370977035
2014-05-28,165449129671
2014-05-29,166282757784
2014-05-30,164902061221
2014-06-02,164328941893
2014-06-03,163781873443
2014-06-04,165006264735
2014-06-05,164615501557
2014-06-06,162817990937
2014-06-09,163807924322
2014-06-10,171336628223
2014-06-11,171362679101
2014-06-12,167481098197
2014-06-13,168028166647
2014-06-16,167220589412
2014-06-17,167767657862
2014-06-18,170893763288
2014-06-19,167611352590
2014-06-20,168028166647
2014-06-23,170294593081
2014-06-24,171206373830
2014-06-25,175687124941
2014-06-26,174879547706
2014-06-27,176103938998
2014-06-30,177031895282
2014-07-01,179057672654
2014-07-02,174821956330
2014-07-03,174401015578
2014-07-07,171770135874
2014-07-08,165114010223
2014-07-09,170928254368
2014-07-10,170665166398
2014-07-11,174532559563
2014-07-14,178636731901
2014-07-15,176716189717
2014-07-16,178005320772
2014-07-17,174716721142
2014-07-18,180004789347
2014-07-21,182583051457
2014-07-22,182241037096
2014-07-23,187555414098
2014-07-24,197263360205
2014-07-25,197815844943
2014-07-28,197105507423
2014-07-29,193922142981
2014-07-30,196474096294
2014-07-31,191133410495
2014-08-01,190370455381
2014-08-04,193395967041
2014-08-05,191238645683
2014-08-06,190659852148
2014-08-07,192501467941
2014-08-08,192212071174
2014-08-11,193211805461
2014-08-12,191606968842
2014-08-13,194079995764
2014-08-14,195474362007
2014-08-15,193711672605
2014-08-18,196237317121
2014-08-19,198078932914
2014-08-20,196816110656
2014-08-21,196184699527
2014-08-22,196184699527
2014-08-25,197368595394
2014-08-26,199841622315
2014-08-27,196342552309
2014-08-28,194316774937
2014-08-29,196842419453
2014-09-02,201735855702
2014-09-03,199499607954
2014-09-04,199815313518
2014-09-05,203261765931
2014-09-08,204919220144
2014-09-09,201709546905
2014-09-10,203709015480
2014-09-11,204998146535
2014-09-12,203840559465
2014-09-15,196211008324
2014-09-16,200157327880
2014-09-17,201078135776
2014-09-18,202577737208
2014-09-19,204971837738
2014-09-22,202051561267
2014-09-23,205971572026
2014-09-24,206629291952
2014-09-25,203156530742
2014-09-26,207287011878
2014-09-29,207839496616
2014-09-30,220989659862
2014-10-01,214027814555
2014-10-02,215509653114
2014-10-03,216516184966
2014-10-06,216851695583
2014-10-07,213300874884
2014-10-08,216739858711
2014-10-09,212238424597
2014-10-10,203850659167
2014-10-13,204074332911
2014-10-14,205751885997
2014-10-15,204689435710
2014-10-16,203067801060
2014-10-17,212350261469
2014-10-20,215146183279
2014-10-21,220011087228
2014-10-22,219116392249
2014-10-23,223785581672
2014-10-24,225547012412
2014-10-27,224456602906
2014-10-28,225826604593
2014-10-29,212098628506
2014-10-30,207205765339
2014-10-31,209666176531
2014-11-03,206562703322
2014-11-04,211819036325
2014-11-05,209218829042
2014-11-06,210421075420
2014-11-07,211371688835
2014-11-10,209694135750
2014-11-11,208603726244
2014-11-12,208911277643
2014-11-13,207597194392
2014-11-14,209358625132
2014-11-17,207569235174
2014-11-18,207848827355
2014-11-19,205024946327
2014-11-20,205779845215
2014-11-21,206199233487
2014-11-24,206926173158
2014-11-25,211455566490
2014-11-26,217019450892
2014-11-28,217243124637
2014-12-01,209973727930
2014-12-02,210980259782
2014-12-03,209358625132
2014-12-04,210365156984
2014-12-05,213496589411
2014-12-08,213943936901
2014-12-09,214838631880
2014-12-10,212993323485
2014-12-11,217327002291
2014-12-12,217606594472
2014-12-15,215258020151
2014-12-16,208827399988
2014-12-17,212797608959
2014-12-18,219200269904
2014-12-19,223338234182
2014-12-22,227727831424
2014-12-23,225379257104
2014-12-24,225826604593
2014-12-26,225854563811
2014-12-29,223729663236
2014-12-30,221492925788
2014-12-31,219969424158
2015-01-02,221181765255
2015-01-05,217629323901
2015-01-06,214697150085
2015-01-07,214697150085
2015-01-08,220420527822
2015-01-09,219179992746
2015-01-12,216304206888
2015-01-13,215542969455
2015-01-14,215063671812
2015-01-15,208776414495
2015-01-16,211962334122
2015-01-20,214950895896
2015-01-21,216360594846
2015-01-22,218926246935
2015-01-23,219433738557
2015-01-26,218503337250
2015-01-27,213653972862
2015-01-28,214950895896
2015-01-29,219913036200
2015-01-30,214020494589
2015-02-02,211426648521
2015-02-03,212582601660
2015-02-04,213231063177
2015-02-05,213174675219
2015-02-06,209960561613
2015-02-09,209875979676
2015-02-10,211990528101
2015-02-11,215712133329
2015-02-12,214922701917
2015-02-13,213541196946
2015-02-17,213146481239
2015-02-18,216276012908
2015-02-19,223916581218
2015-02-20,225269892210
2015-02-23,222281330436
2015-02-24,221181765255
2015-02-25,224311296924
2015-02-26,226707785139
2015-02-27,222647852163
2015-03-02,224846982525
2015-03-03,224424072839
2015-03-04,228089290110
2015-03-05,228963303458
2015-03-06,225580025979
2015-03-09,223972969176
2015-03-10,218644307145
2015-03-11,218700695102
2015-03-12,222535076247
2015-03-13,220054006095
2015-03-16,220110394052
2015-03-17,223747417344
2015-03-18,228117484089
2015-03-19,233305176225
2015-03-20,236265544020
2015-03-23,238041764697
2015-03-24,240522834849
2015-03-25,233784473868
2015-03-26,234038219679
2015-03-27,234855845070
2015-03-30,234573905280
2015-03-31,233024020852
2015-04-01,231465236961
2015-04-02,231153480183
2015-04-06,233647534408
2015-04-07,233307436104
2015-04-08,233194070003
2015-04-09,232882313225
2015-04-10,232513873397
2015-04-13,235263001349
2015-04-14,236708419138
2015-04-15,234412755590
2015-04-16,233279094579
2015-04-17,228942841211
2015-04-20,235489733551
2015-04-21,236991834391
2015-04-22,239854328444
2015-04-23,233562509832
2015-04-24,231068455607
2015-04-27,232145433568
2015-04-28,228659425959
2015-04-29,228064253928
2015-04-30,223246194630
2015-05-01,223869708186
2015-05-04,223359560731
2015-05-05,219816870071
2015-05-06,221347312436
2015-05-07,222282582771
2015-05-08,222509314973
2015-05-11,221092238709
2015-05-12,219533454818
2015-05-13,222310924296
2015-05-14,230614991203
2015-05-15,227922546301
2015-05-18,229226256464
2015-05-19,228517718332
2015-05-20,228290986130
2015-05-21,228092595453
2015-05-22,228262644605
2015-05-26,224833320046
2015-05-27,228290986130
2015-05-28,227157325119
2015-05-29,224436538692
2015-06-01,227554106473
2015-06-02,227979229352
2015-06-03,233647534408
2015-06-04,232542214922
2015-06-05,232797288649
2015-06-08,228631084433
2015-06-09,228631084433
2015-06-10,232853971700
2015-06-11,231918701366
2015-06-12,231068455607
2015-06-15,228744450534
2015-06-16,229736403919
2015-06-17,231805335265
2015-06-18,234979586096
2015-06-19,233845925085
2015-06-22,240166085222
2015-06-23,249065324160
2015-06-24,251842793638
2015-06-25,249348739413
2015-06-26,249433763989
2015-06-29,243170286902
2015-06-30,244189539754
2015-07-01,247435150986
2015-07-02,248517021396
2015-07-06,249257248519
2015-07-07,248317729479
2015-07-08,243847896467
2015-07-09,244502712768
2015-07-10,250396059478
2015-07-13,256517168379
2015-07-14,255321416873
2015-07-15,255549179064
2015-07-16,258652438926
2015-07-17,270382191798
2015-07-20,278752452342
2015-07-21,280119025492
2015-07-22,276275538507
2015-07-23,271720294674
2015-07-24,276019306042
2015-07-27,268104569881
2015-07-28,271293240564
2015-07-29,276133187138
2015-07-30,271065478373
2015-07-31,267649045497
2015-08-03,268019159059
2015-08-04,267791396867
2015-08-05,274567322070
2015-08-06,270809245907
2015-08-07,268474683442
2015-08-10,268047629333
2015-08-11,266538704813
2015-08-12,268161510429
2015-08-13,265997769608
2015-08-14,268816326730
2015-08-17,267421283306
2015-08-18,270951597277
2015-08-19,271350181112
2015-08-20,257826800981
2015-08-21,245015177699
2015-08-24,233712478937
2015-08-25,236303273868
2015-08-26,248232318657
2015-08-27,255463768243
2015-08-28,259107963309
2015-08-31,254609660024
2015-09-01,248346199753
2015-09-02,255919292626
2015-09-03,250965464957
2015-09-04,251278637970
2015-09-08,254894362763
2015-09-09,257485157694
2015-09-10,261869579884
2015-09-11,262068871801
2015-09-14,262809098924
2015-09-15,264488845088
2015-09-16,266054710156
2015-09-17,268588564538
2015-09-18,268759386182
2015-09-21,272033467687
2015-09-22,264659666732
2015-09-23,267535164402
2015-09-24,268787856456
2015-09-25,264118731526
2015-09-28,253983313997
2015-09-29,246751864411
2015-09-30,257572226593
2015-10-01,260580578516
2015-10-02,263789487234
2015-10-05,269347775550
2015-10-06,265881008096
2015-10-07,264734969268
2015-10-08,264935526062
2015-10-09,267141650806
2015-10-12,270064049818
2015-10-13,269662936228
2015-10-14,269519681374
2015-10-15,274934714837
2015-10-16,279461568207
2015-10-19,282126108482
2015-10-20,277914415790
2015-10-21,278229576467
2015-10-22,285564224966
2015-10-23,292784269583
2015-10-26,297311122953
2015-10-27,297110566159
2015-10-28,298543114694
2015-10-29,300491380701
2015-10-30,292153948227
2015-11-02,295993178301
2015-11-03,293901657440
2015-11-04,297798189455
2015-11-05,311607957333
2015-11-06,306851896197
2015-11-09,305104186984
2015-11-10,309172624823
2015-11-11,312324231600
2015-11-12,309487785501
2015-11-13,297826840426
2015-11-16,298084699162
2015-11-17,301207654969
2015-11-18,308771511233
2015-11-19,304445214658
2015-11-20,307482217552
2015-11-23,306422131636
2015-11-24,302955364181
2015-11-25,302009882148
2015-11-27,302124486031
2015-11-30,298657718576
2015-12-01,306909198138
2015-12-02,303900846214
2015-12-03,299058832166
2015-12-04,304216006892
2015-12-07,302582901562
2015-12-08,305104186984
2015-12-09,299689153522
2015-12-10,302038533119
2015-12-11,292583712788
2015-12-14,299861059346
2015-12-15,299545898668
2015-12-16,305963716105
2015-12-17,304330610775
2015-12-18,298084699162
2015-12-21,300176220023
2015-12-22,302296391855
2015-12-23,299775106434
2015-12-24,300892494291
2015-12-28,303499732625
2015-12-29,307310311728
2015-12-30,304330610775
2015-12-31,302988109141
2016-01-04,295924369543
2016-01-05,297400806918
2016-01-06,298095600977
2016-01-07,283475975990
2016-01-08,281767940595
2016-01-11,282289036139
2016-01-12,287673690095
2016-01-13,276296437382
2016-01-14,284778714850
2016-01-15,274935799017
2016-01-19,275775341838
2016-01-20,273140914365
2016-01-21,272590869069
2016-01-22,283533875495
2016-01-25,280841548517
2016-01-26,281796890348
2016-01-27,273430411890
2016-01-28,315870748981
2016-01-29,324845172241
2016-02-01,333182700947
2016-02-02,331793112829
2016-02-03,326234760359
2016-02-04,319865814820
2016-02-05,301280073747
2016-02-08,288773780688
2016-02-09,288165835887
2016-02-10,292392499745
2016-02-11,295026927217
2016-02-12,295316424742
2016-02-16,294158434644
2016-02-17,304551395774
2016-02-18,299543088600
2016-02-19,302727561369
2016-02-22,310225547254
2016-02-23,305304089337
2016-02-24,309414954185
2016-02-25,312859974727
2016-02-26,312425728440
2016-02-29,309530753195
2016-03-01,317926181405
2016-03-02,318302528187
2016-03-03,317231387347
2016-03-04,313786366805
2016-03-07,306085732653
2016-03-08,306664727702
2016-03-09,311238788589
2016-03-10,310688743293
2016-03-11,316739241555
2016-03-14,318128829673
2016-03-15,320386910364
2016-03-16,324758322984
2016-03-17,321400151699
2016-03-18,322644991055
2016-03-21,323802981153
2016-03-22,324960971251
2016-03-23,325800514072
2016-03-24,327276951447
2016-03-28,329129735604
2016-03-29,336222424954
2016-03-30,332053660601
2016-03-31,332264474158
2016-04-01,337972084757
2016-04-04,327750802511
2016-04-05,326789827257
2016-04-06,331128776131
2016-04-07,330924932895
2016-04-08,322159673761
2016-04-11,317383917953
2016-04-12,322101432836
2016-04-13,321810228214
2016-04-14,322771203468
2016-04-15,319276747999
2016-04-18,321635505440
2016-04-19,326993670492
2016-04-20,327372236502
2016-04-21,330342523650
2016-04-22,321955830525
2016-04-25,320616289262
2016-04-26,316714147322
2016-04-27,317092713331
2016-04-28,339923155727
2016-04-29,342398395017
2016-05-02,345281320779
2016-05-03,341961588084
2016-05-04,343796177205
2016-05-05,343068165649
2016-05-06,347960403305
2016-05-09,347232391749
2016-05-10,350901569992
2016-05-11,348047764692
2016-05-12,350260919822
2016-05-13,348892258097
2016-05-16,345572525402
2016-05-17,341728624386
2016-05-18,342602238253
2016-05-19,340156119425
2016-05-20,341728624386
2016-05-23,337710000597
2016-05-24,342747840564
2016-05-25,343301129347
2016-05-26,347902162381
2016-05-27,347640078221
2016-05-31,345980211873
2016-06-01,345892850486
2016-06-02,346329657420
2016-06-03,344990116157
2016-06-06,345921970948
2016-06-07,342922563338
2016-06-08,344757152459
2016-06-09,345252200317
2016-06-10,339602830642
2016-06-13,331827667224
2016-06-14,334710592986
2016-06-15,333720497270
2016-06-16,333108967563
2016-06-17,329119464236
2016-06-20,330138680414
2016-06-21,333079847101
2016-06-22,331711185375
2016-06-23,335118279457
2016-06-24,326382140785
2016-06-27,317325677029
2016-06-28,328187609444
2016-06-29,332439196931
2016-06-30,334062196969
2016-07-01,333799109834
2016-07-05,333828341738
2016-07-06,341136317696
2016-07-07,338651605870
2016-07-08,342714840502
2016-07-11,344556450444
2016-07-12,344731841867
2016-07-13,341370172926
2016-07-14,342861000022
2016-07-15,341604028157
2016-07-18,348941236018
2016-07-19,352565992093
2016-07-20,356395371495
2016-07-21,352565992093
2016-07-22,353706036343
2016-07-25,355547646284
2016-07-26,354349138227
2016-07-27,360546301839
2016-07-28,365398797875
2016-07-29,362300216069
2016-08-01,363381796510
2016-08-02,359815504243
2016-08-03,358120053821
2016-08-04,363527956029
2016-08-05,365837276432
2016-08-08,366158827374
2016-08-09,365574189297
2016-08-10,365048015029
2016-08-11,365106478836
2016-08-12,365048015029
2016-08-15,362183288453
2016-08-16,360429374223
2016-08-17,363557187933
2016-08-18,362212520357
2016-08-19,361189403723
2016-08-22,362914086049
2016-08-23,363557187933
2016-08-24,360955548492
2016-08-25,362154056549
2016-08-26,365281870259
2016-08-29,369900511064
2016-08-30,367854277796
2016-08-31,368672771103
2016-09-01,368818930623
2016-09-02,369812815353
2016-09-06,379225488386
2016-09-07,383084099692
2016-09-08,380804011193
2016-09-09,371537497679
2016-09-12,376185370388
2016-09-13,371859048621
2016-09-14,373496035235
2016-09-15,375191485658
2016-09-16,377296182733
2016-09-19,376068442772
2016-09-20,376039210869
2016-09-21,379839358367
2016-09-22,380248605020
2016-09-23,374051441408
2016-09-26,372151367659
2016-09-27,376185370388
2016-09-28,377763893195
2016-09-29,374431456158
2016-09-30,375907228501
2016-10-03,377372525252
2016-10-04,375672781021
2016-10-05,376493347201
2016-10-06,377284607447
2016-10-07,378017255822
2016-10-10,381680497700
2016-10-11,377694890537
2016-10-12,378193091433
2016-10-13,374588461425
2016-10-14,374764297035
2016-10-17,373767895245
2016-10-18,376786406552
2016-10-19,381299520545
2016-10-20,380977155260
2016-10-21,387043483809
2016-10-24,390589501946
2016-10-25,387688214379
2016-10-26,384024972502
2016-10-27,380068671274
2016-10-28,384757620877
2016-10-31,383878442826
2016-11-01,379511858509
2016-11-02,372683575649
2016-11-03,351671220240
2016-11-04,353869165366
2016-11-07,357971996269
2016-11-08,364038324818
2016-11-09,360990507576
2016-11-10,354015695041
2016-11-11,348799238608
2016-11-14,337252700210
2016-11-15,343465558434
2016-11-16,340945248022
2016-11-17,345194608600
2016-11-18,342938051604
2016-11-21,356858370738
2016-11-22,355979192687
2016-11-23,354132918781
2016-11-25,352784845770
2016-11-28,352872763575
2016-11-29,354220836586
2016-11-30,347040882506
2016-12-01,337311312080
2016-12-02,338190490130
2016-12-05,344139594939
2016-12-06,343787923719
2016-12-07,345663503560
2016-12-08,348476873322
2016-12-09,350733430319
2016-12-12,345135996730
2016-12-13,352579704225
2016-12-14,352286644875
2016-12-15,353341658536
2016-12-16,351290243084
2016-12-19,349443969178
2016-12-20,349004380153
2016-12-21,348857850478
2016-12-22,344051677134
2016-12-23,343670699979
2016-12-27,345839339171
2016-12-28,342644992253
2016-12-29,340974553957
2016-12-30,337164782405
2017-01-03,343474710767
2017-01-04,348853443615
2017-01-05,354673056206
2017-01-06,362726459487
2017-01-09,367105864922
2017-01-10,365489305869
2017-01-11,370603510873
2017-01-12,372161285960
2017-01-13,377216706998
2017-01-17,375835283807
2017-01-18,375982243721
2017-01-19,374894740358
2017-01-20,373395749237
2017-01-23,378950833982
2017-01-24,380244081224
2017-01-25,386445789591
2017-01-26,390266747352
2017-01-27,388503228386
2017-01-30,384976190452
2017-01-31,383036319588
2017-02-01,391589386577
2017-02-02,384564702693
2017-02-03,384976190452
2017-02-06,388150524592
2017-02-07,387503900971
2017-02-08,394440408907
2017-02-09,394264057010
2017-02-10,394411016924
2017-02-13,393999529165
2017-02-14,393411689510
2017-02-15,392206618216
2017-02-16,393382297527
2017-02-17,392471146061
2017-02-21,393029593734
2017-02-22,400083669601
2017-02-23,397849878910
2017-02-24,398085014772
2017-02-27,400936037101
2017-02-28,398378934600
2017-03-01,403904627362
2017-03-02,401964756499
2017-03-03,403169827793
2017-03-06,403904627362
2017-03-07,403551923569
2017-03-08,404786386846
2017-03-09,406314769950
2017-03-10,407931329003
2017-03-13,410312079608
2017-03-14,409489104090
2017-03-15,410664783402
2017-03-16,411458366937
2017-03-17,411017487195
2017-03-20,411311407023
2017-03-21,407108353485
2017-03-22,410282687626
2017-03-23,410106335729
2017-03-24,412487086334
2017-03-27,412428302368
2017-03-28,416660747889
2017-03-29,419276634356
2017-03-30,418571226769
2017-03-31,418759169751
2017-04-03,419437202901
2017-04-04,417815819280
2017-04-05,418169575707
2017-04-06,416164955957
2017-04-07,415015247571
2017-04-10,415781719828
2017-04-11,412479993182
2017-04-12,411477683307
2017-04-13,410917568965
2017-04-17,416901948512
2017-04-18,415545882211
2017-04-19,419407723199
2017-04-20,423918117636
2017-04-21,423564361209
2017-04-24,428841227903
2017-04-25,431848157527
2017-04-26,432054515443
2017-04-27,435415201493
2017-04-28,442932525555
2017-05-01,449447539741
2017-05-02,450390890211
2017-05-03,447501879396
2017-05-04,444701307687
2017-05-05,442903045852
2017-05-08,445320381433
2017-05-09,443610558705
2017-05-10,443050444363
2017-05-11,442313451808
2017-05-12,443168363172
2017-05-15,442755647341
2017-05-16,441546979551
2017-05-17,427013486367
2017-05-18,435297282685
2017-05-19,436476470773
2017-05-22,437007105412
2017-05-23,436505950475
2017-05-24,442313451808
2017-05-25,447973554631
2017-05-26,448474709568
2017-05-30,449211702123
2017-05-31,446499569521
2017-06-01,446705927436
2017-06-02,452837705494
2017-06-05,452896664898
2017-06-06,450479329318
2017-06-07,451393200086
2017-06-08,456080472736
2017-06-09,441016344912
2017-06-12,437596699456
2017-06-13,444200152749
2017-06-14,442932525555
2017-06-15,441605938956
2017-06-16,444082233940
2017-06-19,450656207531
2017-06-20,448828465995
2017-06-21,453722096560
2017-06-22,452218631748
2017-06-23,457141742015
2017-06-26,452778746089
2017-06-27,443905355727
2017-06-28,451746956512
2017-06-29,445261422028
2017-06-30,446012582546
2017-07-03,438479584231
2017-07-05,444121947675
2017-07-06,439631689856
2017-07-07,447371476359
2017-07-10,453456957351
2017-07-11,458685744416
2017-07-12,469409189075
2017-07-13,470472671190
2017-07-14,472570094250
2017-07-17,471861106173
2017-07-18,481107492339
2017-07-19,484888762082
2017-07-20,486040867706
2017-07-21,485745456007
2017-07-24,490383419676
2017-07-25,488256455446
2017-07-26,489231314051
2017-07-27,503499699093
2017-07-28,509437474235
2017-07-31,499984299880
2017-08-01,501786311241
2017-08-02,500132005729
2017-08-03,498034582669
2017-08-04,501077323165
2017-08-07,508049039252
2017-08-08,505833451512
2017-08-09,505685745663
2017-08-10,494519183456
2017-08-11,496527983006
2017-08-14,504415475359
2017-08-15,505154004606
2017-08-16,502199887620
2017-08-17,493071666133
2017-08-18,494548724626
2017-08-21,495641747911
2017-08-22,501136405505
2017-08-23,498389076708
2017-08-24,495523583231
2017-08-25,491328737111
2017-08-28,494046524738
2017-08-29,496439359497
2017-08-30,501963558261
2017-08-31,508019498082
2017-09-01,508167203931
2017-09-05,504326851849
2017-09-06,508373992120
2017-09-07,511682603145
2017-09-08,505006298756
2017-09-11,512568838240
2017-09-12,510944073898
2017-09-13,511209944427
2017-09-14,505035839926
2017-09-15,507044639477
2017-09-18,502229428789
2017-09-19,509644262424
2017-09-20,508610321479
2017-09-21,505478957474
2017-09-22,503795110792
2017-09-25,481137033509
2017-09-26,485095550271
2017-09-27,495346336212
2017-09-28,498448159047
2017-09-29,504769969397
2017-10-02,500497149296
2017-10-03,501944270339
2017-10-04,497396175633
2017-10-05,505724504901
2017-10-06,508648280069
2017-10-09,509445673297
2017-10-10,506758162789
2017-10-11,510154467277
2017-10-12,509593338710
2017-10-13,513107775528
2017-10-16,515411355964
2017-10-17,520107116083
2017-10-18,519870851423
2017-10-19,515529488294
2017-10-20,516769877759
2017-10-23,505813104148
2017-10-24,507378357521
2017-10-25,503834387620
2017-10-26,503922986868
2017-10-27,525334471687
2017-10-30,531211555107
2017-10-31,531772683675
2017-11-01,539451285127
2017-11-02,528405912268
2017-11-03,528405912268
2017-11-06,532097547582
2017-11-07,532333812242
2017-11-08,530296029549
2017-11-09,529528169404
2017-11-10,527047390473
2017-11-13,527962916031
2017-11-14,525895600255
2017-11-15,525541203265
2017-11-16,530384628797
2017-11-17,528642176929
2017-11-20,527874316783
2017-11-21,537088638526
2017-11-22,534164863358
2017-11-24,539805682117
2017-11-27,540544009180
2017-11-28,538742491147
2017-11-29,517212873997
2017-11-30,523267155912
2017-12-01,517124274750
2017-12-04,506403765798
2017-12-05,510420265020
2017-12-06,519959450671
2017-12-07,532008948335
2017-12-08,528642176929
2017-12-11,528760309259
2017-12-12,522617428096
2017-12-13,526574861153
2017-12-14,526840658895
2017-12-15,532127080665
2017-12-18,534017197945
2017-12-19,530148364137
2017-12-20,525364004770
2017-12-21,524064549139
2017-12-22,523326222077
2017-12-26,519752719093
2017-12-27,524566611542
2017-12-28,525452604017
2017-12-29,521140773971
2018-01-02,534174838978
2018-01-03,543744171062
2018-01-04,542743071705
2018-01-05,550162984583
2018-01-08,554373490700
2018-01-09,553166282652
2018-01-10,553077950356
2018-01-11,552871841665
2018-01-12,528138798740
2018-01-16,525253277066
2018-01-17,522927193267
2018-01-18,529404894985
2018-01-19,533792065694
2018-01-22,545805257972
2018-01-23,557524009263
2018-01-24,549279661621
2018-01-25,552017962802
2018-01-26,559437875680
2018-01-29,547601347994
2018-01-30,550957975248
2018-01-31,550280760978
2018-02-01,568536102184
2018-02-02,560262310444
2018-02-05,533703733398
2018-02-06,545628593380
2018-02-07,530523770736
2018-02-08,505201845837
2018-02-09,518540022557
2018-02-12,519423345519
2018-02-13,509824569336
2018-02-14,528580460221
2018-02-15,529876000565
2018-02-16,522220534897
2018-02-20,518245581570
2018-02-21,523839960327
2018-02-22,527019922989
2018-02-23,539680885438
2018-02-26,544509717628
2018-02-27,534292615373
2018-02-28,525047168375
2018-03-01,518039472879
2018-03-02,520041671592
2018-03-05,531171540908
2018-03-06,529346006788
2018-03-07,540917537585
2018-03-08,536883696060
2018-03-09,545393040590
2018-03-12,544009167950
2018-03-13,535529267519
2018-03-14,542330854323
2018-03-15,541359199065
2018-03-16,544980823208
2018-03-19,508087367512
2018-03-20,495102519976
2018-03-21,498753588218
2018-03-22,485503743794
2018-03-23,469309489498
2018-03-26,471282244112
2018-03-27,448198070715
2018-03-28,450583042712
2018-03-29,470487253446
2018-04-02,455292699999
2018-04-03,457402300000
2018-04-04,454443000000
2018-04-05,466866200000
2018-04-06,460595999999
2018-04-09,462734900000
2018-04-10,483567200000
2018-04-11,487317600000
2018-04-12,480139100000
2018-04-13,482043600000
2018-04-16,482951900000
2018-04-17,494173800000
2018-04-18,487434800000
2018-04-19,492533000000
2018-04-20,487200400000
2018-04-23,485911200000
2018-04-24,467891700000
2018-04-25,467891700000
2018-04-26,510288800000
2018-04-27,508618700000
2018-04-30,503960000000
2018-05-01,509409800000
2018-05-02,515885100000
2018-05-03,509878600000
2018-05-04,517467300000
2018-05-07,521452100000
2018-05-08,524235599999
2018-05-09,535193800000
2018-05-10,543602900000
2018-05-11,547880700000
2018-05-14,546855199999
2018-05-15,540057600000
2018-05-16,536775999999
2018-05-17,538416800000
2018-05-18,535252400000
2018-05-21,540555700000
2018-05-22,538534000000
2018-05-23,547617000000
2018-05-24,544774900000
2018-05-25,541815599999
2018-05-29,544218200000
2018-05-30,549873100000
2018-05-31,561915400000
2018-06-01,568390700000
2018-06-04,566310400000
2018-06-05,565314200000
2018-06-06,560626200000
2018-06-07,551367400000
2018-06-08,554063000000
2018-06-11,561212200000
2018-06-12,563732000000
2018-06-13,563761300000
2018-06-14,576653300000
2018-06-15,573840500000
2018-06-18,581048300000
2018-06-19,578645700000
2018-06-20,591860000000
2018-06-21,590395000000
2018-06-22,591098200000
2018-06-25,575305500000
2018-06-26,583070000000
2018-06-27,573811200000
2018-06-28,574953900000
2018-06-29,569357600000
2018-07-02,574909680000
2018-07-03,561422490000
2018-07-05,578084850000
2018-07-06,592008990000
2018-07-09,596407620000
2018-07-10,592912020000
2018-07-11,589999020000
2018-07-12,602757960000
2018-07-13,603923160000
2018-07-16,603660990000
2018-07-17,611700870000
2018-07-18,609865680000
2018-07-19,606166170000
2018-07-20,611555220000
2018-07-23,614380830000
2018-07-24,625333710000
2018-07-25,633577500000
2018-07-26,513445380000
2018-07-27,509454569999
2018-07-30,498297780000
2018-07-31,502725540000
2018-08-01,500016450000
2018-08-02,513765810000
2018-08-03,517873140000
2018-08-06,540914970000
2018-08-07,535438530000
2018-08-08,539429340000
2018-08-09,533341170000
2018-08-10,525097380000
2018-08-13,524485650000
2018-08-14,527573430000
2018-08-15,522970890000
2018-08-16,508901099999
2018-08-17,506279400000
2018-08-20,502492500000
2018-08-21,502842060000
2018-08-22,505813319999
2018-08-23,503657700000
2018-08-24,508755450000
2018-08-27,516940980000
2018-08-28,513445380000
2018-08-29,512396700000
2018-08-30,517465319999
2018-08-31,511901490000
2018-09-04,498589080000
2018-09-05,486995340000
2018-09-06,473449890000
2018-09-07,474935520000
2018-09-10,478256340000
2018-09-11,483383220000
2018-09-12,471906000000
2018-09-13,470041680000
2018-09-14,472838160000
2018-09-17,467769540000
2018-09-18,466953900000
2018-09-19,474993780000
2018-09-20,483616260000
2018-09-21,474615090000
2018-09-24,481839330000
2018-09-25,480382830000
2018-09-26,486325349999
2018-09-27,491830920000
2018-09-28,479071980000
2018-10-01,468801840000
2018-10-02,459826380000
2018-10-03,468772980000
2018-10-04,458441100000
2018-10-05,454054380000
2018-10-08,453823500000
2018-10-09,455699400000
2018-10-10,436882680000
2018-10-11,442568100000
2018-10-12,443693640000
2018-10-15,443058720000
2018-10-16,458239080000
2018-10-17,460086119999
2018-10-18,447099119999
2018-10-19,444588300000
2018-10-22,446695080000
2018-10-23,445569539999
2018-10-24,421471440000
2018-10-25,435641699999
2018-10-26,419537820000
2018-10-29,410071740000
2018-10-30,421990920000
2018-10-31,438065940000
2018-11-01,437950500000
2018-11-02,433910100000
2018-11-05,429090480000
2018-11-06,432726840000
2018-11-07,437315580000
2018-11-08,426752820000
2018-11-09,418354560000
2018-11-12,408513300000
2018-11-13,410273760000
2018-11-14,416218920000
2018-11-15,415151100000
2018-11-16,402683580000
2018-11-19,379653300000
2018-11-20,382192980000
2018-11-21,389090520000
2018-11-23,380172780000
2018-11-26,393592680000
2018-11-27,389610000000
2018-11-28,394689360000
2018-11-29,400230480000
2018-11-30,405800460000
2018-12-03,407185740000
2018-12-04,398065980000
2018-12-06,402972180000
2018-12-07,396594119999
2018-12-10,409379100000
2018-12-11,410042880000
2018-12-12,417027000000
2018-12-13,418498860000
2018-12-14,415757160000
2018-12-17,404588340000
2018-12-18,414602760000
2018-12-19,384530640000
2018-12-20,384992400000
2018-12-21,360605700000
2018-12-24,358037160000
2018-12-26,387243480000
2018-12-27,388224720000
2018-12-28,384415199999
2018-12-31,374608952833
2019-01-02,387725552829
2019-01-03,376466423420
2019-01-04,394212411651
2019-01-07,394498176356
2019-01-08,407300435176
2019-01-09,412158435175
2019-01-10,412072705763
2019-01-11,410929646940
2019-01-14,415473305762
2019-01-15,425646529289
2019-01-16,421617246937
2019-01-17,423789058701
2019-01-18,428761364582
2019-01-22,421702976349
2019-01-23,412358470469
2019-01-24,416730670468
2019-01-25,425817988112
2019-01-28,421417211643
2019-01-29,412044129293
2019-01-30,429847270464
2019-01-31,476341188098
2019-02-01,473540693981
2019-02-04,483656764566
2019-02-05,489114870447
2019-02-06,487200246918
2019-02-07,475455317510
2019-02-08,478170082215
2019-02-11,473769305745
2019-02-12,471626070452
2019-02-13,468854152806
2019-02-14,468511235159
2019-02-15,464367646925
2019-02-19,463767541042
2019-02-20,464539105748
2019-02-21,457337835162
2019-02-22,462624482219
2019-02-25,470425858687
2019-02-26,469025611629
2019-02-27,465253517512
2019-02-28,461367117514
2019-03-01,463738964572
2019-03-04,478284388097
2019-03-05,489400635153
2019-03-06,492972693975
2019-03-07,483313846919
2019-03-08,484656941036
2019-03-11,491715329270
2019-03-12,491286682211
2019-03-13,495430270445
2019-03-14,486285799859
2019-03-15,474312258686
2019-03-18,458566623397
2019-03-19,461710035161
2019-03-20,472769129275
2019-03-21,474598023392
2019-03-22,469625717511
2019-03-25,475198129274
2019-03-26,479170258685
2019-03-27,473997917510
2019-03-28,473083470451
2019-03-29,476341188098
2019-04-01,484966153723
2019-04-02,500777142730
2019-04-03,498879824049
2019-04-04,506009142729
2019-04-05,505146725147
2019-04-08,502875692180
2019-04-09,510493714156
2019-04-10,511183648222
2019-04-11,510292483387
2019-04-12,514863296573
2019-04-15,516444395474
2019-04-16,514202109760
2019-04-17,513943384485
2019-04-18,512506021848
2019-04-22,521590153714
2019-04-23,528317010855
2019-04-24,524867340526
2019-04-25,555569406453
2019-04-26,550481142718
2019-04-29,559938988869
2019-04-30,555971867991
2019-05-01,554908219640
2019-05-02,553470857003
2019-05-03,561922549308
2019-05-06,557351736123
2019-05-07,545536615246
2019-05-08,544875428433
2019-05-09,542316922940
2019-05-10,541425758105
2019-05-13,521877626241
2019-05-14,519549098770
2019-05-15,535475076787
2019-05-16,537544878985
2019-05-17,532686593272
2019-05-20,525269802065
2019-05-21,531306725140
2019-05-22,532744087777
2019-05-23,519951560308
2019-05-24,520497758110
2019-05-28,529840615250
2019-05-29,523746197670
2019-05-30,526103472394
2019-05-31,510177494376
2019-06-03,471886153727
2019-06-04,481516483395
2019-06-05,483442549328
2019-06-06,483902505372
2019-06-07,498333626247
2019-06-10,502559472400
2019-06-11,511988571299
2019-06-12,503191911960
2019-06-13,510177494376
2019-06-14,521273933934
2019-06-17,543351824038
2019-06-18,541799472390
2019-06-19,538953494369
2019-06-20,544846681181
2019-06-21,549474988872
2019-06-24,553672087772
2019-06-25,542863120742
2019-06-26,539470944918
2019-06-27,544760439423
2019-06-28,554821977882
2019-07-01,554510848951
2019-07-02,560257075365
2019-07-03,566577924420
2019-07-05,564279433854
2019-07-08,562440641402
2019-07-09,572352881966
2019-07-10,582466240455
2019-07-11,578156570644
2019-07-12,588614702718
2019-07-15,585856514039
2019-07-16,585655396114
2019-07-17,579794245172
2019-07-18,576863669701
2019-07-19,569910735740
2019-07-22,581288264040
2019-07-23,581403188568
2019-07-24,588011348944
2019-07-25,576662551776
2019-07-26,573904363098
2019-07-29,562957801779
2019-07-30,566118226307
2019-07-31,558044778195
2019-08-01,553735108385
2019-08-02,543075858387
2019-08-05,522130863108
2019-08-06,530118117823
2019-08-07,531956910276
2019-08-08,546351207443
2019-08-09,539714315934
2019-08-12,532588995181
2019-08-13,541438183859
2019-08-14,516327174429
2019-08-15,524601740466
2019-08-16,527790896125
2019-08-19,534887485747
2019-08-20,528106938578
2019-08-21,527359929144
2019-08-22,523021528202
2019-08-23,510695872544
2019-08-26,518194698014
2019-08-27,520895424429
2019-08-28,522217056504
2019-08-29,533163617822
2019-08-30,533450929143
2019-09-03,524027117824
2019-09-04,537674405557
2019-09-05,548477311216
2019-09-06,538679995180
2019-09-09,542328848953
2019-09-10,534887485747
2019-09-11,541553108387
2019-09-12,538622532916
2019-09-13,537818061218
2019-09-16,535031141407
2019-09-17,540375131972
2019-09-18,540547518764
2019-09-19,546293745178
2019-09-20,545690391405
2019-09-23,536755009331
2019-09-24,520837962164
2019-09-25,525205094239
2019-09-26,517476419712
2019-09-27,508828348959
2019-09-30,510058016751
2019-10-01,503556266425
2019-10-02,500090575723
2019-10-03,513781486100
2019-10-04,516846187796
2019-10-07,514640748258
2019-10-08,509112828378
2019-10-09,515127663481
2019-10-10,515643220775
2019-10-11,527558322694
2019-10-14,524951894149
2019-10-15,541020096496
2019-10-16,542910473243
2019-10-17,545316407284
2019-10-18,532312906633
2019-10-21,543511956753
2019-10-22,522259539389
2019-10-23,533172168790
2019-10-24,533830936444
2019-10-25,538155889304
2019-10-28,542480842164
2019-10-29,542223063517
2019-10-30,539187003894
2019-10-31,548925308346
2019-11-01,554567796515
2019-11-04,557718424426
2019-11-05,556572741549
2019-11-06,548638887627
2019-11-07,545402333500
2019-11-08,546605300521
2019-11-11,543082325675
2019-11-12,557002372628
2019-11-13,553336187422
2019-11-14,553221619134
2019-11-15,558806823159
2019-11-18,565394499700
2019-11-19,570893777509
2019-11-20,565709562491
2019-11-21,566912529512
2019-11-22,569461673913
2019-11-25,572239954889
2019-11-26,569891304992
2019-11-27,578569852784
2019-11-29,577538738194
2019-12-02,571982176242
2019-12-03,569461673913
2019-12-04,569146611122
2019-12-05,571008345797
2019-12-06,575848855951
2019-12-09,576679476037
2019-12-10,575333298657
2019-12-11,579314546653
2019-12-12,563532765026
2019-12-13,555971258039
2019-12-16,566883887440
2019-12-17,568230064820
2019-12-18,580001956380
2019-12-19,590198533983
2019-12-20,590885943709
2019-12-23,590542238846
2019-12-24,587506179223
2019-12-26,595153612425
2019-12-27,596041516655
2019-12-30,585472592116
2019-12-31,588383333196
2020-01-02,601369333193
2020-01-03,598187333194
2020-01-06,609453333191
2020-01-07,610771999857
2020-01-08,616963999856
2020-01-09,625793333187
2020-01-10,625105333187
2020-01-13,636141999852
2020-01-14,627971999853
2020-01-15,633963333185
2020-01-16,635740666518
2020-01-17,636801333185
2020-01-21,634794666519
2020-01-22,634450666519
2020-01-23,629978666520
2020-01-24,624761333188
2020-01-27,615960666523
2020-01-28,624331333188
2020-01-29,639925999851
2020-01-30,600652666526
2020-01-31,578808666532
2020-02-03,585344666530
2020-02-04,601512666526
2020-02-05,602315333193
2020-02-06,604436666526
2020-02-07,608679333191
2020-02-10,610771999857
2020-02-11,593944666528
2020-02-12,604178666526
2020-02-13,611001333191
2020-02-14,613982666523
2020-02-18,624359999854
2020-02-19,623471333188
2020-02-20,615129333190
2020-02-21,602515999859
2020-02-24,575397333199
2020-02-25,564073999868
2020-02-26,565306666535
2020-02-27,543949999873
2020-02-28,551747333205
2020-03-02,563127999869
2020-03-03,532884666542
2020-03-04,549711999872
2020-03-05,530820666543
2020-03-06,519124666545
2020-03-09,485899999887
2020-03-10,510811333214
2020-03-11,488021333219
2020-03-12,442813999897
2020-03-13,488135999886
2020-03-16,418561999902
2020-03-17,428337333233
2020-03-18,421285333235
2020-03-19,438972666564
2020-03-20,429225999900
2020-03-23,424553333234
2020-03-24,461475999892
2020-03-25,447801999895
2020-03-26,468241333224
2020-03-27,449464666562
2020-03-30,475723333222
2020-03-31,479827999888
2020-04-01,459115999893
2020-04-02,455059899894
2020-04-03,443524466563
2020-04-06,476232166556
2020-04-07,485667633220
2020-04-08,501345466550
2020-04-09,503963233216
2020-04-13,502812566550
2020-04-14,512535699881
2020-04-15,509083699882
2020-04-16,507012499882
2020-04-17,515613733213
2020-04-20,512737066547
2020-04-21,491334666552
2020-04-22,524358799878
2020-04-23,532557299876
2020-04-24,546768033206
2020-04-27,539374999875
2020-04-28,526171099878
2020-04-29,558619899870
2020-04-30,588882433196
2020-05-01,581863366531
2020-05-04,590464599863
2020-05-05,595671366528
2020-05-06,599698699861
2020-05-07,607724599859
2020-05-08,610860166525
2020-05-11,613247799857
2020-05-12,604387666526
2020-05-13,590004333196
2020-05-14,594923433195
2020-05-15,606631466526
2020-05-18,613276566524
2020-05-19,623891466522
2020-05-20,661547033180
2020-05-21,665631899845
2020-05-22,675757766510
2020-05-26,667961999845
2020-05-27,659159399847
2020-05-28,648573266516
2020-05-29,647508899849
2020-06-01,667127766512
2020-06-02,669457866511
2020-06-03,662093599846
2020-06-04,650960899849
2020-06-05,663848366512
2020-06-08,665660666512
2020-06-09,686574033174
2020-06-10,680993299842
2020-06-11,645610299850
2020-06-12,657548466514
2020-06-15,668824999845
2020-06-16,677886499842
2020-06-17,677541299842
2020-06-18,678720733176
2020-06-19,686919233174
2020-06-22,688156199840
2020-06-23,696843733171
2020-06-24,673197533177
2020-06-25,677972799842
2020-06-26,621590133189
2020-06-29,634707733186
2020-06-30,656459370000
2020-07-01,686757050000
2020-07-02,674817220000
2020-07-06,694649480000
2020-07-07,696326260000
2020-07-08,704189780000
2020-07-09,706849500000
2020-07-10,708497370000
2020-07-13,690949000000
2020-07-14,693059430000
2020-07-15,694649480000
2020-07-16,696528630000
2020-07-17,699708730000
2020-07-20,709509220000
2020-07-21,698899250000
2020-07-22,693464170000
2020-07-23,672446600000
2020-07-24,666982610000
2020-07-27,675048500000
2020-07-28,665276920000
2020-07-29,674441390000
2020-07-30,677939500000
2020-07-31,733359970000
2020-08-03,728416360000
2020-08-04,722258530000
2020-08-05,720205920000
2020-08-06,766924479999
2020-08-07,776060040000
2020-08-10,760333000000
2020-08-11,740471830000
2020-08-12,751341990000
2020-08-13,755418300000
2020-08-14,755244840000
2020-08-17,755013560000
2020-08-18,758424939999
2020-08-19,759147689999
2020-08-20,777707910000
2020-08-21,771925910000
2020-08-24,784588490000
2020-08-25,811850620000
2020-08-26,878603810000
2020-08-27,847699020000
2020-08-28,848971060000
2020-08-31,847641200000
2020-09-01,854117040000
2020-09-02,874527500000
2020-09-03,841627920000
2020-09-04,817372430000
2020-09-08,783923560000
2020-09-09,791324520000
2020-09-10,775048189999
2020-09-11,770769510000
2020-09-14,769439649999
2020-09-15,787566220000
2020-09-16,761836320000
2020-09-17,736684620000
2020-09-18,730064230000
2020-09-21,717401650000
2020-09-22,736482250000
2020-09-23,719916820000
2020-09-24,721391230000
2020-09-25,736684620000
2020-09-28,742466620000
2020-09-29,756834890000
2020-09-30,756890999999
2020-10-01,770560700000
2020-10-02,751226600000
2020-10-05,764838499999
2020-10-06,747527400000
2020-10-07,745966800000
2020-10-08,762266400000
2020-10-09,764260500000
2020-10-12,796917500000
2020-10-13,798044600000
2020-10-14,785559800000
2020-10-15,770820800000
2020-10-16,768537700000
2020-10-19,755445999999
2020-10-20,773248400000
2020-10-21,805529700000
2020-10-22,803766800000
2020-10-23,823043100000
2020-10-26,800847900000
2020-10-27,818708100000
2020-10-28,773566300000
2020-10-29,811598700000
2020-10-30,760387900000
2020-11-02,755330400000
2020-11-03,766717000000
2020-11-04,830528200000
2020-11-05,851625200000
2020-11-06,847954900000
2020-11-09,805645300000
2020-11-10,787322700000
2020-11-11,799027200000
2020-11-12,794981200000
2020-11-13,800385500000
2020-11-16,806194400000
2020-11-17,794750000000
2020-11-18,785993300000
2020-11-19,788796600000
2020-11-20,779433000000
2020-11-23,775762700000
2020-11-24,800298800000
2020-11-25,796455099999
2020-11-27,802870900000
2020-11-30,800443300000
2020-12-01,828129500000
2020-12-02,830932800000
2020-12-03,814546500000
2020-12-04,808333000000
2020-12-07,825326200000
2020-12-08,819025999999
2020-12-09,803188800000
2020-12-10,800876800000
2020-12-11,790559500000
2020-12-14,792409100000
2020-12-15,796339500000
2020-12-16,796686300000
2020-12-17,793247200000
2020-12-18,798795999999
2020-12-21,788363100000
2020-12-22,771890099999
2020-12-23,774837900000
2020-12-24,772785999999
2020-12-28,800530000000
2020-12-29,799894199999
2020-12-30,785704300000
2020-12-31,786121369456
2021-01-04,773976720975
2021-01-05,779818814913
2021-01-06,757774263404
2021-01-07,773401145218
2021-01-08,770034027037
2021-01-11,739154387653
2021-01-12,722606584627
2021-01-13,724189417960
2021-01-14,706922145238
2021-01-15,723383611900
2021-01-19,751414151285
2021-01-20,769775017946
2021-01-21,785286784608
2021-01-22,789977727031
2021-01-25,800079081573
2021-01-26,811705711873
2021-01-27,783185933094
2021-01-28,762637878555
2021-01-29,743442427045
2021-02-01,754033020981
2021-02-02,768623866431
2021-02-03,767386378553
2021-02-04,766925917947
2021-02-05,771559302794
2021-02-08,767184927038
2021-02-09,775444439157
2021-02-10,782408905821
2021-02-11,778149645216
2021-02-12,778466211883
2021-02-16,788452451274
2021-02-17,787301299759
2021-02-18,775271766429
2021-02-19,752737975527
2021-02-22,749198184619
2021-02-23,765112854311
2021-02-24,760652142191
2021-02-25,732966948261
2021-02-26,741399133106
2021-03-01,762378869464
2021-03-02,745370605833
2021-03-03,735039020987
2021-03-04,741456690682
2021-03-05,760565805828
2021-03-08,734751233108
2021-03-09,764767508857
2021-03-10,762350090676
2021-03-11,788193442183
2021-03-12,772422666430
2021-03-15,787819317941
2021-03-16,803733987633
2021-03-17,817346354295
2021-03-18,801834587633
2021-03-19,834901414896
2021-03-22,844772539135
2021-03-23,836397911865
2021-03-24,811964720964
2021-03-25,802179933088
2021-03-26,814497254296
2021-03-29,836944708835
2021-03-30,828829090656
2021-03-31,847362809999
2021-04-01,859244820000
2021-04-05,888734070000
2021-04-06,881110020000
2021-04-07,900759929999
2021-04-08,900558540000
2021-04-09,898947420000
2021-04-12,896300580000
2021-04-13,891179520000
2021-04-14,871213140000
2021-04-15,885598140000
2021-04-16,880879860000
2021-04-19,869544480000
2021-04-20,870724049999
2021-04-21,867329190000
2021-04-22,853088040000
2021-04-23,866351010000
2021-04-26,871846080000
2021-04-27,873370890000
2021-04-28,883526700000
2021-04-29,948000270000
2021-04-30,935255160000
2021-05-03,928062660000
2021-05-04,915921720000
2021-05-05,906312540000
2021-05-06,920697540000
2021-05-07,917993160000
2021-05-10,880275690000
2021-05-11,881886809999
2021-05-12,870436350000
2021-05-13,878233020000
2021-05-14,908959380000
2021-05-17,907578420000
2021-05-18,891754920000
2021-05-19,902198429999
2021-05-20,916640970000
2021-05-21,909793710000
2021-05-24,933960510000
2021-05-25,943051830000
2021-05-26,942677820000
2021-05-27,957321750000
2021-05-28,945756210000
2021-06-01,946907010000
2021-06-02,946964549999
2021-06-03,938017080000
2021-06-04,950416950000
2021-06-07,968340660000
2021-06-08,959997360000
2021-06-09,950129250000
2021-06-10,956487420000
2021-06-11,953035020000
2021-06-14,968887290000
2021-06-15,968829750000
2021-06-16,952517160000
2021-06-17,968139270000
2021-06-18,948431820000
2021-06-21,955998330000
2021-06-22,975389309999
2021-06-23,979877429999
2021-06-24,987328860000
2021-06-25,982121490000
2021-06-28,1023176280000
2021-06-29,1012387530000
2021-06-30,992809235988
2021-07-01,1011882503068
2021-07-02,1012767639714
2021-07-06,1007285503068
2021-07-07,1000746913006
2021-07-08,986927360211
2021-07-09,1000547043441
2021-07-12,1008370509279
2021-07-13,1005315360211
2021-07-14,992580813627
2021-07-15,983529577603
2021-07-16,974107155243
2021-07-19,962086428535
2021-07-20,975534794994
2021-07-21,988583422323
2021-07-22,1002745608658
2021-07-23,1055853807414
2021-07-26,1063477403687
2021-07-27,1050200353998
2021-07-28,1065818732879
2021-07-29,1023103751514
2021-07-30,1017336086918
2021-08-02,1004915621080
2021-08-03,1002888372633
2021-08-04,1024816919216
2021-08-05,1036380801203
2021-08-06,1037922652135
2021-08-09,1032497621079
2021-08-10,1031127086918
2021-08-11,1027786409899
2021-08-12,1035467111762
2021-08-13,1036980409899
2021-08-16,1046631254619
2021-08-17,1023474937850
2021-08-18,1014909099341
2021-08-19,1013966857105
2021-08-20,1026101794993
2021-08-23,1037465807415
2021-08-24,1043633211141
2021-08-25,1051856416110
2021-08-26,1040406745303
2021-08-27,1063962801202
2021-08-30,1086890695611
2021-08-31,1083235937848
2021-09-01,1090859534121
2021-09-02,1071529291885
2021-09-03,1074327465798
2021-09-07,1091230720456
2021-09-08,1078067881947
2021-09-09,1079295652134
2021-09-10,1081265794991
2021-09-13,1075041285674
2021-09-14,1075098391264
2021-09-15,1067646111761
2021-09-16,1065190571389
2021-09-17,1041377540334
2021-09-20,1015622919217
2021-09-21,1020705316732
2021-09-22,979960478224
2021-09-23,987812496857
2021-09-24,1007799453378
2021-09-27,1009569726670
2021-09-28,972650962696
2021-09-29,969681472013
2021-09-30,949300186348
2021-10-01,959425607470
2021-10-04,912490644369
2021-10-05,931314977007
2021-10-06,933216989815
2021-10-07,920853906566
2021-10-08,923175481022
2021-10-11,910308923796
2021-10-12,905609833330
2021-10-13,907763583127
2021-10-14,918923922982
2021-10-15,908378940212
2021-10-18,937972021833
2021-10-19,950978432943
2021-10-20,953188124293
2021-10-21,956264909717
2021-10-22,907959378563
2021-10-25,919371455408
2021-10-26,883345095172
2021-10-27,873303586380
2021-10-28,886449851373
2021-10-29,905050417799
2021-11-01,922979685586
2021-11-02,917665238036
2021-11-03,927566892945
2021-11-04,939398531439
2021-11-05,954167101473
2021-11-08,947146436551
2021-11-09,938055934163
2021-11-10,916434523867
2021-11-11,916714231632
2021-11-12,953495802835
2021-11-15,972152310814
2021-11-16,959285753587
2021-11-17,953160153516
2021-11-18,947342231988
2021-11-19,965830915307
2021-11-22,953831452154
2021-11-23,943314440160
2021-11-24,953971306037
2021-11-26,931762509432
2021-11-29,945496160733
2021-11-30,907539816914
2021-12-01,868772320574
2021-12-02,868184934266
2021-12-03,858255308580
2021-12-06,889107075148
2021-12-07,902924638778
2021-12-08,924601990628
2021-12-09,922532153161
2021-12-10,922336357725
2021-12-13,935594505824
2021-12-14,933496697580
2021-12-15,955649552632
2021-12-16,936741307664
2021-12-17,933636551463
2021-12-20,910308923796
2021-12-21,934783353303
2021-12-22,924294312086
2021-12-23,937692314067
2021-12-27,968292343646
2021-12-28,968404226752
2021-12-29,959229812034
2021-12-30,963201662308
2021-12-31,916553750000
2022-01-03,922521500000
2022-01-04,917044249999
2022-01-05,883363250000
2022-01-06,905953500000
2022-01-07,904127750000
2022-01-10,893990750000
2022-01-11,911158250000
2022-01-12,908133500000
2022-01-13,889658000000
2022-01-14,904427499999
2022-01-18,866958749999
2022-01-19,870882749999
2022-01-20,862626000000
2022-01-21,826138250000
2022-01-24,841234750000
2022-01-25,817908749999
2022-01-26,802866750000
2022-01-27,802894000000
2022-01-28,822159750000
2022-01-31,853633500000
2022-02-01,869275000000
2022-02-02,880175000000
2022-02-03,647896000000
2022-02-04,646070250000
2022-02-07,612879750000
2022-02-08,599990500000
2022-02-09,632200000000
2022-02-10,621490750000
2022-02-11,598273750000
2022-02-14,593232500000
2022-02-15,602225000000
2022-02-16,590071500000
2022-02-17,566009750000
2022-02-18,561786000000
2022-02-22,550668000000
2022-02-23,540776249999
2022-02-24,565710000000
2022-02-25,573558000000
2022-02-28,575056750000
2022-03-01,554510250000
2022-03-02,567099750000
2022-03-03,553093250000
2022-03-04,545163500000
2022-03-07,510855750000
2022-03-08,518540250000
2022-03-09,540912500000
2022-03-10,531947250000
2022-03-11,511237250000
2022-03-14,508566750000
2022-03-15,523281750000
2022-03-16,554891750000
2022-03-17,566364000000
2022-03-18,589935250000
2022-03-21,576310250000
2022-03-22,590371250000
2022-03-23,581678500000
2022-03-24,598328250000
2022-03-25,604459500000
2022-03-28,609282750000
2022-03-29,626368500000
2022-03-30,620891250000
2022-03-31,601261440000
2022-04-01,607994400000
2022-04-04,632438560000
2022-04-05,626895360000
2022-04-06,603803200000
2022-04-07,602856800000
2022-04-08,601180320000
2022-04-11,585307840000
2022-04-12,579034560000
2022-04-13,581332960000
2022-04-14,568326720000
2022-04-18,569922080000
2022-04-19,587606240000
2022-04-20,541935679999
2022-04-21,508541280000
2022-04-22,497833440000
2022-04-25,505620960000
2022-04-26,489288799999
2022-04-27,473064799999
2022-04-28,556293920000
2022-04-29,542070880000
2022-05-02,570895520000
2022-05-03,573329120000
2022-05-04,604100640000
2022-05-05,563189120000
2022-05-06,550994080000
2022-05-09,530551840000
2022-05-10,534445600000
2022-05-11,510352960000
2022-05-12,517112960000
2022-05-13,537068480000
2022-05-16,540908160000
2022-05-17,547884480000
2022-05-18,519816960000
2022-05-19,517248160000
2022-05-20,523332160000
2022-05-23,530605920000
2022-05-24,490181120000
2022-05-25,497076320000
2022-05-26,518167520000
2022-05-27,527631520000
2022-05-31,523602559999
2022-06-01,510082559999
2022-06-02,537717440000
2022-06-03,515869120000
2022-06-06,525252000000
2022-06-07,529037600000
2022-06-08,531714559999
2022-06-09,497536000000
2022-06-10,474741280000
2022-06-13,444159040000
2022-06-14,442725920000
2022-06-15,457922400000
2022-06-16,434992480000
2022-06-17,442752960000
2022-06-21,424663200000
2022-06-22,421418400000
2022-06-23,429260000000
2022-06-24,460112640000
2022-06-27,458300960000
2022-06-28,434478720000
2022-06-29,443293760000
2022-06-30,432472500000
2022-07-01,429200460000
2022-07-05,451085580000
2022-07-06,455323140000
2022-07-07,461813580000
2022-07-08,458300160000
2022-07-11,436844160000
2022-07-12,437890140000
2022-07-13,438480180000
2022-07-14,423890100000
2022-07-15,441725400000
2022-07-18,448510860000
2022-07-19,471441960000
2022-07-20,491047380000
2022-07-21,491261939999
2022-07-22,453982140000
2022-07-25,446955300000
2022-07-26,426840300000
2022-07-27,454813560000
2022-07-28,431051040000
2022-07-29,426706200000
2022-08-01,428932260000
2022-08-02,429629580000
2022-08-03,452721600000
2022-08-04,457468740000
2022-08-05,448189020000
2022-08-08,456610500000
2022-08-09,451997460000
2022-08-10,478307880000
2022-08-11,476028180000
2022-08-12,484101000000
2022-08-15,485146979999
2022-08-16,481338540000
2022-08-17,468947700000
2022-08-18,468438120000
2022-08-19,450468720000
2022-08-22,437300100000
2022-08-23,432097020000
2022-08-24,437863320000
2022-08-25,452667960000
2022-08-26,433893960000
2022-08-29,426893939999
2022-08-30,421503120000
2022-08-31,436978260000
2022-09-01,443495520000
2022-09-02,429978240000
2022-09-06,425204280000
2022-09-07,430165979999
2022-09-08,434644920000
2022-09-09,453660300000
2022-09-12,453150720000
2022-09-13,410694660000
2022-09-14,406242540000
2022-09-15,401093100000
2022-09-16,392349780000
2022-09-19,396989640000
2022-09-20,391813380000
2022-09-21,381165840000
2022-09-22,383043240000
2022-09-23,376579620000
2022-09-26,365744340000
2022-09-27,360460800000
2022-09-28,379798020000
2022-09-29,365851620000
2022-09-30,357923840000
2022-10-03,365653180000
2022-10-04,370058640000
2022-10-05,366629240000
2022-10-06,366866660000
2022-10-07,352041100000
2022-10-10,352938020000
2022-10-11,339088520000
2022-10-12,336345000000
2022-10-13,343705020000
2022-10-14,334392880000
2022-10-17,353597520000
2022-10-18,350326400000
2022-10-19,351460740000
2022-10-20,346976140000
2022-10-21,342966380000
2022-10-24,342201360000
2022-10-25,362751380000
2022-10-26,342465160000
2022-10-27,258365720000
2022-10-28,261689600000
2022-10-31,245756080000
2022-11-01,251137600000
2022-11-02,238844520000
2022-11-03,234544580000
2022-11-04,239504020000
2022-11-07,255147360000
2022-11-08,254487860000
2022-11-09,267677860000
2022-11-10,295113060000
2022-11-11,298146760000
2022-11-14,301312360000
2022-11-15,308857040000
2022-11-16,298700740000
2022-11-17,294005100000
2022-11-18,295587900000
2022-11-21,289810680000
2022-11-22,293978720000
2022-11-23,296089120000
2022-11-25,293899580000
2022-11-28,286961640000
2022-11-29,288755480000
2022-11-30,311547800000
2022-12-01,317720720000
2022-12-02,325766620000
2022-12-05,322970340000
2022-12-06,301048560000
2022-12-07,300547340000
2022-12-08,304240540000
2022-12-09,305744200000
2022-12-12,302604980000
2022-12-13,316955700000
2022-12-14,320754420000
2022-12-15,306403700000
2022-12-16,315056340000
2022-12-19,301998240000
2022-12-20,308883420000
2022-12-21,315926880000
2022-12-22,308962560000
2022-12-23,311389520000
2022-12-27,308329440000
2022-12-28,305005560000
2022-12-29,317245880000
2022-12-30,317456920000
2023-01-03,322702380000
2023-01-04,329506190000
2023-01-05,328393780000
2023-01-06,336361740000
2023-01-09,334938890000
2023-01-10,344045130000
2023-01-11,343786429999
2023-01-12,353668770000
2023-01-13,354367260000
2023-01-17,350176320000
2023-01-18,344122740000
2023-01-19,352220050000
2023-01-20,360550190000
2023-01-23,370639490000
2023-01-24,370303179999
2023-01-25,366060500000
2023-01-26,381065100000
2023-01-27,392551380000
2023-01-30,380444220000
2023-01-31,385385390000
2023-02-01,396121440000
2023-02-02,488347990000
2023-02-03,482553110000
2023-02-06,481337220000
2023-02-07,495720940000
2023-02-08,474533410000
2023-02-09,460279039999
2023-02-10,450526050000
2023-02-13,464185410000
2023-02-14,464314760000
2023-02-15,458312920000
2023-02-16,446102280000
2023-02-17,447240560000
2023-02-21,445170960000
2023-02-22,442687440000
2023-02-23,445067480000
2023-02-24,440798929999
2023-02-27,438599980000
2023-02-28,452569780000
2023-03-01,448637539999
2023-03-02,451509110000
2023-03-03,479241750000
2023-03-06,478336300000
2023-03-07,477327370000
2023-03-08,478517390000
2023-03-09,470032030000
2023-03-10,464392370000
2023-03-13,467988300000
2023-03-14,501929740000
2023-03-15,511579250000
2023-03-16,530153910000
2023-03-17,506043070000
2023-03-20,511734470000
2023-03-21,522987920000
2023-03-22,516908470000
2023-03-23,528472360000
2023-03-24,532947870000
2023-03-27,524747080000
2023-03-28,519159160000
2023-03-29,531240450000
2023-03-30,537682080000
2023-03-31,544261920000
2023-04-03,547163760000
2023-04-04,551400960000
2023-04-05,543080640000
2023-04-06,554944800000
2023-04-10,551478000000
2023-04-11,549166800000
2023-04-12,549552000000
2023-04-13,565858800000
2023-04-14,568786320000
2023-04-17,562032480000
2023-04-18,559541520000
2023-04-19,553917600000
2023-04-20,547163760000
2023-04-21,546701519999
2023-04-24,546444720000
2023-04-25,532988400000
2023-04-26,537739200000
2023-04-27,612622080000
2023-04-28,617141760000
2023-05-01,624486240000
2023-05-02,614368320000
2023-05-03,608693040000
2023-05-04,599679360000
2023-05-05,597779040000
2023-05-08,599037360000
2023-05-09,599294160000
2023-05-10,598549440000
2023-05-11,605508720000
2023-05-12,600424080000
2023-05-15,613392480000
2023-05-16,613289760000
2023-05-17,622714320000
2023-05-18,633910800000
2023-05-19,630803520000
2023-05-22,637685760000
2023-05-23,633628320000
2023-05-24,639971280000
2023-05-25,648907920000
2023-05-26,672918720000
2023-05-30,674151360000
2023-05-31,679800960000
2023-06-01,700062480000
2023-06-02,700062480000
2023-06-05,696929520000
2023-06-06,696236160000
2023-06-07,676924800000
2023-06-08,679441440000
2023-06-09,680391600000
2023-06-12,696056400000
2023-06-13,696749760000
2023-06-14,701962800000
2023-06-15,723739440000
2023-06-16,721608000000
2023-06-20,730159440000
2023-06-21,723251520000
2023-06-22,731571840000
2023-06-23,741458640000
2023-06-26,715110960000
2023-06-27,737144400000
2023-06-28,732624720000
2023-06-29,722969039999
2023-06-30,739260480000
2023-07-03,736787520000
2023-07-05,758297120000
2023-07-06,752166240000
2023-07-07,748405279999
2023-07-10,757601600000
2023-07-11,768395040000
2023-07-12,796859839999
2023-07-13,807344160000
2023-07-14,795649120000
2023-07-17,800157120000
2023-07-18,803840800000
2023-07-19,814041760000
2023-07-20,779291520000
2023-07-21,758013760000
2023-07-24,751187360000
2023-07-25,758554720000
2023-07-26,769116320000
2023-07-27,802964960000
2023-07-28,838436480000
2023-07-31,820713600000
2023-08-01,831300960000
2023-08-02,809662560000
2023-08-03,806777440000
2023-08-04,800440480000
2023-08-07,815458560000
2023-08-08,805360640000
2023-08-09,786220960000
2023-08-10,787586240000
2023-08-11,777024640000
2023-08-14,788745440000
2023-08-15,777823200000
2023-08-16,758091040000
2023-08-17,734391839999
2023-08-18,729652000000
2023-08-21,746782400000
2023-08-22,740857600000
2023-08-23,757962240000
2023-08-24,738668000000
2023-08-25,735448000000
2023-08-28,747709760000
2023-08-29,767622240000
2023-08-30,760177600000
2023-08-31,762212640000
2023-09-01,763474880000
2023-09-05,773186400000
2023-09-06,770661920000
2023-09-07,769373920000
2023-09-08,767364640000
2023-09-11,792274560000
2023-09-12,777076160000
2023-09-13,785834560000
2023-09-14,802990720000
2023-09-15,773598560000
2023-09-18,779368800000
2023-09-19,785860320000
2023-09-20,771949920000
2023-09-21,761800480000
2023-09-22,770430080000
2023-09-25,774938080000
2023-09-26,770120960000
2023-09-27,766978240000
2023-09-28,783000960000
2023-09-29,773340960000
2023-10-02,787300120000
2023-10-03,772212040000
2023-10-04,784118280000
2023-10-05,782091140000
2023-10-06,809393380000
2023-10-09,816911760000
2023-10-10,825841439999
2023-10-11,841186120000
2023-10-12,831794560000
2023-10-13,807494540000
2023-10-16,824070900000
2023-10-17,831384000000
2023-10-18,813345020000
2023-10-19,802670460000
2023-10-20,791995900000
2023-10-23,805749660000
2023-10-24,802003300000
2023-10-25,768593979999
2023-10-26,739906100000
2023-10-27,761409180000
2023-10-30,776625560000
2023-10-31,773058820000
2023-11-01,800207100000
2023-11-02,797692420000
2023-11-03,807263600000
2023-11-06,810342800000
2023-11-07,818092120000
2023-11-08,820555479999
2023-11-09,822531300000
2023-11-10,843623820000
2023-11-13,844701540000
2023-11-14,862971460000
2023-11-15,853733860000
2023-11-16,857531540000
2023-11-17,859712640000
2023-11-20,872363020000
2023-11-21,864690680000
2023-11-22,876263340000
2023-11-24,867898180000
2023-11-27,858840200000
2023-11-28,869848340000
2023-11-29,852425200000
2023-11-30,839466900000
2023-12-01,833488120000
2023-12-04,821171320000
2023-12-05,816732140000
2023-12-06,814576700000
2023-12-07,838029939999
2023-12-08,853836500000
2023-12-11,834668479999
2023-12-12,857608520000
2023-12-13,858942840000
2023-12-14,854914220000
2023-12-15,859404720000
2023-12-18,884294920000
2023-12-19,899023760000
2023-12-20,896252479999
2023-12-21,908594939999
2023-12-22,906798740000
2023-12-26,910493780000
2023-12-27,918191780000
2023-12-28,919449120000
2023-12-29,908261360000
2024-01-02,881308050000
2024-01-03,876676150000
2024-01-04,883420400000
2024-01-05,895712750000
2024-01-08,912789700000
2024-01-09,909659350000
2024-01-10,942846150000
2024-01-11,940810150000
2024-01-12,953077050000
2024-01-16,935185700000
2024-01-17,937501650000
2024-01-18,957250850000
2024-01-19,975880250000
2024-01-22,971630099999
2024-01-23,980334000000
2024-01-24,994331500000
2024-01-25,1000643100000
2024-01-26,1003086300000
2024-01-29,1020595900000
2024-01-30,1018152700000
2024-01-31,992906300000
2024-02-01,1004715099999
2024-02-02,1208849550000
2024-02-05,1169198450000
2024-02-06,1157262400000
2024-02-07,1195106550000
2024-02-08,1196150000000
2024-02-09,1191339950000
2024-02-12,1193350500000
2024-02-13,1171005400000
2024-02-14,1204497600000
2024-02-15,1231856350000
2024-02-16,1204599400000
2024-02-20,1200603750000
2024-02-21,1191136350000
2024-02-22,1237200850000
2024-02-23,1231856350000
2024-02-26,1226028300000
2024-02-27,1239542250000
2024-02-28,1231830900000
2024-02-29,1247380850000
2024-03-01,1278353500000
2024-03-04,1267893550000
2024-03-05,1247609900000
2024-03-06,1262549050000
2024-03-07,1303523550000
2024-03-08,1287642750000
2024-03-11,1230736550000
2024-03-12,1271863750000
2024-03-13,1261225650000
2024-03-14,1251707350000
2024-03-15,1232034500000
2024-03-18,1264814100000
2024-03-19,1262930800000
2024-03-20,1286548400000
2024-03-21,1292249200000
2024-03-22,1296881100000
2024-03-25,1280185900000
2024-03-26,1262040050000
2024-03-27,1256873700000
2024-03-28,1235801100000
2024-04-01,1250485750000
2024-04-02,1265806650000
2024-04-03,1289653300000
2024-04-04,1300291400000
2024-04-05,1342080300000
2024-04-08,1321491250000
2024-04-09,1315510500000
2024-04-10,1322967350000
2024-04-11,1331442200000
2024-04-12,1302785500000
2024-04-15,1273085350000
2024-04-16,1271889200000
2024-04-17,1257662650000
2024-04-18,1277081000000
2024-04-19,1224323150000
2024-04-22,1226002850000
2024-04-23,1262574500000
2024-04-24,1255957500000
2024-04-25,1123312100000
2024-04-26,1128173050000
2024-04-29,1101017900000
2024-04-30,1094782650000
2024-05-01,1117738550000
2024-05-02,1124075600000
2024-05-03,1150238200000
2024-05-06,1185155600000
2024-05-07,1191670800000
2024-05-08,1202767000000
2024-05-09,1209943900000
2024-05-10,1211929000000
2024-05-13,1191085450000
2024-05-14,1200858250000
2024-05-15,1225519300000
2024-05-16,1204370350000
2024-05-17,1201010950000
2024-05-20,1193197800000
2024-05-21,1182483350000
2024-05-22,1190500100000
2024-05-23,1185410100000
2024-05-24,1217069900000
2024-05-28,1221396400000
2024-05-29,1207246200000
2024-05-30,1188642250000
2024-05-31,1188082350000
2024-06-03,1215212050000
2024-06-04,1213939550000
2024-06-05,1259927700000
2024-06-06,1256619200000
2024-06-07,1254583200000
2024-06-10,1279117000000
2024-06-11,1291511150000
2024-06-12,1294997800000
2024-06-13,1282934500000
2024-06-14,1283087200000
2024-06-17,1289373350000
2024-06-18,1271202050000
2024-06-20,1276826500000
2024-06-21,1259215100000
2024-06-24,1269725950000
2024-06-25,1299477000000
2024-06-26,1305890400000
2024-06-27,1322280199999
2024-06-28,1283239900000
2024-07-01,1284410600000
2024-07-02,1296677500000
2024-07-03,1297848200000
2024-07-05,1374070950000
2024-07-08,1347119400000
2024-07-09,1348850000000
2024-07-10,1360786050000
2024-07-11,1304821500000
2024-07-12,1269624150000
2024-07-15,1262727200000
2024-07-16,1246515550000
2024-07-17,1175764550000
2024-07-18,1211038250000
2024-07-19,1213430550000
2024-07-22,1240433000000
2024-07-23,1243716050000
2024-07-24,1173932150000
2024-07-25,1153928450000
2024-07-26,1185206500000
2024-07-29,1180109140000
2024-07-30,1173723460000
2024-07-31,1203219220000
2024-08-01,1261273160000
2024-08-02,1236946760000
2024-08-05,1205499820000
2024-08-06,1252024060000
2024-08-07,1238923280000
2024-08-08,1291402420000
2024-08-09,1312029180000
