,NWSA
2013-06-18,18267075858
2013-06-19,9145114023
2013-06-20,8855711680
2013-06-21,9040929179
2013-06-24,8988836758
2013-06-25,9098809648
2013-06-26,8913592149
2013-06-27,8971472617
2013-06-28,8826771446
2013-07-01,8560451999
2013-07-02,8682000000
2013-07-03,8606756000
2013-07-05,9064008000
2013-07-08,9237648000
2013-07-09,9092948000
2013-07-10,8907732000
2013-07-11,8757244000
2013-07-12,8641484000
2013-07-15,8490996000
2013-07-16,8844064000
2013-07-17,9197132000
2013-07-18,8954036000
2013-07-19,9243436000
2013-07-22,9104524000
2013-07-23,9058220000
2013-07-24,9092948000
2013-07-25,9011916000
2013-07-26,9197132000
2013-07-29,8977188000
2013-07-30,9231860000
2013-07-31,9220284000
2013-08-01,9388136000
2013-08-02,9457592000
2013-08-05,9260800000
2013-08-06,9364984000
2013-08-07,9231860000
2013-08-08,9336044000
2013-08-09,9249224000
2013-08-12,9214496000
2013-08-13,9162404000
2013-08-14,9202920000
2013-08-15,9318680000
2013-08-16,9249224000
2013-08-19,9087160000
2013-08-20,9087160000
2013-08-21,9121888000
2013-08-22,9092948000
2013-08-23,9116100000
2013-08-26,9179768000
2013-08-27,9104524000
2013-08-28,9121888000
2013-08-29,9127676000
2013-08-30,9087160000
2013-09-03,9133464000
2013-09-04,9278164000
2013-09-05,9399712000
2013-09-06,9370772000
2013-09-09,9457592000
2013-09-10,9579140000
2013-09-11,9868540000
2013-09-12,9903268000
2013-09-13,9775932000
2013-09-16,9816448000
2013-09-17,9839600000
2013-09-18,9868540000
2013-09-19,9764356000
2013-09-20,9625444000
2013-09-23,9567564000
2013-09-24,9862752000
2013-09-25,9723840000
2013-09-26,9428652000
2013-09-27,9359196000
2013-09-30,9297134000
2013-10-01,9210299000
2013-10-02,9343446000
2013-10-03,9187143000
2013-10-04,9169776000
2013-10-07,9210299000
2013-10-08,9146620000
2013-10-09,9192932000
2013-10-10,9389758000
2013-10-11,9499749000
2013-10-14,9586584000
2013-10-15,9598161999
2013-10-16,9713942000
2013-10-17,9725520000
2013-10-18,9754465000
2013-10-21,9754465000
2013-10-22,9841300000
2013-10-23,9904979000
2013-10-24,10009181000
2013-10-25,9928135000
2013-10-28,10009181000
2013-10-29,10107594000
2013-10-30,10043915000
2013-10-31,10188640000
2013-11-01,10287053000
2013-11-04,10281264000
2013-11-05,10234952000
2013-11-06,10078649000
2013-11-07,9991814000
2013-11-08,10188640000
2013-11-11,10084438000
2013-11-12,9928135000
2013-11-13,9968658000
2013-11-14,9986025000
2013-11-15,10281264000
2013-11-18,10084438000
2013-11-19,10119172000
2013-11-20,10229163000
2013-11-21,10165484000
2013-11-22,10159695000
2013-11-25,10119172000
2013-11-26,10240741000
2013-11-27,10339154000
2013-11-29,10397044000
2013-12-02,10217585000
2013-12-03,10130750000
2013-12-04,10177061999
2013-12-05,10107594000
2013-12-06,10292842000
2013-12-09,10142328000
2013-12-10,10211796000
2013-12-11,10188640000
2013-12-12,10124961000
2013-12-13,10223374000
2013-12-16,10287053000
2013-12-17,10043915000
2013-12-18,10130750000
2013-12-19,10049704000
2013-12-20,10275475000
2013-12-23,10362310000
2013-12-24,10362310000
2013-12-26,10287053000
2013-12-27,10263897000
2013-12-30,10368099000
2013-12-31,10433580000
2014-01-02,10393050000
2014-01-03,10317780000
2014-01-06,10178819999
2014-01-07,10074600000
2014-01-08,10010910000
2014-01-09,10039860000
2014-01-10,10074600000
2014-01-13,9929850000
2014-01-14,10016700000
2014-01-15,9964590000
2014-01-16,9889319999
2014-01-17,9889319999
2014-01-21,9704040000
2014-01-22,9640350000
2014-01-23,9570870000
2014-01-24,9362430000
2014-01-27,9489810000
2014-01-28,9402960000
2014-01-29,9391380000
2014-01-30,9379800000
2014-01-31,9240840000
2014-02-03,8986080000
2014-02-04,8986080000
2014-02-05,9038190000
2014-02-06,9275580000
2014-02-07,10080390000
2014-02-10,10138290000
2014-02-11,10381470000
2014-02-12,10219350000
2014-02-13,10225140000
2014-02-14,10236720000
2014-02-18,10277250000
2014-02-19,10184610000
2014-02-20,10132500000
2014-02-21,10236720000
2014-02-24,10387260000
2014-02-25,10398840000
2014-02-26,10439370000
2014-02-27,10433580000
2014-02-28,10613069999
2014-03-03,10491480000
2014-03-04,10653600000
2014-03-05,10595700000
2014-03-06,10584120000
2014-03-07,10369890000
2014-03-10,10283040000
2014-03-11,10254090000
2014-03-12,10323569999
2014-03-13,10039860000
2014-03-14,10091970000
2014-03-17,10068810000
2014-03-18,10254090000
2014-03-19,10161450000
2014-03-20,10138290000
2014-03-21,10178819999
2014-03-24,10115130000
2014-03-25,10051440000
2014-03-26,9860370000
2014-03-27,9854580000
2014-03-28,9860370000
2014-03-31,9970380000
2014-04-01,10097760000
2014-04-02,10097760000
2014-04-03,9906690000
2014-04-04,9912480000
2014-04-07,9889319999
2014-04-08,9871950000
2014-04-09,9958800000
2014-04-10,9744569999
2014-04-11,9576660000
2014-04-14,9709830000
2014-04-15,9628770000
2014-04-16,9721410000
2014-04-17,9773520000
2014-04-21,9814050000
2014-04-22,9848790000
2014-04-23,9976170000
2014-04-24,10005120000
2014-04-25,9918270000
2014-04-28,9918270000
2014-04-29,9964590000
2014-04-30,9854580000
2014-05-01,10016700000
2014-05-02,10022490000
2014-05-05,10074600000
2014-05-06,9924060000
2014-05-07,9889319999
2014-05-08,9906690000
2014-05-09,10422000000
2014-05-12,10335150000
2014-05-13,10259880000
2014-05-14,9953010000
2014-05-15,9767730000
2014-05-16,9871950000
2014-05-19,9860370000
2014-05-20,9698250000
2014-05-21,9790890000
2014-05-22,9941430000
2014-05-23,9895110000
2014-05-27,9970380000
2014-05-28,9906690000
2014-05-29,9912480000
2014-05-30,9877740000
2014-06-02,9993540000
2014-06-03,10057230000
2014-06-04,10115130000
2014-06-05,10259880000
2014-06-06,10242510000
2014-06-09,10225140000
2014-06-10,10196190000
2014-06-11,10207770000
2014-06-12,10016700000
2014-06-13,9976170000
2014-06-16,9912480000
2014-06-17,9987750000
2014-06-18,10178819999
2014-06-19,10230930000
2014-06-20,10207770000
2014-06-23,10057230000
2014-06-24,10126710000
2014-06-25,10254090000
2014-06-26,10433580000
2014-06-27,10410420000
2014-06-30,10396230000
2014-07-01,10488950000
2014-07-02,10581670000
2014-07-03,10593260000
2014-07-07,10500540000
2014-07-08,10512130000
2014-07-09,10558490000
2014-07-10,10425205000
2014-07-11,10483155000
2014-07-14,10535310000
2014-07-15,10587465000
2014-07-16,10564285000
2014-07-17,10459975000
2014-07-18,10558490000
2014-07-21,10506335000
2014-07-22,10488950000
2014-07-23,10494745000
2014-07-24,10599055000
2014-07-25,10512130000
2014-07-28,10465770000
2014-07-29,10355665000
2014-07-30,10344075000
2014-07-31,10228175000
2014-08-01,10297715000
2014-08-04,10338280000
2014-08-05,10228175000
2014-08-06,10216585000
2014-08-07,10094890000
2014-08-08,9938425000
2014-08-11,10048530000
2014-08-12,9996375000
2014-08-13,9915245000
2014-08-14,10031145000
2014-08-15,9996375000
2014-08-18,9967400000
2014-08-19,9938425000
2014-08-20,10112275000
2014-08-21,10187609999
2014-08-22,10135455000
2014-08-25,10233970000
2014-08-26,10210790000
2014-08-27,10245560000
2014-08-28,10239765000
2014-08-29,10216585000
2014-09-02,10100685000
2014-09-03,10199200000
2014-09-04,10199200000
2014-09-05,10286125000
2014-09-08,10210790000
2014-09-09,10019555000
2014-09-10,10123865000
2014-09-11,10013760000
2014-09-12,9921040000
2014-09-15,9880475000
2014-09-16,9874680000
2014-09-17,9874680000
2014-09-18,9868885000
2014-09-19,9978990000
2014-09-22,9880475000
2014-09-23,9805140000
2014-09-24,9799345000
2014-09-25,9683445000
2014-09-26,9839910000
2014-09-29,9735600000
2014-09-30,9486270000
2014-10-01,9271596000
2014-10-02,9172962000
2014-10-03,9230982000
2014-10-06,9242586000
2014-10-07,8975694000
2014-10-08,9271596000
2014-10-09,8981496000
2014-10-10,8766822000
2014-10-13,8494128000
2014-10-14,8581157999
2014-10-15,8528940000
2014-10-16,8470920000
2014-10-17,8534742000
2014-10-20,8644980000
2014-10-21,8940882000
2014-10-22,8853852000
2014-10-23,8998902000
2014-10-24,9126546000
2014-10-27,8969892000
2014-10-28,9010506000
2014-10-29,9010506000
2014-10-30,8987298000
2014-10-31,8981496000
2014-11-03,9027912000
2014-11-04,8790030000
2014-11-05,8877060000
2014-11-06,8894466000
2014-11-07,8790030000
2014-11-10,8842248000
2014-11-11,8842248000
2014-11-12,8859654000
2014-11-13,8697198000
2014-11-14,8819040000
2014-11-17,8726208000
2014-11-18,8708802000
2014-11-19,8813238000
2014-11-20,8784228000
2014-11-21,8801634000
2014-11-24,8969892000
2014-11-25,8964090000
2014-11-26,9097536000
2014-11-28,9004704000
2014-12-01,9027912000
2014-12-02,9132348000
2014-12-03,9161358000
2014-12-04,9114942000
2014-12-05,9178764000
2014-12-08,8993100000
2014-12-09,9103338000
2014-12-10,8900268000
2014-12-11,8894466000
2014-12-12,8732010000
2014-12-15,8563752000
2014-12-16,8488326000
2014-12-17,8639178000
2014-12-18,8714604000
2014-12-19,8830644000
2014-12-22,8923476000
2014-12-23,9056922000
2014-12-24,8981496000
2014-12-26,9033714000
2014-12-29,9132348000
2014-12-30,9149754000
2014-12-31,9128442000
2015-01-02,9070262000
2015-01-05,8796816000
2015-01-06,8674638000
2015-01-07,8651366000
2015-01-08,8924812000
2015-01-09,8965538000
2015-01-12,8889904000
2015-01-13,8860814000
2015-01-14,8785180000
2015-01-15,8732818000
2015-01-16,8761908000
2015-01-20,8686274000
2015-01-21,8697910000
2015-01-22,8843360000
2015-01-23,8831724000
2015-01-26,9041172000
2015-01-27,8988810000
2015-01-28,8808452000
2015-01-29,8686274000
2015-01-30,8663002000
2015-02-02,8692092000
2015-02-03,9081898000
2015-02-04,9070262000
2015-02-05,9151714000
2015-02-06,9460068000
2015-02-09,9727696000
2015-02-10,9756786000
2015-02-11,9750968000
2015-02-12,9797512000
2015-02-13,9826602000
2015-02-17,9954598000
2015-02-18,9867328000
2015-02-19,9913872000
2015-02-20,9972052000
2015-02-23,10076776000
2015-02-24,10059322000
2015-02-25,10146592000
2015-02-26,10082593999
2015-02-27,10047686000
2015-03-02,10146592000
2015-03-03,10012778000
2015-03-04,9942962000
2015-03-05,9948780000
2015-03-06,9791693999
2015-03-09,9704424000
2015-03-10,9442614000
2015-03-11,9541520000
2015-03-12,9745150000
2015-03-13,9716060000
2015-03-16,9844056000
2015-03-17,9745150000
2015-03-18,9826602000
2015-03-19,9710242000
2015-03-20,9797512000
2015-03-23,9820784000
2015-03-24,9756786000
2015-03-25,9553156000
2015-03-26,9413524000
2015-03-27,9396070000
2015-03-30,9436796000
2015-03-31,9325825000
2015-04-01,9384075000
2015-04-02,9424850000
2015-04-06,9465625000
2015-04-07,9389900000
2015-04-08,9354950000
2015-04-09,9285050000
2015-04-10,9273400000
2015-04-13,9360775000
2015-04-14,9308350000
2015-04-15,9290875000
2015-04-16,9255925000
2015-04-17,9081175000
2015-04-20,9116125000
2015-04-21,9040400000
2015-04-22,9063700000
2015-04-23,9063700000
2015-04-24,9046225000
2015-04-27,9069525000
2015-04-28,9302525000
2015-04-29,9197675000
2015-04-30,9191850000
2015-05-01,9349125000
2015-05-04,9419025000
2015-05-05,9331650000
2015-05-06,8731675000
2015-05-07,8720025000
2015-05-08,8819050000
2015-05-11,9151075000
2015-05-12,8941375000
2015-05-13,8888950000
2015-05-14,8964675000
2015-05-15,9057875000
2015-05-18,9133600000
2015-05-19,9133600000
2015-05-20,9104475000
2015-05-21,9104475000
2015-05-22,9052050000
2015-05-26,8935550000
2015-05-27,8993800000
2015-05-28,8941375000
2015-05-29,8824875000
2015-06-01,8871475000
2015-06-02,8830700000
2015-06-03,8865650000
2015-06-04,8737500000
2015-06-05,8737500000
2015-06-08,8644300000
2015-06-09,8481200000
2015-06-10,8533625000
2015-06-11,8492850000
2015-06-12,8393825000
2015-06-15,8271500000
2015-06-16,8271500000
2015-06-17,8283150000
2015-06-18,8469549999
2015-06-19,8720025000
2015-06-22,8766625000
2015-06-23,8731675000
2015-06-24,8638475000
2015-06-25,8591875000
2015-06-26,8854000000
2015-06-29,8417125000
2015-06-30,8476790000
2015-07-01,8505840000
2015-07-02,8482600000
2015-07-06,8308300000
2015-07-07,8337350000
2015-07-08,8226960000
2015-07-09,8238580000
2015-07-10,8279250000
2015-07-13,8383830000
2015-07-14,8383830000
2015-07-15,8383830000
2015-07-16,8517460000
2015-07-17,8604610000
2015-07-20,8656900000
2015-07-21,8470980000
2015-07-22,8488410000
2015-07-23,8552320000
2015-07-24,8633660000
2015-07-27,8616230000
2015-07-28,8592990000
2015-07-29,8616230000
2015-07-30,8598800000
2015-07-31,8558130000
2015-08-03,8447739999
2015-08-04,8459360000
2015-08-05,8482600000
2015-08-06,8145620000
2015-08-07,8197910000
2015-08-10,8337350000
2015-08-11,8110760000
2015-08-12,8203720000
2015-08-13,8825390000
2015-08-14,8819580000
2015-08-17,8860250000
2015-08-18,8790530000
2015-08-19,8732430000
2015-08-20,8285060000
2015-08-21,8081710000
2015-08-24,7576239999
2015-08-25,7518140000
2015-08-26,7680820000
2015-08-27,7913220000
2015-08-28,8017800000
2015-08-31,7919030000
2015-09-01,7593670000
2015-09-02,7628530000
2015-09-03,7738920000
2015-09-04,7448420000
2015-09-08,7756350000
2015-09-09,7680820000
2015-09-10,7558810000
2015-09-11,7582050000
2015-09-14,7442610000
2015-09-15,7518140000
2015-09-16,7576239999
2015-09-17,7675010000
2015-09-18,7506520000
2015-09-21,7512330000
2015-09-22,7430989999
2015-09-23,7407750000
2015-09-24,7454230000
2015-09-25,7407750000
2015-09-28,7140489999
2015-09-29,7123060000
2015-09-30,7334744000
2015-10-01,7398676000
2015-10-02,7578847999
2015-10-05,7793892000
2015-10-06,7846200000
2015-10-07,7921756000
2015-10-08,8165860000
2015-10-09,8113552000
2015-10-12,8084492000
2015-10-13,8084492000
2015-10-14,8125176000
2015-10-15,8305347999
2015-10-16,8479708000
2015-10-19,8473896000
2015-10-20,8468084000
2015-10-21,8276288000
2015-10-22,8537828000
2015-10-23,8718000000
2015-10-26,8549452000
2015-10-27,8537828000
2015-10-28,8718000000
2015-10-29,8787744000
2015-10-30,8950480000
2015-11-02,9084156000
2015-11-03,8956292000
2015-11-04,8973728000
2015-11-05,8921420000
2015-11-06,8648256000
2015-11-09,8380904000
2015-11-10,8392528000
2015-11-11,8357656000
2015-11-12,8200732000
2015-11-13,8008936000
2015-11-16,8218168000
2015-11-17,8218168000
2015-11-18,8293724000
2015-11-19,8247228000
2015-11-20,8287912000
2015-11-23,8322784000
2015-11-24,8386716000
2015-11-25,8386716000
2015-11-27,8282100000
2015-11-30,8340220000
2015-12-01,8502956000
2015-12-02,8375092000
2015-12-03,8008936000
2015-12-04,8171672000
2015-12-07,8061244000
2015-12-08,7846200000
2015-12-09,7846200000
2015-12-10,7991500000
2015-12-11,7741584000
2015-12-14,7706712000
2015-12-15,7822952000
2015-12-16,7945004000
2015-12-17,7764832000
2015-12-18,7660216000
2015-12-21,7764832000
2015-12-22,7735772000
2015-12-23,7962440000
2015-12-24,7915944000
2015-12-28,7857824000
2015-12-29,7974064000
2015-12-30,7857824000
2015-12-31,7553538456
2016-01-04,7468730764
2016-01-05,7219961533
2016-01-06,7186038456
2016-01-07,7022076918
2016-01-08,7112538456
2016-01-11,6903346149
2016-01-12,7027730764
2016-01-13,6892038456
2016-01-14,7186038456
2016-01-15,7072961533
2016-01-19,6982499995
2016-01-20,6869423072
2016-01-21,6993807687
2016-01-22,7180384610
2016-01-25,7067307687
2016-01-26,7236923072
2016-01-27,7180384610
2016-01-28,7259538456
2016-01-29,7333038456
2016-02-01,7180384610
2016-02-02,6852461533
2016-02-03,6920307687
2016-02-04,6903346149
2016-02-05,6275769226
2016-02-08,5970461534
2016-02-09,5930884611
2016-02-10,5993076919
2016-02-11,5879999996
2016-02-12,6077884611
2016-02-16,6185307688
2016-02-17,6219230765
2016-02-18,6134423072
2016-02-19,6173999995
2016-02-22,6275769226
2016-02-23,6157038457
2016-02-24,6100499995
2016-02-25,6145730765
2016-02-26,6173999995
2016-02-29,6117461534
2016-03-01,6089192303
2016-03-02,6157038457
2016-03-03,6168346149
2016-03-04,6219230765
2016-03-07,6394499995
2016-03-08,6173999995
2016-03-09,6270115380
2016-03-10,6270115380
2016-03-11,6643269226
2016-03-14,6535846149
2016-03-15,6541499995
2016-03-16,6818538456
2016-03-17,7033384610
2016-03-18,6959884610
2016-03-21,6999461533
2016-03-22,7146461533
2016-03-23,7089923072
2016-03-24,7067307687
2016-03-28,7265192302
2016-03-29,7270846148
2016-03-30,7208653841
2016-03-31,7406600000
2016-04-01,7557400000
2016-04-04,7400800000
2016-04-05,7313800000
2016-04-06,7406600000
2016-04-07,7302200000
2016-04-08,7197800000
2016-04-11,7128199999
2016-04-12,7232600000
2016-04-13,7366000000
2016-04-14,7383400000
2016-04-15,7366000000
2016-04-18,7226800000
2016-04-19,7273199999
2016-04-20,7273199999
2016-04-21,7389200000
2016-04-22,7424000000
2016-04-25,7319600000
2016-04-26,7418199999
2016-04-27,7348600000
2016-04-28,7273199999
2016-04-29,7203600000
2016-05-02,7313800000
2016-05-03,7093400000
2016-05-04,7047000000
2016-05-05,7058600000
2016-05-06,7366000000
2016-05-09,7122400000
2016-05-10,7145600000
2016-05-11,7076000000
2016-05-12,6925200000
2016-05-13,6757000000
2016-05-16,6815000000
2016-05-17,6780200000
2016-05-18,6733800000
2016-05-19,6681600000
2016-05-20,6873000000
2016-05-23,6786000000
2016-05-24,6849800000
2016-05-25,6977400000
2016-05-26,6878800000
2016-05-27,6907800000
2016-05-31,6936800000
2016-06-01,6971600000
2016-06-02,7041200000
2016-06-03,6942600000
2016-06-06,7052800000
2016-06-07,6884600000
2016-06-08,6844000000
2016-06-09,6780200000
2016-06-10,6675800000
2016-06-13,6699000000
2016-06-14,6641000000
2016-06-15,6768600000
2016-06-16,6612000000
2016-06-17,6542400000
2016-06-20,6617800000
2016-06-21,6699000000
2016-06-22,6762800000
2016-06-23,6878800000
2016-06-24,6455400000
2016-06-27,6159600000
2016-06-28,6223400000
2016-06-29,6513400000
2016-06-30,6592080000
2016-07-01,6667584000
2016-07-05,6528192000
2016-07-06,6522384000
2016-07-07,6597888000
2016-07-08,6777936000
2016-07-11,6882480000
2016-07-12,7045104000
2016-07-13,7120608000
2016-07-14,7161264000
2016-07-15,7143840000
2016-07-18,7225152000
2016-07-19,7260000000
2016-07-20,7248384000
2016-07-21,7201920000
2016-07-22,7329696000
2016-07-25,7323888000
2016-07-26,7434240000
2016-07-27,7399392000
2016-07-28,7422624000
2016-07-29,7532976000
2016-08-01,7469088000
2016-08-02,7364544000
2016-08-03,7352928000
2016-08-04,7399392000
2016-08-05,7451664000
2016-08-08,7457472000
2016-08-09,7736256000
2016-08-10,7637520000
2016-08-11,7776912000
2016-08-12,7846608000
2016-08-15,7927920000
2016-08-16,7945344000
2016-08-17,7991808000
2016-08-18,7986000000
2016-08-19,7980192000
2016-08-22,8026656000
2016-08-23,8044080000
2016-08-24,8038272000
2016-08-25,8067312000
2016-08-26,8119584000
2016-08-29,8154431999
2016-08-30,8137008000
2016-08-31,8166048000
2016-09-01,8113776000
2016-09-02,8096352000
2016-09-06,7991808000
2016-09-07,8003424000
2016-09-08,8020848000
2016-09-09,7759488000
2016-09-12,8073120000
2016-09-13,7922112000
2016-09-14,7962768000
2016-09-15,7922112000
2016-09-16,7922112000
2016-09-19,7910496000
2016-09-20,7962768000
2016-09-21,8090544000
2016-09-22,8212512000
2016-09-23,8160240000
2016-09-26,8026656000
2016-09-27,8107968000
2016-09-28,8142816000
2016-09-29,8067312000
2016-09-30,8108400000
2016-10-03,8369400000
2016-10-04,8282400000
2016-10-05,8479600000
2016-10-06,8421600000
2016-10-07,8183800000
2016-10-10,8073600000
2016-10-11,7928600000
2016-10-12,7812600000
2016-10-13,7853199999
2016-10-14,7754600000
2016-10-17,7760400000
2016-10-18,7835800000
2016-10-19,7917000000
2016-10-20,7835800000
2016-10-21,7777800000
2016-10-24,7522600000
2016-10-25,7337000000
2016-10-26,7487800000
2016-10-27,7087600000
2016-10-28,7058600000
2016-10-31,7029600000
2016-11-01,6989000000
2016-11-02,6867200000
2016-11-03,6861400000
2016-11-04,6896200000
2016-11-07,7087600000
2016-11-08,6757000000
2016-11-09,6948400000
2016-11-10,6931000000
2016-11-11,7029600000
2016-11-14,7058600000
2016-11-15,6965800000
2016-11-16,6971600000
2016-11-17,6960000000
2016-11-18,6884600000
2016-11-21,6803400000
2016-11-22,6774400000
2016-11-23,6844000000
2016-11-25,6844000000
2016-11-28,6867200000
2016-11-29,6693199999
2016-11-30,6704800000
2016-12-01,6820800000
2016-12-02,6762800000
2016-12-05,6849800000
2016-12-06,6838199999
2016-12-07,6861400000
2016-12-08,6913600000
2016-12-09,6989000000
2016-12-12,6965800000
2016-12-13,6890400000
2016-12-14,6890400000
2016-12-15,6780200000
2016-12-16,6733800000
2016-12-19,6803400000
2016-12-20,6757000000
2016-12-21,6797600000
2016-12-22,6809200000
2016-12-23,6803400000
2016-12-27,6907800000
2016-12-28,6780200000
2016-12-29,6762800000
2016-12-30,6646800000
2017-01-03,6798904000
2017-01-04,6903592000
2017-01-05,6915224000
2017-01-06,6938488000
2017-01-09,6979200000
2017-01-10,6979200000
2017-01-11,7002463999
2017-01-12,6990832000
2017-01-13,7008280000
2017-01-17,7112968000
2017-01-18,7060624000
2017-01-19,7002463999
2017-01-20,6961752000
2017-01-23,6955936000
2017-01-24,7043176000
2017-01-25,7159496000
2017-01-26,7107152000
2017-01-27,7188576000
2017-01-30,7171128000
2017-01-31,7147863999
2017-02-01,7188576000
2017-02-02,7107152000
2017-02-03,7136232000
2017-02-06,7107152000
2017-02-07,7095520000
2017-02-08,7072256000
2017-02-09,7206024000
2017-02-10,7729463999
2017-02-13,7607328000
2017-02-14,7607328000
2017-02-15,7618960000
2017-02-16,7589880000
2017-02-17,7607328000
2017-02-21,7752728000
2017-02-22,7729463999
2017-02-23,7700384000
2017-02-24,7618960000
2017-02-27,7595696000
2017-02-28,7456112000
2017-03-01,7613144000
2017-03-02,7467744000
2017-03-03,7502640000
2017-03-06,7531720000
2017-03-07,7363056000
2017-03-08,7264184000
2017-03-09,7217656000
2017-03-10,7200208000
2017-03-13,7142048000
2017-03-14,7211840000
2017-03-15,7328160000
2017-03-16,7351424000
2017-03-17,7357240000
2017-03-20,7345608000
2017-03-21,7281632000
2017-03-22,7281632000
2017-03-23,7299080000
2017-03-24,7299080000
2017-03-27,7316528000
2017-03-28,7467744000
2017-03-29,7560800000
2017-03-30,7700384000
2017-03-31,7566000000
2017-04-03,7443779999
2017-04-04,7432140000
2017-04-05,7350660000
2017-04-06,7315740000
2017-04-07,7280820000
2017-04-10,7292460000
2017-04-11,7275000000
2017-04-12,7269180000
2017-04-13,7176060000
2017-04-17,7222620000
2017-04-18,7176060000
2017-04-19,7234260000
2017-04-20,7531080000
2017-04-21,7501980000
2017-04-24,7589279999
2017-04-25,7606740000
2017-04-26,7531080000
2017-04-27,7542720000
2017-04-28,7403040000
2017-05-01,7414680000
2017-05-02,7344840000
2017-05-03,7315740000
2017-05-04,7315740000
2017-05-05,7385580000
2017-05-08,7443779999
2017-05-09,7630020000
2017-05-10,7397220000
2017-05-11,7379760000
2017-05-12,7397220000
2017-05-15,7501980000
2017-05-16,7525260000
2017-05-17,7368120000
2017-05-18,7391400000
2017-05-19,7461240000
2017-05-22,7635840000
2017-05-23,7653300000
2017-05-24,7694040000
2017-05-25,7688220000
2017-05-26,7810440000
2017-05-30,7734779999
2017-05-31,7787160000
2017-06-01,7897740000
2017-06-02,7903560000
2017-06-05,7822080000
2017-06-06,7845360000
2017-06-07,7775520000
2017-06-08,7862820000
2017-06-09,7944300000
2017-06-12,7955940000
2017-06-13,7891920000
2017-06-14,7903560000
2017-06-15,7921020000
2017-06-16,7990860000
2017-06-19,8019960000
2017-06-20,7851180000
2017-06-21,7874460000
2017-06-22,7827900000
2017-06-23,7909380000
2017-06-26,7950120000
2017-06-27,7950120000
2017-06-28,8060700000
2017-06-29,7915200000
2017-06-30,7977510000
2017-07-03,8088147000
2017-07-05,7994979000
2017-07-06,7709652000
2017-07-07,7756236000
2017-07-10,7657245000
2017-07-11,7727121000
2017-07-12,7686360000
2017-07-13,7703829000
2017-07-14,7901811000
2017-07-17,7965864000
2017-07-18,7936749000
2017-07-19,8111439000
2017-07-20,8128908000
2017-07-21,8111439000
2017-07-24,8140554000
2017-07-25,8222076000
2017-07-26,8286129000
2017-07-27,8309421000
2017-07-28,8379297000
2017-07-31,8332713000
2017-08-01,8402589000
2017-08-02,8309421000
2017-08-03,8297775000
2017-08-04,8222076000
2017-08-07,8350182000
2017-08-08,8291952000
2017-08-09,8251191000
2017-08-10,7965864000
2017-08-11,7820289000
2017-08-14,7785351000
2017-08-15,7750413000
2017-08-16,7715475000
2017-08-17,7703829000
2017-08-18,7727121000
2017-08-21,7750413000
2017-08-22,7796997000
2017-08-23,7674714000
2017-08-24,7686360000
2017-08-25,7814466000
2017-08-28,7820289000
2017-08-29,7779528000
2017-08-30,7744590000
2017-08-31,7785351000
2017-09-01,7831935000
2017-09-05,7732944000
2017-09-06,7796997000
2017-09-07,7878519000
2017-09-08,7651422000
2017-09-11,7767882000
2017-09-12,7721298000
2017-09-13,7569900000
2017-09-14,7599015000
2017-09-15,7622307000
2017-09-18,7622307000
2017-09-19,7599015000
2017-09-20,7668891000
2017-09-21,7616484000
2017-09-22,7587369000
2017-09-25,7686360000
2017-09-26,7633953000
2017-09-27,7721298000
2017-09-28,7721298000
2017-09-29,7721298000
2017-10-02,7738256000
2017-10-03,7790699000
2017-10-04,7784872000
2017-10-05,7825661000
2017-10-06,7744082999
2017-10-09,7679986000
2017-10-10,7866450000
2017-10-11,7854796000
2017-10-12,7889757999
2017-10-13,7971336000
2017-10-16,7971336000
2017-10-17,7936374000
2017-10-18,8000471000
2017-10-19,7936374000
2017-10-20,7988817000
2017-10-23,8012125000
2017-10-24,7942201000
2017-10-25,7959682000
2017-10-26,7971336000
2017-10-27,7977163000
2017-10-30,8047087000
2017-10-31,7959682000
2017-11-01,7988817000
2017-11-02,8041260000
2017-11-03,8082049000
2017-11-06,8320956000
2017-11-07,8245205000
2017-11-08,8239378000
2017-11-09,8367572000
2017-11-10,8798770000
2017-11-13,8874521000
2017-11-14,8897829000
2017-11-15,8851213000
2017-11-16,9160044000
2017-11-17,9229968000
2017-11-20,9130909000
2017-11-21,9200833000
2017-11-22,9189179000
2017-11-24,9189179000
2017-11-27,9171698000
2017-11-28,9410605000
2017-11-29,9527145000
2017-11-30,9416432000
2017-12-01,9439740000
2017-12-04,9637858000
2017-12-05,9556280000
2017-12-06,9550453000
2017-12-07,9532972000
2017-12-08,9643685000
2017-12-11,9666993000
2017-12-12,9451394000
2017-12-13,9486356000
2017-12-14,9451394000
2017-12-15,9334854000
2017-12-18,9515490999
2017-12-19,9480529000
2017-12-20,9463048000
2017-12-21,9521318000
2017-12-22,9567934000
2017-12-26,9503837000
2017-12-27,9468875000
2017-12-28,9515490999
2017-12-29,9445567000
2018-01-02,9553113386
2018-01-03,9587999984
2018-01-04,9646144313
2018-01-05,9768247406
2018-01-08,9785690705
2018-01-09,9814762870
2018-01-10,9797319571
2018-01-11,9931051529
2018-01-12,9971752560
2018-01-16,9867092767
2018-01-17,10006639158
2018-01-18,9890350498
2018-01-19,10012453591
2018-01-22,9989195859
2018-01-23,9925237096
2018-01-24,9936865962
2018-01-25,9907793797
2018-01-26,9965938127
2018-01-29,9919422663
2018-01-30,9913608230
2018-01-31,9948494828
2018-02-01,9779876272
2018-02-02,9541484520
2018-02-05,9204247407
2018-02-06,9471711324
2018-02-07,9337979365
2018-02-08,9099587613
2018-02-09,9169360809
2018-02-12,9157731943
2018-02-13,9431010293
2018-02-14,9500783489
2018-02-15,9518226788
2018-02-16,9454268025
2018-02-20,9274020603
2018-02-21,9308907200
2018-02-22,9431010293
2018-02-23,9593814417
2018-02-26,9675216478
2018-02-27,9524041221
2018-02-28,9378680396
2018-03-01,9157731943
2018-03-02,9227505139
2018-03-05,9390309262
2018-03-06,9547298953
2018-03-07,9477525757
2018-03-08,9431010293
2018-03-09,9576371118
2018-03-12,9622886581
2018-03-13,9518226788
2018-03-14,9494969056
2018-03-15,9547298953
2018-03-16,9651958746
2018-03-19,9500783489
2018-03-20,9512412355
2018-03-21,9599628849
2018-03-22,9460082458
2018-03-23,9047257716
2018-03-26,9117030912
2018-03-27,9058886582
2018-03-28,8971670088
2018-03-29,9186804108
2018-04-02,8956978515
2018-04-03,9090664762
2018-04-04,9172038999
2018-04-05,9154601662
2018-04-06,9009290525
2018-04-09,9096477207
2018-04-10,9270850572
2018-04-11,9183663890
2018-04-12,9247600790
2018-04-13,9137164326
2018-04-16,9270850572
2018-04-17,9358037255
2018-04-18,9317350136
2018-04-19,9410349264
2018-04-20,9398724373
2018-04-23,9404536819
2018-04-24,9241788345
2018-04-25,9230163454
2018-04-26,9282475463
2018-04-27,9305725245
2018-04-30,9288287909
2018-05-01,9305725245
2018-05-02,9131351880
2018-05-03,9230163454
2018-05-04,9381287037
2018-05-07,9526598174
2018-05-08,9514973283
2018-05-09,9596347520
2018-05-10,9642847084
2018-05-11,8823292269
2018-05-14,9195288781
2018-05-15,9177851444
2018-05-16,9235975899
2018-05-17,9148789217
2018-05-18,9084852316
2018-05-21,9125539435
2018-05-22,9073227425
2018-05-23,8997665634
2018-05-24,9020915416
2018-05-25,9055790089
2018-05-29,8765167814
2018-05-30,8951166070
2018-05-31,8736105586
2018-06-01,8840729605
2018-06-04,8887229169
2018-06-05,9079039871
2018-06-06,9125539435
2018-06-07,9102289653
2018-06-08,9195288781
2018-06-11,9224351008
2018-06-12,9299912800
2018-06-13,9212726117
2018-06-14,9311537691
2018-06-15,9288287909
2018-06-18,9334787473
2018-06-19,9270850572
2018-06-20,9305725245
2018-06-21,9177851444
2018-06-22,9195288781
2018-06-25,9032540307
2018-06-26,9020915416
2018-06-27,8974415852
2018-06-28,9026727861
2018-06-29,9009290525
2018-07-02,8846085000
2018-07-03,8921992000
2018-07-05,8921992000
2018-07-06,8992060000
2018-07-09,9050450000
2018-07-10,9208103000
2018-07-11,9079645000
2018-07-12,9085484000
2018-07-13,9103001000
2018-07-16,8997899000
2018-07-17,8980382000
2018-07-18,9079645000
2018-07-19,9044611000
2018-07-20,8921992000
2018-07-23,8916153000
2018-07-24,8787695000
2018-07-25,8857763000
2018-07-26,8811051000
2018-07-27,8694271000
2018-07-30,8729305000
2018-07-31,8799373000
2018-08-01,8799373000
2018-08-02,8764339000
2018-08-03,8805212000
2018-08-06,8828568000
2018-08-07,8840246000
2018-08-08,8840246000
2018-08-09,8910314000
2018-08-10,7707480000
2018-08-13,7929362000
2018-08-14,7993591000
2018-08-15,7981913000
2018-08-16,8116210000
2018-08-17,8116210000
2018-08-20,7923523000
2018-08-21,7923523000
2018-08-22,7970235000
2018-08-23,7830099000
2018-08-24,7824260000
2018-08-27,7736675000
2018-08-28,7713319000
2018-08-29,7789226000
2018-08-30,7719158000
2018-08-31,7631573000
2018-09-04,7543988000
2018-09-05,7520632000
2018-09-06,7415530000
2018-09-07,7392174000
2018-09-10,7368818000
2018-09-11,7316267000
2018-09-12,7217004000
2018-09-13,7298750000
2018-09-14,7263716000
2018-09-17,7164453000
2018-09-18,7252038000
2018-09-19,7310428000
2018-09-20,7368818000
2018-09-21,7479759000
2018-09-24,7444725000
2018-09-25,7538149000
2018-09-26,7503115000
2018-09-27,7520632000
2018-09-28,7701641000
2018-10-01,7662190000
2018-10-02,7644643000
2018-10-03,7825962000
2018-10-04,7796717000
2018-10-05,7773320999
2018-10-08,7790868000
2018-10-09,7884452000
2018-10-10,7469173000
2018-10-11,7428230000
2018-10-12,7498418000
2018-10-15,7597851000
2018-10-16,7685586000
2018-10-17,7726529000
2018-10-18,7685586000
2018-10-19,7679737000
2018-10-22,7714831000
2018-10-23,7656341000
2018-10-24,7515965000
2018-10-25,7521814000
2018-10-26,7410683000
2018-10-29,7293703000
2018-10-30,7498418000
2018-10-31,7714831000
2018-11-01,7679737000
2018-11-02,7703133000
2018-11-05,7697284000
2018-11-06,7761623000
2018-11-07,7855207000
2018-11-08,8270486000
2018-11-09,8328976000
2018-11-12,8007281000
2018-11-13,7989734000
2018-11-14,8077469000
2018-11-15,7937093000
2018-11-16,7937093000
2018-11-19,7779170000
2018-11-20,7369740000
2018-11-21,7363891000
2018-11-23,7375589000
2018-11-26,7621247000
2018-11-27,7527663000
2018-11-28,7679737000
2018-11-29,7726529000
2018-11-30,7592002000
2018-12-03,7779170000
2018-12-04,7539361000
2018-12-06,7293703000
2018-12-07,7229364000
2018-12-10,7328797000
2018-12-11,7287854000
2018-12-12,7445777000
2018-12-13,7369740000
2018-12-14,7165025000
2018-12-17,7059743000
2018-12-18,7001253000
2018-12-19,6925216000
2018-12-20,6632766000
2018-12-21,6457295999
2018-12-24,6357863000
2018-12-26,6539182000
2018-12-27,6556729000
2018-12-28,6580125000
2018-12-31,6639750000
2019-01-02,6663150000
2019-01-03,6598800000
2019-01-04,6885450000
2019-01-07,7008300000
2019-01-08,7113600000
2019-01-09,7142850000
2019-01-10,7125300000
2019-01-11,7160400000
2019-01-14,7189649999
2019-01-15,7242300000
2019-01-16,7242300000
2019-01-17,7277400000
2019-01-18,7324200000
2019-01-22,7224750000
2019-01-23,7119450000
2019-01-24,7277400000
2019-01-25,7423650000
2019-01-28,7388550000
2019-01-29,7441200000
2019-01-30,7411950000
2019-01-31,7505550000
2019-02-01,7452900000
2019-02-04,7528950000
2019-02-05,7593300000
2019-02-06,7558200000
2019-02-07,7435350000
2019-02-08,7289100000
2019-02-11,7148700000
2019-02-12,7254000000
2019-02-13,7277400000
2019-02-14,7312500000
2019-02-15,7458750000
2019-02-19,7464600000
2019-02-20,7534800000
2019-02-21,7488000000
2019-02-22,7593300000
2019-02-25,7616700000
2019-02-26,7616700000
2019-02-27,7628399999
2019-02-28,7616700000
2019-03-01,7751250000
2019-03-04,7745400000
2019-03-05,7710300000
2019-03-06,7675200000
2019-03-07,7546500000
2019-03-08,7488000000
2019-03-11,7628399999
2019-03-12,7528950000
2019-03-13,7452900000
2019-03-14,7394400000
2019-03-15,7394400000
2019-03-18,7382700000
2019-03-19,7335899999
2019-03-20,7371000000
2019-03-21,7517250000
2019-03-22,7388550000
2019-03-25,7347600000
2019-03-26,7265700000
2019-03-27,7201350000
2019-03-28,7242300000
2019-03-29,7277400000
2019-04-01,7092538896
2019-04-02,7047219159
2019-04-03,7075543995
2019-04-04,7081208962
2019-04-05,7109533798
2019-04-08,7092538896
2019-04-09,7092538896
2019-04-10,7166183470
2019-04-11,7103868831
2019-04-12,7166183470
2019-04-15,7103868831
2019-04-16,7177513404
2019-04-17,7132193667
2019-04-18,7092538896
2019-04-22,7047219159
2019-04-23,7081208962
2019-04-24,7086873929
2019-04-25,6996234454
2019-04-26,7058549093
2019-04-29,7047219159
2019-04-30,7035889225
2019-05-01,7007564389
2019-05-02,6945249750
2019-05-03,6990569487
2019-05-06,6814955505
2019-05-07,6554367015
2019-05-08,6469392508
2019-05-09,6475057475
2019-05-10,6741310932
2019-05-13,6492052376
2019-05-14,6526042179
2019-05-15,6554367015
2019-05-16,6531707147
2019-05-17,6463727540
2019-05-20,6565696950
2019-05-21,6684661260
2019-05-22,6662001391
2019-05-23,6678996293
2019-05-24,6673331326
2019-05-28,6673331326
2019-05-29,6577026884
2019-05-30,6486387409
2019-05-31,6452397606
2019-06-03,6469392508
2019-06-04,6560031982
2019-06-05,6582691851
2019-06-06,6571361917
2019-06-07,6639341523
2019-06-10,6667666359
2019-06-11,6684661260
2019-06-12,6650671457
2019-06-13,6678996293
2019-06-14,6701656162
2019-06-17,6933919816
2019-06-18,7302142682
2019-06-19,7574061106
2019-06-20,7681695482
2019-06-21,7664700581
2019-06-24,7545736270
2019-06-25,7506081500
2019-06-26,7534406336
2019-06-27,7608050909
2019-06-28,7642040712
2019-07-01,7915897435
2019-07-02,7863512819
2019-07-03,7828589742
2019-07-05,7834410255
2019-07-08,7735461537
2019-07-09,7741282050
2019-07-10,7741282050
2019-07-11,7694717948
2019-07-12,7747102563
2019-07-15,7776205127
2019-07-16,7904256409
2019-07-17,7694717948
2019-07-18,7729641024
2019-07-19,7648153845
2019-07-22,7717999999
2019-07-23,7787846153
2019-07-24,7898435896
2019-07-25,7782025640
2019-07-26,7816948717
2019-07-29,7787846153
2019-07-30,7787846153
2019-07-31,7659794871
2019-08-01,7584128204
2019-08-02,7555025640
2019-08-05,7426974358
2019-08-06,7508461537
2019-08-07,7444435896
2019-08-08,7584128204
2019-08-09,7974102563
2019-08-12,8166179486
2019-08-13,8171999999
2019-08-14,7787846153
2019-08-15,7944999999
2019-08-16,8009025640
2019-08-19,8142897435
2019-08-20,8102153845
2019-08-21,8206923076
2019-08-22,8236025640
2019-08-23,7880974358
2019-08-26,7950820512
2019-08-27,7863512819
2019-08-28,7985743589
2019-08-29,8032307691
2019-08-30,8003205127
2019-09-03,7886794871
2019-09-04,8084692306
2019-09-05,8148717948
2019-09-06,8212743589
2019-09-09,8364076922
2019-09-10,8445564101
2019-09-11,8468846153
2019-09-12,8393179486
2019-09-13,8468846153
2019-09-16,8195282050
2019-09-17,8294230768
2019-09-18,8288410255
2019-09-19,8119615383
2019-09-20,8113794871
2019-09-23,8154538460
2019-09-24,8107974358
2019-09-25,8171999999
2019-09-26,8107974358
2019-09-27,8067230768
2019-09-30,8187744000
2019-10-01,8164216000
2019-10-02,8087750000
2019-10-03,8052458000
2019-10-04,8152452000
2019-10-07,8064222000
2019-10-08,7628954000
2019-10-09,7693656000
2019-10-10,7752476000
2019-10-11,7940700000
2019-10-14,7958346000
2019-10-15,7893644000
2019-10-16,8034812000
2019-10-17,8040694000
2019-10-18,7923054000
2019-10-21,8028930000
2019-10-22,8140688000
2019-10-23,8146570000
2019-10-24,8123042000
2019-10-25,8117160000
2019-10-28,8170098000
2019-10-29,8211272000
2019-10-30,8023048000
2019-10-31,8064222000
2019-11-01,8093632000
2019-11-04,8123042000
2019-11-05,8087750000
2019-11-06,7970110000
2019-11-07,7834824000
2019-11-08,7587780000
2019-11-11,7734830000
2019-11-12,7717184000
2019-11-13,7711302000
2019-11-14,7593662000
2019-11-15,7640718000
2019-11-18,7581898000
2019-11-19,7576016000
2019-11-20,7487786000
2019-11-21,7393674000
2019-11-22,7476022000
2019-11-25,7564252000
2019-11-26,7670127999
2019-11-27,7687774000
2019-11-29,7576016000
2019-12-02,7576016000
2019-12-03,7452494000
2019-12-04,7552488000
2019-12-05,7646600000
2019-12-06,7770122000
2019-12-09,7781886000
2019-12-10,7770122000
2019-12-11,7828942000
2019-12-12,8111277999
2019-12-13,7993638000
2019-12-16,8075986000
2019-12-17,8111277999
2019-12-18,8270092000
2019-12-19,8187744000
2019-12-20,8205390000
2019-12-23,8234800000
2019-12-24,8223036000
2019-12-26,8334794000
2019-12-27,8323030000
2019-12-30,8275974000
2019-12-31,8318562000
2020-01-02,8495052000
2020-01-03,8471520000
2020-01-06,8447988000
2020-01-07,8530350000
2020-01-08,8553881999
2020-01-09,8489169000
2020-01-10,8442105000
2020-01-13,8571531000
2020-01-14,8630361000
2020-01-15,8700957000
2020-01-16,8771553000
2020-01-17,8771553000
2020-01-21,8524467000
2020-01-22,8506818000
2020-01-23,8442105000
2020-01-24,8200902000
2020-01-27,8036178000
2020-01-28,7947933000
2020-01-29,7865571000
2020-01-30,8030295000
2020-01-31,8012646000
2020-02-03,8024412000
2020-02-04,8124423000
2020-02-05,8289147000
2020-02-06,8512701000
2020-02-07,8347977000
2020-02-10,8095008000
2020-02-11,8312679000
2020-02-12,8495052000
2020-02-13,8471520000
2020-02-14,8589180000
2020-02-18,8530350000
2020-02-19,8595063000
2020-02-20,8559765000
2020-02-21,8436222000
2020-02-24,8006763000
2020-02-25,7565538000
2020-02-26,7253739000
2020-02-27,7018419000
2020-02-28,7106664000
2020-03-02,7312569000
2020-03-03,6965472000
2020-03-04,6924291000
2020-03-05,6512481000
2020-03-06,6483066000
2020-03-09,5965362000
2020-03-10,6353640000
2020-03-11,5935947000
2020-03-12,5424126000
2020-03-13,6159501000
2020-03-16,5965362000
2020-03-17,6400704000
2020-03-18,5812404000
2020-03-19,5688861000
2020-03-20,5306466000
2020-03-23,4841709000
2020-03-24,5106444000
2020-03-25,5129976000
2020-03-26,5388828000
2020-03-27,5018199000
2020-03-30,5188806000
2020-03-31,5284730000
2020-04-01,5084640000
2020-04-02,4825700000
2020-04-03,4813930000
2020-04-06,5255305000
2020-04-07,5172914999
2020-04-08,5267075000
2020-04-09,5584865000
2020-04-13,5526015000
2020-04-14,5537785000
2020-04-15,5255305000
2020-04-16,4966940000
2020-04-17,5237650000
2020-04-20,5161145000
2020-04-21,4966940000
2020-04-22,4966940000
2020-04-23,5108180000
2020-04-24,5196455000
2020-04-27,5567210000
2020-04-28,5773185000
2020-04-29,6179250000
2020-04-30,5832035000
2020-05-01,5578980000
2020-05-04,5673140000
2020-05-05,5620175000
2020-05-06,5690795000
2020-05-07,5679025000
2020-05-08,6432305000
2020-05-11,6296950000
2020-05-12,6232215000
2020-05-13,6243985000
2020-05-14,6314605000
2020-05-15,6396995000
2020-05-18,6567660000
2020-05-19,6532350000
2020-05-20,6738325000
2020-05-21,6697130000
2020-05-22,6779520000
2020-05-26,6991380000
2020-05-27,7114965000
2020-05-28,6991380000
2020-05-29,7209125000
2020-06-01,7173815000
2020-06-02,7209125000
2020-06-03,7597535000
2020-06-04,7526914999
2020-06-05,7626960000
2020-06-08,7862360000
2020-06-09,7579880000
2020-06-10,7291515000
2020-06-11,6714785000
2020-06-12,6897220000
2020-06-15,6938414999
2020-06-16,7026690000
2020-06-17,7238550000
2020-06-18,7020805000
2020-06-19,6979610000
2020-06-22,7038460000
2020-06-23,7062000000
2020-06-24,6867795000
2020-06-25,6920760000
2020-06-26,6755980000
2020-06-29,6856025000
2020-06-30,6991470000
2020-07-01,7121160000
2020-07-02,7091685000
2020-07-06,7174215000
2020-07-07,7074000000
2020-07-08,6985575000
2020-07-09,6914835000
2020-07-10,7050420000
2020-07-13,7032735000
2020-07-14,7327485000
2020-07-15,7457175000
2020-07-16,7522020000
2020-07-17,7557390000
2020-07-20,7463070000
2020-07-21,7516125000
2020-07-22,7575075000
2020-07-23,7498440000
2020-07-24,7492545000
2020-07-27,7592760000
2020-07-28,7492545000
2020-07-29,7586865000
2020-07-30,7604550000
2020-07-31,7498440000
2020-08-03,7663500000
2020-08-04,7893405000
2020-08-05,7834454999
2020-08-06,7964145000
2020-08-07,8453430000
2020-08-10,8748180000
2020-08-11,8777655000
2020-08-12,8942715000
2020-08-13,9013455000
2020-08-14,9037035000
2020-08-17,8913240000
2020-08-18,8948610000
2020-08-19,8972190000
2020-08-20,8925030000
2020-08-21,8612595000
2020-08-24,8765865000
2020-08-25,8836605000
2020-08-26,8842500000
2020-08-27,8877870000
2020-08-28,8995770000
2020-08-31,8913240000
2020-09-01,8948610000
2020-09-02,8983980000
2020-09-03,8966295000
2020-09-04,8813025000
2020-09-08,8630280000
2020-09-09,8913240000
2020-09-10,8748180000
2020-09-11,8877870000
2020-09-14,9025245000
2020-09-15,9031140000
2020-09-16,8907345000
2020-09-17,8966295000
2020-09-18,9219780000
2020-09-21,8589015000
2020-09-22,8689230000
2020-09-23,8394480000
2020-09-24,8264790000
2020-09-25,8311950000
2020-09-28,8453430000
2020-09-29,8188155000
2020-09-30,8281614000
2020-10-01,8376126000
2020-10-02,8399754000
2020-10-05,8470638000
2020-10-06,8458824000
2020-10-07,8405661000
2020-10-08,8529708000
2020-10-09,8417475000
2020-10-12,8393847000
2020-10-13,8452917000
2020-10-14,8376126000
2020-10-15,8252079000
2020-10-16,8305242000
2020-10-19,8133939000
2020-10-20,8181195000
2020-10-21,8240265000
2020-10-22,8222544000
2020-10-23,8257986000
2020-10-26,8063055000
2020-10-27,7933101000
2020-10-28,7661379000
2020-10-29,7732263000
2020-10-30,7755891000
2020-11-02,7850402999
2020-11-03,7974450000
2020-11-04,7998077999
2020-11-05,8269800000
2020-11-06,8955012000
2020-11-09,9256269000
2020-11-10,9610689000
2020-11-11,10160040000
2020-11-12,9681573000
2020-11-13,10030086000
2020-11-16,10272273000
2020-11-17,10443576000
2020-11-18,10366785000
2020-11-19,10366785000
2020-11-20,10349064000
2020-11-23,10573530000
2020-11-24,10733019000
2020-11-25,10632600000
2020-11-27,10461297000
2020-11-30,10425855000
2020-12-01,10673949000
2020-12-02,10862973000
2020-12-03,10969299000
2020-12-04,11034276000
2020-12-07,10927950000
2020-12-08,10857066000
2020-12-09,10792089000
2020-12-10,10839345000
2020-12-11,10608972000
2020-12-14,10484925000
2020-12-15,10685763000
2020-12-16,10496739000
2020-12-17,10461297000
2020-12-18,10248645000
2020-12-21,10425855000
2020-12-22,10419948000
2020-12-23,10443576000
2020-12-24,10526274000
2020-12-28,10738926000
2020-12-29,10644414000
2020-12-30,10650321000
2020-12-31,10616676000
2021-01-04,10728928000
2021-01-05,10799824000
2021-01-06,11372900000
2021-01-07,11071592000
2021-01-08,11006604000
2021-01-11,11024328000
2021-01-12,10870720000
2021-01-13,10799824000
2021-01-14,11042052000
2021-01-15,11047960000
2021-01-19,11077500000
2021-01-20,11290188000
2021-01-21,11349268000
2021-01-22,10971156000
2021-01-25,11077500000
2021-01-26,11307912000
2021-01-27,11567863999
2021-01-28,11526508000
2021-01-29,11461520000
2021-02-01,11443796000
2021-02-02,11691932000
2021-02-03,11721472000
2021-02-04,11993240000
2021-02-05,12536776000
2021-02-08,12820360000
2021-02-09,13103944000
2021-02-10,13363896000
2021-02-11,13612032000
2021-02-12,14013776000
2021-02-16,14055132000
2021-02-17,13694744000
2021-02-18,13381620000
2021-02-19,13293000000
2021-02-22,13801088000
2021-02-23,13842444000
2021-02-24,14066948000
2021-02-25,13712468000
2021-02-26,13854260000
2021-03-01,14391888000
2021-03-02,13966512000
2021-03-03,14055132000
2021-03-04,13901524000
2021-03-05,14397796000
2021-03-08,14320992000
2021-03-09,14681380000
2021-03-10,15077216000
2021-03-11,15201284000
2021-03-12,15484868000
2021-03-15,15425788000
2021-03-16,15644384000
2021-03-17,15567580000
2021-03-18,16040220000
2021-03-19,16128840000
2021-03-22,15780268000
2021-03-23,15425788000
2021-03-24,15035860000
2021-03-25,15484868000
2021-03-26,15201284000
2021-03-29,14787724000
2021-03-30,15177652000
2021-03-31,15021501000
2021-04-01,15393642000
2021-04-05,15606294000
2021-04-06,15688992000
2021-04-07,15606294000
2021-04-08,15783504000
2021-04-09,15759876000
2021-04-12,15807132000
2021-04-13,15440898000
2021-04-14,15600387000
2021-04-15,15718527000
2021-04-16,15771690000
2021-04-19,15795318000
2021-04-20,15647643000
2021-04-21,16137924000
2021-04-22,15883923000
2021-04-23,15789411000
2021-04-26,15748062000
2021-04-27,15683085000
2021-04-28,15458619000
2021-04-29,15665364000
2021-04-30,15476340000
2021-05-03,15570852000
2021-05-04,15068757000
2021-05-05,15429084000
2021-05-06,15358200000
2021-05-07,16208808000
2021-05-10,16208808000
2021-05-11,16326948000
2021-05-12,15440898000
2021-05-13,15505875000
2021-05-14,15771690000
2021-05-17,15895737000
2021-05-18,15641736000
2021-05-19,15364107000
2021-05-20,15978435000
2021-05-21,15647643000
2021-05-24,15854388000
2021-05-25,15736248000
2021-05-26,15818946000
2021-05-27,16007970000
2021-05-28,15942993000
2021-06-01,15659457000
2021-06-02,15305037000
2021-06-03,15293223000
2021-06-04,15488154000
2021-06-07,15269595000
2021-06-08,15635829000
2021-06-09,15671271000
2021-06-10,15629922000
2021-06-11,15854388000
2021-06-14,15541317000
2021-06-15,15358200000
2021-06-16,15316851000
2021-06-17,15062850000
2021-06-18,14844291000
2021-06-21,15198711000
2021-06-22,15074664000
2021-06-23,15033315000
2021-06-24,15104199000
2021-06-25,15198711000
2021-06-28,15133734000
2021-06-29,15098292000
2021-06-30,15248109000
2021-07-01,15467038000
2021-07-02,15236275000
2021-07-06,15112018000
2021-07-07,14999595000
2021-07-08,14674160000
2021-07-09,15100184000
2021-07-12,15283610999
2021-07-13,14928591000
2021-07-14,14792500000
2021-07-15,14739247000
2021-07-16,14330974000
2021-07-19,14129796000
2021-07-20,14390144000
2021-07-21,14561737000
2021-07-22,14443397000
2021-07-23,14644575000
2021-07-26,14674160000
2021-07-27,14626824000
2021-07-28,14644575000
2021-07-29,14543985999
2021-07-30,14573571000
2021-08-02,14638658000
2021-08-03,14242219000
2021-08-04,14396060999
2021-08-05,14703745000
2021-08-06,14626824000
2021-08-09,14443397000
2021-08-10,14366476000
2021-08-11,14307306000
2021-08-12,14183049000
2021-08-13,13916784000
2021-08-16,13964120000
2021-08-17,13603183000
2021-08-18,13123906000
2021-08-19,12940479000
2021-08-20,13076570000
2021-08-23,13242246000
2021-08-24,13206744000
2021-08-25,13360585999
2021-08-26,13230412000
2021-08-27,13455258000
2021-08-30,13236329000
2021-08-31,13295499000
2021-09-01,13502594000
2021-09-02,13402005000
2021-09-03,13348752000
2021-09-07,13135740000
2021-09-08,13064735999
2021-09-09,13046985000
2021-09-10,12952313000
2021-09-13,12946396000
2021-09-14,13023317000
2021-09-15,12987815000
2021-09-16,13295499000
2021-09-17,13224495000
2021-09-20,12934562000
2021-09-21,13141657000
2021-09-22,13680104000
2021-09-23,14206717000
2021-09-24,14419729000
2021-09-27,14313223000
2021-09-28,14153464000
2021-09-29,14088377000
2021-09-30,13932113000
2021-10-01,14038691000
2021-10-04,13884745000
2021-10-05,14080138000
2021-10-06,13991323000
2021-10-07,14245926000
2021-10-08,14257767999
2021-10-11,14192637000
2021-10-12,14139348000
2021-10-13,14026849000
2021-10-14,14245926000
2021-10-15,14151190000
2021-10-18,13943955000
2021-10-19,14032770000
2021-10-20,14091980000
2021-10-21,14103822000
2021-10-22,14251847000
2021-10-25,14305136000
2021-10-26,14121585000
2021-10-27,13594616000
2021-10-28,13707115000
2021-10-29,13559090000
2021-11-01,13926192000
2021-11-02,13926192000
2021-11-03,13819614000
2021-11-04,13896587000
2021-11-05,14429477000
2021-11-08,14240005000
2021-11-09,14050533000
2021-11-10,13914350000
2021-11-11,13973560000
2021-11-12,14097901000
2021-11-15,13890666000
2021-11-16,13991323000
2021-11-17,13855140000
2021-11-18,13748562000
2021-11-19,13103173000
2021-11-22,13286724000
2021-11-23,13115015000
2021-11-24,13014358000
2021-11-26,12700545000
2021-11-29,12919622000
2021-11-30,12801202000
2021-12-01,12487389000
2021-12-02,12848570000
2021-12-03,12884096000
2021-12-06,12961069000
2021-12-07,13020279000
2021-12-08,13126857000
2021-12-09,12890017000
2021-12-10,12943306000
2021-12-13,12700545000
2021-12-14,12440021000
2021-12-15,12582125000
2021-12-16,12647256000
2021-12-17,12599888000
2021-12-20,12363048000
2021-12-21,12848570000
2021-12-22,12901859000
2021-12-23,13221592999
2021-12-27,13369617999
2021-12-28,13416986000
2021-12-29,13363697000
2021-12-30,13322250000
2021-12-31,13136128000
2022-01-03,13406976000
2022-01-04,13300992000
2022-01-05,12853503999
2022-01-06,13265664000
2022-01-07,13248000000
2022-01-10,13089024000
2022-01-11,13218560000
2022-01-12,13312768000
2022-01-13,13518848000
2022-01-14,13377536000
2022-01-18,13065472000
2022-01-19,12971264000
2022-01-20,12806400000
2022-01-21,12623872000
2022-01-24,12953600000
2022-01-25,12765184000
2022-01-26,12576768000
2022-01-27,12411903999
2022-01-28,12812288000
2022-01-31,13094912000
2022-02-01,13106688000
2022-02-02,13171456000
2022-02-03,13218560000
2022-02-04,13248000000
2022-02-07,13218560000
2022-02-08,13454080000
2022-02-09,13813248000
2022-02-10,13654272000
2022-02-11,13336320000
2022-02-14,13118464000
2022-02-15,13624832000
2022-02-16,13942784000
2022-02-17,13401088000
2022-02-18,13041920000
2022-02-22,12882944000
2022-02-23,12582656000
2022-02-24,12700416000
2022-02-25,13118464000
2022-02-28,13142016000
2022-03-01,12688640000
2022-03-02,13265664000
2022-03-03,12818176000
2022-03-04,12494336000
2022-03-07,11940864000
2022-03-08,11970303999
2022-03-09,12441344000
2022-03-10,12353024000
2022-03-11,12341248000
2022-03-14,12429568000
2022-03-15,12423680000
2022-03-16,12735744000
2022-03-17,13200896000
2022-03-18,13036032000
2022-03-21,12953600000
2022-03-22,13094912000
2022-03-23,12906496000
2022-03-24,13277440000
2022-03-25,13295103999
2022-03-28,13253888000
2022-03-29,13518848000
2022-03-30,13406976000
2022-03-31,12964395000
2022-04-01,12835629000
2022-04-04,12940983000
2022-04-05,12876600000
2022-04-06,12683451000
2022-04-07,12466890000
2022-04-08,12490302000
2022-04-11,12349830000
2022-04-12,12267888000
2022-04-13,12660039000
2022-04-14,12390801000
2022-04-18,12396654000
2022-04-19,12718569000
2022-04-20,12800511000
2022-04-21,12496155000
2022-04-22,12209358000
2022-04-25,12221064000
2022-04-26,11735265000
2022-04-27,11858178000
2022-04-28,11951826000
2022-04-29,11624058000
2022-05-02,11834766000
2022-05-03,11828913000
2022-05-04,12203505000
2022-05-05,11547969000
2022-05-06,10014483000
2022-05-09,10242750000
2022-05-10,10283721000
2022-05-11,9891570000
2022-05-12,10172514000
2022-05-13,10441752000
2022-05-16,10318839000
2022-05-17,10687578000
2022-05-18,10231044000
2022-05-19,10242750000
2022-05-20,10307133000
2022-05-23,10195926000
2022-05-24,9686715000
2022-05-25,9862305000
2022-05-26,10084719000
2022-05-27,10348104000
2022-05-31,10184220000
2022-06-01,10073013000
2022-06-02,10365663000
2022-06-03,10067160000
2022-06-06,10172514000
2022-06-07,10283721000
2022-06-08,10073013000
2022-06-09,9868158000
2022-06-10,9698421000
2022-06-13,9171651000
2022-06-14,9101415000
2022-06-15,9095562000
2022-06-16,9025326000
2022-06-17,9072150000
2022-06-21,8908266000
2022-06-22,8838030000
2022-06-23,8919972000
2022-06-24,9236034000
2022-06-27,9212622000
2022-06-28,9066297000
2022-06-29,8966796000
2022-06-30,9056654000
2022-07-01,9155475000
2022-07-05,9085719000
2022-07-06,9056654000
2022-07-07,9207792000
2022-07-08,9155475000
2022-07-11,8952020000
2022-07-12,9097345000
2022-07-13,9004337000
2022-07-14,8859012000
2022-07-15,9143849000
2022-07-18,9132223000
2022-07-19,9481003000
2022-07-20,9661206000
2022-07-21,9783278999
2022-07-22,9812344000
2022-07-25,9823970000
2022-07-26,9707710000
2022-07-27,9911165000
2022-07-28,9940230000
2022-07-29,9963482000
2022-08-01,9957669000
2022-08-02,9882100000
2022-08-03,10178563000
2022-08-04,10102994000
2022-08-05,9887913000
2022-08-08,10097181000
2022-08-09,10620351000
2022-08-10,10724985000
2022-08-11,10852871000
2022-08-12,10945878999
2022-08-15,10748237000
2022-08-16,10806367000
2022-08-17,10655228999
2022-08-18,10626164000
2022-08-19,10405270000
2022-08-22,10143685000
2022-08-23,10062303000
2022-08-24,10161124000
2022-08-25,10306449000
2022-08-26,10085555000
2022-08-29,10050677000
2022-08-30,9940230000
2022-08-31,9835596000
2022-09-01,9835596000
2022-09-02,9858848000
2022-09-06,9562385000
2022-09-07,9777466000
2022-09-08,9765840000
2022-09-09,10155311000
2022-09-12,10236693000
2022-09-13,9783278999
2022-09-14,9800718000
2022-09-15,9963482000
2022-09-16,9608889000
2022-09-19,9614702000
2022-09-20,9568198000
2022-09-21,9306613000
2022-09-22,9120597000
2022-09-23,8911329000
2022-09-26,8742752000
2022-09-27,8690435000
2022-09-28,8940394000
2022-09-29,8748565000
2022-09-30,8703360000
2022-10-03,9002880000
2022-10-04,9434880000
2022-10-05,9296640000
2022-10-06,9146880000
2022-10-07,8956800000
2022-10-10,8933760000
2022-10-11,8904960000
2022-10-12,8939520000
2022-10-13,9181440000
2022-10-14,8985600000
2022-10-17,9290880000
2022-10-18,9360000000
2022-10-19,9555840000
2022-10-20,9613440000
2022-10-21,9907200000
2022-10-24,9745920000
2022-10-25,9889920000
2022-10-26,9792000000
2022-10-27,9642240000
2022-10-28,9740160000
2022-10-31,9717120000
2022-11-01,9786240000
2022-11-02,9486720000
2022-11-03,9480960000
2022-11-04,9607680000
2022-11-07,9630720000
2022-11-08,9843840000
2022-11-09,9308160000
2022-11-10,9964800000
2022-11-11,10402560000
2022-11-14,10471680000
2022-11-15,10454400000
2022-11-16,10316160000
2022-11-17,10333440000
2022-11-18,10270079999
2022-11-21,10068480000
2022-11-22,10270079999
2022-11-23,10500480000
2022-11-25,10540800000
2022-11-28,10477440000
2022-11-29,10690560000
2022-11-30,11030400000
2022-12-01,11036160000
2022-12-02,11013120000
2022-12-05,10782720000
2022-12-06,10644480000
2022-12-07,10483200000
2022-12-08,10454400000
2022-12-09,10396800000
2022-12-12,10477440000
2022-12-13,10771200000
2022-12-14,10759680000
2022-12-15,10241280000
2022-12-16,10270079999
2022-12-19,10039680000
2022-12-20,10085760000
2022-12-21,10212480000
2022-12-22,10258560000
2022-12-23,10546560000
2022-12-27,10529280000
2022-12-28,10339200000
2022-12-29,10494720000
2022-12-30,10483200000
2023-01-03,10529820000
2023-01-04,10921092000
2023-01-05,10748472000
2023-01-06,10932600000
2023-01-09,10972878000
2023-01-10,11157006000
2023-01-11,11110974000
2023-01-12,11133990000
2023-01-13,11197284000
2023-01-17,11087958000
2023-01-18,10857798000
2023-01-19,10765734000
2023-01-20,11082204000
2023-01-23,11249070000
2023-01-24,11237562000
2023-01-25,11876256000
2023-01-26,11922288000
2023-01-27,11807208000
2023-01-30,11605818000
2023-01-31,11657604000
2023-02-01,11922288000
2023-02-02,12353838000
2023-02-03,12181218000
2023-02-06,11951058000
2023-02-07,12031614000
2023-02-08,12014352000
2023-02-09,11847486000
2023-02-10,10736964000
2023-02-13,10857798000
2023-02-14,10829028000
2023-02-15,11013156000
2023-02-16,10759980000
2023-02-17,10932600000
2023-02-21,10506804000
2023-02-22,10173072000
2023-02-23,10069500000
2023-02-24,10034976000
2023-02-27,9937158000
2023-02-28,9868110000
2023-03-01,9735768000
2023-03-02,9931404000
2023-03-03,9931404000
2023-03-06,9799062000
2023-03-07,9701244000
2023-03-08,9649458000
2023-03-09,9373266000
2023-03-10,9212154000
2023-03-13,8976240000
2023-03-14,9154614000
2023-03-15,9160368000
2023-03-16,9344496000
2023-03-17,9154614000
2023-03-20,9246678000
2023-03-21,9327234000
2023-03-22,9108582000
2023-03-23,9309972000
2023-03-24,9332988000
2023-03-27,9488346000
2023-03-28,9551640000
2023-03-29,9741522000
2023-03-30,9764538000
2023-03-31,9895710000
2023-04-03,9981660000
2023-04-04,9924360000
2023-04-05,9924360000
2023-04-06,9895710000
2023-04-10,9970200000
2023-04-11,10084800000
2023-04-12,9912900000
2023-04-13,10096260000
2023-04-14,9970200000
2023-04-17,9924360000
2023-04-18,9895710000
2023-04-19,9970200000
2023-04-20,9895710000
2023-04-21,9901440000
2023-04-24,9884250000
2023-04-25,9683700000
2023-04-26,9540450000
2023-04-27,9826950000
2023-04-28,10090530000
2023-05-01,9953010000
2023-05-02,9729540000
2023-05-03,9758190000
2023-05-04,9580560000
2023-05-05,9809760000
2023-05-08,9821220000
2023-05-09,9700890000
2023-05-10,9546180000
2023-05-11,9592020000
2023-05-12,10405680000
2023-05-15,10755210000
2023-05-16,10526010000
2023-05-17,10726560000
2023-05-18,10755210000
2023-05-19,10646339999
2023-05-22,10617690000
2023-05-23,10526010000
2023-05-24,10440060000
2023-05-25,10445790000
2023-05-26,10623420000
2023-05-30,10760940000
2023-05-31,10491630000
2023-06-01,10709370000
2023-06-02,10772400000
2023-06-05,10674990000
2023-06-06,10858350000
2023-06-07,11133390000
2023-06-08,11001600000
2023-06-09,11007330000
2023-06-12,10887000000
2023-06-13,11121930000
2023-06-14,11035980000
2023-06-15,11179230000
2023-06-16,11213610000
2023-06-20,10938570000
2023-06-21,11041710000
2023-06-22,10795320000
2023-06-23,10749480000
2023-06-26,10852620000
2023-06-27,11018790000
2023-06-28,11190690000
2023-06-29,11190690000
2023-06-30,11159850000
2023-07-03,11188465000
2023-07-05,11159850000
2023-07-06,11154127000
2023-07-07,11280033000
2023-07-10,11199911000
2023-07-11,11400216000
2023-07-12,11537568000
2023-07-13,11634858999
2023-07-14,11566183000
2023-07-17,11674920000
2023-07-18,11783657000
2023-07-19,11531845000
2023-07-20,11377324000
2023-07-21,11245695000
2023-07-24,11068282000
2023-07-25,11039667000
2023-07-26,10988160000
2023-07-27,11028221000
2023-07-28,11091174000
2023-07-31,11342986000
2023-08-01,11337263000
2023-08-02,11251418000
2023-08-03,11280033000
2023-08-04,11377324000
2023-08-07,11566183000
2023-08-08,11663474000
2023-08-09,11640582000
2023-08-10,11623413000
2023-08-11,12155652000
2023-08-14,12373126000
2023-08-15,11966793000
2023-08-16,12081253000
2023-08-17,11892394000
2023-08-18,11880948000
2023-08-21,11783657000
2023-08-22,11823718000
2023-08-23,11943901000
2023-08-24,11812272000
2023-08-25,11869502000
2023-08-28,11955347000
2023-08-29,12144206000
2023-08-30,12207158999
2023-08-31,12298727000
2023-09-01,12178544000
2023-09-05,12127037000
2023-09-06,12138483000
2023-09-07,12018300000
2023-09-08,12052638000
2023-09-11,12041192000
2023-09-12,11915286000
2023-09-13,11611967000
2023-09-14,11737873000
2023-09-15,11606244000
2023-09-18,11400216000
2023-09-19,11417385000
2023-09-20,11257141000
2023-09-21,11400216000
2023-09-22,11262864000
2023-09-25,11325817000
2023-09-26,11211357000
2023-09-27,11245695000
2023-09-28,11434554000
2023-09-29,11480338000
2023-10-02,11438000000
2023-10-03,11112017000
2023-10-04,11335058000
2023-10-05,11266430000
2023-10-06,11529504000
2023-10-09,11569537000
2023-10-10,11804016000
2023-10-11,11952710000
2023-10-12,11901239000
2023-10-13,11958429000
2023-10-16,12518891000
2023-10-17,12713337000
2023-10-18,12518891000
2023-10-19,12364478000
2023-10-20,12129999000
2023-10-23,12067090000
2023-10-24,12272974000
2023-10-25,11752545000
2023-10-26,11723950000
2023-10-27,11563818000
2023-10-30,11792578000
2023-10-31,11826892000
2023-11-01,11884082000
2023-11-02,12152875000
2023-11-03,12541767000
2023-11-06,12387354000
2023-11-07,12255817000
2023-11-08,12244379000
2023-11-09,12175751000
2023-11-10,11964148000
2023-11-13,11695355000
2023-11-14,11987024000
2023-11-15,11941272000
2023-11-16,12049933000
2023-11-17,12027057000
2023-11-20,12170032000
2023-11-21,12267255000
2023-11-22,12553205000
2023-11-24,12587519000
2023-11-27,12804841000
2023-11-28,12770526999
2023-11-29,12776246000
2023-11-30,12604676000
2023-12-01,12667585000
2023-12-04,12616114000
2023-12-05,12450263000
2023-12-06,12461701000
2023-12-07,12553205000
2023-12-08,12547486000
2023-12-11,12621833000
2023-12-12,12581800000
2023-12-13,12970692000
2023-12-14,13325270000
2023-12-15,13382460000
2023-12-18,13353865000
2023-12-19,13576906000
2023-12-20,13393898000
2023-12-21,13554030000
2023-12-22,13611220000
2023-12-26,13799947000
2023-12-27,13965798000
2023-12-28,14085897000
2023-12-29,14040145000
2024-01-02,13965798000
2024-01-03,13897170000
2024-01-04,13862856000
2024-01-05,13971517000
2024-01-08,14091616000
2024-01-09,13868575000
2024-01-10,13834261000
2024-01-11,13851418000
2024-01-12,13862856000
2024-01-16,13582625000
2024-01-17,13428212000
2024-01-18,13485401999
2024-01-19,13742757000
2024-01-22,13868575000
2024-01-23,13902889000
2024-01-24,14085897000
2024-01-25,14125930000
2024-01-26,14148806000
2024-01-29,14348971000
2024-01-30,14183120000
2024-01-31,14091616000
2024-02-01,14165963000
2024-02-02,14125930000
2024-02-05,13811385000
2024-02-06,14114492000
2024-02-07,13880013000
2024-02-08,14777896000
2024-02-09,14892276000
2024-02-12,14909433000
2024-02-13,14732144000
2024-02-14,14875119000
2024-02-15,15155350000
2024-02-16,15006656000
2024-02-20,15012375000
2024-02-21,14915151999
2024-02-22,15161069000
2024-02-23,15115317000
2024-02-26,15075284000
2024-02-27,15115317000
2024-02-28,15058126999
2024-02-29,15372672000
2024-03-01,15058126999
2024-03-04,14829367000
2024-03-05,14795053000
2024-03-06,14886557000
2024-03-07,14949466000
2024-03-08,15063846000
2024-03-11,15143912000
2024-03-12,15058126999
2024-03-13,15069565000
2024-03-14,14920871000
2024-03-15,14589169000
2024-03-18,14554855000
2024-03-19,14720706000
2024-03-20,14817929000
2024-03-21,14989499000
2024-03-22,14812210000
2024-03-25,14886557000
2024-03-26,14909433000
2024-03-27,15035251000
2024-03-28,14972342000
2024-04-01,14760739000
2024-04-02,14589169000
2024-04-03,14726425000
2024-04-04,14612045000
2024-04-05,14674954000
2024-04-08,14720706000
2024-04-09,14589169000
2024-04-10,14200276999
2024-04-11,14251748000
2024-04-12,13931484000
2024-04-15,13885732000
2024-04-16,13782790000
2024-04-17,13811385000
2024-04-18,13742757000
2024-04-19,13737038000
2024-04-22,13971517000
2024-04-23,14074459000
2024-04-24,14045864000
2024-04-25,13845699000
2024-04-26,13851418000
2024-04-29,13828542000
2024-04-30,13611220000
2024-05-01,13634096000
2024-05-02,13725600000
2024-05-03,13994393000
2024-05-06,14023760000
2024-05-07,13943820000
2024-05-08,13783940000
2024-05-09,14149380000
2024-05-10,14292130000
2024-05-13,14537660000
2024-05-14,14600470000
2024-05-15,14840290000
2024-05-16,15017300000
2024-05-17,15011590000
2024-05-20,15085820000
2024-05-21,15011590000
2024-05-22,14817450000
2024-05-23,14777480000
2024-05-24,15268540000
2024-05-28,15205730000
2024-05-29,15205730000
2024-05-30,15371320000
2024-05-31,15525490000
2024-06-03,15582590000
2024-06-04,15548330000
2024-06-05,15925190000
2024-06-06,15822410000
2024-06-07,15525490000
2024-06-10,15536910000
2024-06-11,15616850000
2024-06-12,15731050000
2024-06-13,15525490000
2024-06-14,15462679999
2024-06-17,15337060000
2024-06-18,15422710000
2024-06-20,15359900000
2024-06-21,15331350000
2024-06-24,15708210000
2024-06-25,15913770000
2024-06-26,15913770000
2024-06-27,15810990000
2024-06-28,15742470000
2024-07-01,15582590000
2024-07-02,15776730000
2024-07-03,15793860000
2024-07-05,15691080000
2024-07-08,15559750000
2024-07-09,15828120000
2024-07-10,15868090000
2024-07-11,15896640000
2024-07-12,15839540000
2024-07-15,15816700000
2024-07-16,16239240000
2024-07-17,15982290000
2024-07-18,15862380000
2024-07-19,15628270000
2024-07-22,15833830000
2024-07-23,16045100000
2024-07-24,15594010000
2024-07-25,15502650000
2024-07-26,15696790000
2024-07-29,15810990000
2024-07-30,15656820000
2024-07-31,15748179999
2024-08-01,15514070000
2024-08-02,15017300000
2024-08-05,14509110000
2024-08-06,14880260000
2024-08-07,14868840000
2024-08-08,15291380000
2024-08-09,15839540000
