,ONE
2018-03-28,1759646160.0
2018-03-29,1751499650.0
2018-04-02,1753128952.0
2018-04-03,1777568482.0
2018-04-04,1686327570.0
2018-04-05,1678181060.0
2018-04-06,1736835932.0
2018-04-09,1779197784.0
2018-04-10,1780827086.0
2018-04-11,1779197784.0
2018-04-12,1764534066.0
2018-04-13,1751499650.0
2018-04-16,1758016858.0
2018-04-17,1744982442.0
2018-04-18,1743353140.0
2018-04-19,1751499650.0
2018-04-20,1748241046.0
2018-04-23,1743353140.0
2018-04-24,1733577328.0
2018-04-25,1730318724.0
2018-04-26,1733577328.0
2018-04-27,1793861502.0
2018-04-30,1598345262.0
2018-05-01,1777568482.0
2018-05-02,1784085690.0
2018-05-03,1759646160.0
2018-05-04,1762904764.0
2018-05-07,1784085690.0
2018-05-08,1779197784.0
2018-05-09,1784085690.0
2018-05-10,1767792670.0
2018-05-11,1731948026.0
2018-05-14,1692844778.0
2018-05-15,1717284308.0
2018-05-16,1744982442.0
2018-05-17,1707508496.0
2018-05-18,1751499650.0
2018-05-21,1800378710.0
2018-05-22,1963308910.0
2018-05-23,2194669794.0
2018-05-24,2194669794.0
2018-05-25,2180006076.0
2018-05-29,2225626532.0
2018-05-30,2479797644.0
2018-05-31,2412996262.0
2018-06-01,2571038556.0
2018-06-04,2455358114.0
2018-06-05,2295686518.0
2018-06-06,2311979538.0
2018-06-07,2243548854.0
2018-06-08,2326643256.0
2018-06-11,2271246988.0
2018-06-12,2344565578.0
2018-06-13,2305462330.0
2018-06-14,2235402344.0
2018-06-15,2204445606.0
2018-06-18,2122980506.0
2018-06-19,2044774010.0
2018-06-20,2095282372.0
2018-06-21,2052920520.0
2018-06-22,2007300064.0
2018-06-25,1904654038.0
2018-06-26,1888361018.0
2018-06-27,1788973596.0
2018-06-28,1816671730.0
2018-06-29,1808525220.0
2018-07-02,1984489836.0
2018-07-03,1963308910.0
2018-07-05,1948645192.0
2018-07-06,1927464266.0
2018-07-09,1933981474.0
2018-07-10,1881843810.0
2018-07-11,1862292186.0
2018-07-12,1950274494.0
2018-07-13,1929093568.0
2018-07-16,1911171246.0
2018-07-17,1873697300.0
2018-07-18,1868809394.0
2018-07-19,1831335448.0
2018-07-20,1831335448.0
2018-07-23,1839481958.0
2018-07-24,1808525220.0
2018-07-25,1775939180.0
2018-07-26,1725430818.0
2018-07-27,1743353140.0
2018-07-30,1643965718.0
2018-07-31,1613008980.0
2018-08-01,1648853624.0
2018-08-02,1697732684.0
2018-08-03,1684698268.0
2018-08-06,1725430818.0
2018-08-07,1720542912.0
2018-08-08,1746611744.0
2018-08-09,1730318724.0
2018-08-10,1689586174.0
2018-08-13,1717284308.0
2018-08-14,1588569450.0
2018-08-15,1479406216.0
2018-08-16,1458225290.0
2018-08-17,1459854592.0
2018-08-20,1551095504.0
2018-08-21,1450078780.0
2018-08-22,1443561572.0
2018-08-23,1454966686.0
2018-08-24,1425639250.0
2018-08-27,1464742498.0
2018-08-28,1358837868.0
2018-08-29,1381648096.0
2018-08-30,1345803452.0
2018-08-31,1355579264.0
2018-09-04,1329510228.0
2018-09-05,1316475814.0
2018-09-06,1303441400.0
2018-09-07,1316475814.0
2018-09-10,1290406986.0
2018-09-11,1288777684.0
2018-09-12,1376759978.0
2018-09-13,1546207360.0
2018-09-14,1419121824.0
2018-09-17,1409346013.0
2018-09-18,1397940901.0
2018-09-19,1396311599.0
2018-09-20,1468000876.0
2018-09-21,1461483669.0
2018-09-24,1459854368.0
2018-09-25,1450078557.0
2018-09-26,1456595764.0
2018-09-27,1451707859.0
2018-09-28,1453337161.0
2018-10-01,1433785540.0
2018-10-02,1446819954.0
2018-10-03,1381647884.0
2018-10-04,1383277185.0
2018-10-05,1397940901.0
2018-10-08,1593457111.0
2018-10-09,1417492522.0
2018-10-10,1378389280.0
2018-10-11,1353949754.0
2018-10-12,1381647884.0
2018-10-15,1404458108.0
2018-10-16,1443561350.0
2018-10-17,1458225066.0
2018-10-18,1324622322.0
2018-10-19,1270855365.0
2018-10-22,1293665589.0
2018-10-23,1277372572.0
2018-10-24,1241527933.0
2018-10-25,1300182796.0
2018-10-26,1336027435.0
2018-10-29,1293665589.0
2018-10-30,1270855365.0
2018-10-31,1327880926.0
2018-11-01,1313217210.0
2018-11-02,1332768831.0
2018-11-05,1331139529.0
2018-11-06,1303441400.0
2018-11-07,1370242771.0
2018-11-08,1336027435.0
2018-11-09,1282260477.0
2018-11-12,1303441400.0
2018-11-13,1309958607.0
2018-11-14,1269226063.0
2018-11-15,1261079554.0
2018-11-16,1246415838.0
2018-11-19,1236640028.0
2018-11-20,1212200502.0
2018-11-21,1208941898.0
2018-11-23,1220347010.0
2018-11-26,1205683295.0
2018-11-27,1164950751.0
2018-11-28,1155174940.0
2018-11-29,1182873070.0
2018-11-30,1179614467.0
2018-12-03,1251920081.0
2018-12-04,1261612365.0
2018-12-06,1214766324.0
2018-12-07,1130766525.0
2018-12-10,1148535713.0
2018-12-11,1129151144.0
2018-12-12,1187304851.0
2018-12-13,1205074039.0
2018-12-14,1190535612.0
2018-12-17,1206689420.0
2018-12-18,1169535663.0
2018-12-19,1195381755.0
2018-12-20,1201843278.0
2018-12-21,1174381805.0
2018-12-24,1135612667.0
2018-12-26,1211535562.0
2018-12-27,1230920131.0
2018-12-28,1245458558.0
2018-12-31,1259996985.0
2019-01-02,1319766072.0
2019-01-03,1345612164.0
2019-01-04,1287458457.0
2019-01-07,1397304348.0
2019-01-08,1348842926.0
2019-01-09,1379535160.0
2019-01-10,1306843026.0
2019-01-11,1326227595.0
2019-01-14,1342381403.0
2019-01-15,1389227445.0
2019-01-16,1440919629.0
2019-01-17,1387612064.0
2019-01-18,1429611963.0
2019-01-22,1458688817.0
2019-01-23,1473227244.0
2019-01-24,1413458156.0
2019-01-25,1461919578.0
2019-01-28,1453842675.0
2019-01-29,1424765821.0
2019-01-30,1371458256.0
2019-01-31,1345612164.0
2019-02-01,1248689319.0
2019-02-04,1250304700.0
2019-02-05,1277766173.0
2019-02-06,1240612416.0
2019-02-07,1268073888.0
2019-02-08,1282612315.0
2019-02-11,1301996884.0
2019-02-12,1306843026.0
2019-02-13,1353689068.0
2019-02-14,1334304499.0
2019-02-15,1374689018.0
2019-02-19,1337535261.0
2019-02-20,1339150641.0
2019-02-21,1377919779.0
2019-02-22,1389227445.0
2019-02-25,1394073587.0
2019-02-26,1406996633.0
2019-02-27,1448996532.0
2019-02-28,1447381152.0
2019-03-01,1446425305.0
2019-03-04,1441609239.0
2019-03-05,1443214594.0
2019-03-06,1431977106.0
2019-03-07,1415923551.0
2019-03-08,1414318195.0
2019-03-11,1440003883.0
2019-03-12,1388632507.0
2019-03-13,1399869996.0
2019-03-14,1351709331.0
2019-03-15,1404686062.0
2019-03-18,1406291418.0
2019-03-19,1403080707.0
2019-03-20,1369368241.0
2019-03-21,1334050420.0
2019-03-22,1261809423.0
2019-03-25,1244150512.0
2019-03-26,1252177290.0
2019-03-27,1266625489.0
2019-03-28,1258598712.0
2019-03-29,1266625489.0
2019-04-01,1300337955.0
2019-04-02,1316391510.0
2019-04-03,1321207576.0
2019-04-04,1321207576.0
2019-04-05,1338866487.0
2019-04-08,1332445065.0
2019-04-09,1324418287.0
2019-04-10,1364552175.0
2019-04-11,1337261131.0
2019-04-12,1342077198.0
2019-04-15,1303548666.0
2019-04-16,1282679044.0
2019-04-17,1338866487.0
2019-04-18,1343682553.0
2019-04-22,1330839709.0
2019-04-23,1345287909.0
2019-04-24,1364552175.0
2019-04-25,1329234354.0
2019-04-26,1374184308.0
2019-04-29,1404686062.0
2019-04-30,1388632507.0
2019-05-01,1385421796.0
2019-05-02,1409502129.0
2019-05-03,1428766395.0
2019-05-06,1303548666.0
2019-05-07,1317996865.0
2019-05-08,1311575443.0
2019-05-09,1282679044.0
2019-05-10,1289100466.0
2019-05-13,1297127244.0
2019-05-14,1343682553.0
2019-05-15,1279468333.0
2019-05-16,1268230845.0
2019-05-17,1208832691.0
2019-05-20,1228096957.0
2019-05-21,1205621980.0
2019-05-22,1207227336.0
2019-05-23,1176725581.0
2019-05-24,1176725581.0
2019-05-28,1274652267.0
2019-05-29,1290705822.0
2019-05-30,1271441556.0
2019-05-31,1290705822.0
2019-06-03,1246858176.0
2019-06-04,1234003968.0
2019-06-05,1230790416.0
2019-06-06,1248464952.0
2019-06-07,1282207248.0
2019-06-10,1306308888.0
2019-06-11,1335230856.0
2019-06-12,1357725720.0
2019-06-13,1303095336.0
2019-06-14,1301488560.0
2019-06-17,1299881784.0
2019-06-18,1306308888.0
2019-06-19,1282207248.0
2019-06-20,1251678504.0
2019-06-21,1261319160.0
2019-06-24,1269353040.0
2019-06-25,1264532712.0
2019-06-26,1278993696.0
2019-06-27,1266139488.0
2019-06-28,1278993696.0
2019-07-01,1270959816.0
2019-07-02,1287027576.0
2019-07-03,1288634352.0
2019-07-05,1296668232.0
2019-07-08,1280600472.0
2019-07-09,1290241128.0
2019-07-10,1264532712.0
2019-07-11,1270959816.0
2019-07-12,1354512168.0
2019-07-15,1335230856.0
2019-07-16,1317556320.0
2019-07-17,1304702112.0
2019-07-18,1299881784.0
2019-07-19,1338444408.0
2019-07-22,1327196976.0
2019-07-23,1296668232.0
2019-07-24,1290241128.0
2019-07-25,1280600472.0
2019-07-26,1160092272.0
2019-07-29,1283814024.0
2019-07-30,1161699048.0
2019-07-31,1187407464.0
2019-08-01,1290241128.0
2019-08-02,1287027576.0
2019-08-05,1287027576.0
2019-08-06,1256498832.0
2019-08-07,1269353040.0
2019-08-08,1291847904.0
2019-08-09,1280600472.0
2019-08-12,1251678504.0
2019-08-13,1234003968.0
2019-08-14,1179373584.0
2019-08-15,1185800688.0
2019-08-16,1137597408.0
2019-08-19,1187407464.0
2019-08-20,1182587136.0
2019-08-21,1168126152.0
2019-08-22,1180980360.0
2019-08-23,1172946480.0
2019-08-26,1197048120.0
2019-08-27,1234003968.0
2019-08-28,1240431072.0
2019-08-29,1240431072.0
2019-08-30,1208295552.0
2019-09-03,1197342570.0
2019-09-04,1208668783.0
2019-09-05,1202196661.0
2019-09-06,1207050753.0
2019-09-09,1207050753.0
2019-09-10,1194106509.0
2019-09-11,1171454082.0
2019-09-12,1173072112.0
2019-09-13,1189252417.0
2019-09-16,1202196661.0
2019-09-17,1181162265.0
2019-09-18,1184398326.0
2019-09-19,1174690143.0
2019-09-20,1207050753.0
2019-09-23,1181162265.0
2019-09-24,1184398326.0
2019-09-25,1186016356.0
2019-09-26,1181162265.0
2019-09-27,1198960600.0
2019-09-30,1195724539.0
2019-10-01,1186016356.0
2019-10-02,1186016356.0
2019-10-03,1181162265.0
2019-10-04,1171454082.0
2019-10-07,1164981960.0
2019-10-08,1153655746.0
2019-10-09,1150419685.0
2019-10-10,1155273777.0
2019-10-11,1148801655.0
2019-10-14,1135857411.0
2019-10-15,1109968923.0
2019-10-16,1092170587.0
2019-10-17,1124531197.0
2019-10-18,1124531197.0
2019-10-21,1182780295.0
2019-10-22,1181162265.0
2019-10-23,1182780295.0
2019-10-24,1197342570.0
2019-10-25,1195724539.0
2019-10-28,1190870448.0
2019-10-29,1160127868.0
2019-10-30,1156891807.0
2019-10-31,1161745899.0
2019-11-01,1152037716.0
2019-11-04,1135857411.0
2019-11-05,1153655746.0
2019-11-06,1171454082.0
2019-11-07,1173072112.0
2019-11-08,1176308173.0
2019-11-11,1184398326.0
2019-11-12,1186016356.0
2019-11-13,1140711502.0
2019-11-14,1139093472.0
2019-11-15,1153655746.0
2019-11-18,1164981960.0
2019-11-19,1152037716.0
2019-11-20,1139093472.0
2019-11-21,1135857411.0
2019-11-22,1148801655.0
2019-11-25,1160127868.0
2019-11-26,1177926204.0
2019-11-27,1176308173.0
2019-11-29,1150419685.0
2019-12-02,1147534704.0
2019-12-03,1132926766.0
2019-12-04,1163765747.0
2019-12-05,1137796079.0
2019-12-06,1139419183.0
2019-12-09,1123188141.0
2019-12-10,1089102951.0
2019-12-11,1105333994.0
2019-12-12,1136172975.0
2019-12-13,1137796079.0
2019-12-16,1105333994.0
2019-12-17,1115072619.0
2019-12-18,1118318828.0
2019-12-19,1108580202.0
2019-12-20,1102087785.0
2019-12-23,1106957098.0
2019-12-24,1089102951.0
2019-12-26,1085856743.0
2019-12-27,1080987430.0
2019-12-30,1084233639.0
2019-12-31,1082610534.0
2020-01-02,1089102951.0
2020-01-03,1100464681.0
2020-01-06,1106957098.0
2020-01-07,1124811245.0
2020-01-08,1128057453.0
2020-01-09,1123188141.0
2020-01-10,1115072619.0
2020-01-13,1119941932.0
2020-01-14,1128057453.0
2020-01-15,1121565036.0
2020-01-16,1121565036.0
2020-01-17,1103710890.0
2020-01-21,1097218473.0
2020-01-22,1119941932.0
2020-01-23,1055017762.0
2020-01-24,1038786720.0
2020-01-27,998209113.0
2020-01-28,1007947739.0
2020-01-29,986847384.0
2020-01-30,981978071.0
2020-01-31,962500820.0
2020-02-03,972239445.0
2020-02-04,983601175.0
2020-02-05,973862550.0
2020-02-06,972239445.0
2020-02-07,949515986.0
2020-02-10,956008403.0
2020-02-11,947892882.0
2020-02-12,918677005.0
2020-02-13,886214920.0
2020-02-14,899199754.0
2020-02-18,889461129.0
2020-02-19,861868356.0
2020-02-20,861868356.0
2020-02-21,801813499.0
2020-02-24,774220727.0
2020-02-25,847260418.0
2020-02-26,822913854.0
2020-02-27,886214920.0
2020-02-28,882968712.0
2020-03-02,900822720.0
2020-03-03,879910764.0
2020-03-04,833261016.0
2020-03-05,862216032.0
2020-03-06,870259092.0
2020-03-09,839695464.0
2020-03-10,886345212.0
2020-03-11,884736600.0
2020-03-12,858998808.0
2020-03-13,834869628.0
2020-03-16,807523224.0
2020-03-17,796262940.0
2020-03-18,788219880.0
2020-03-19,796262940.0
2020-03-20,801088776.0
2020-03-23,764090700.0
2020-03-24,772133760.0
2020-03-25,760873476.0
2020-03-26,788219880.0
2020-03-27,820392120.0
2020-03-30,854172972.0
2020-03-31,820392120.0
2020-04-01,785002656.0
2020-04-02,804306000.0
2020-04-03,804306000.0
2020-04-06,796262940.0
2020-04-07,794654328.0
2020-04-08,773742372.0
2020-04-09,733527072.0
2020-04-13,720658176.0
2020-04-14,699746220.0
2020-04-15,649879248.0
2020-04-16,648270636.0
2020-04-17,620924232.0
2020-04-20,637010352.0
2020-04-21,624141456.0
2020-04-22,625750068.0
2020-04-23,606446724.0
2020-04-24,603229500.0
2020-04-27,683660100.0
2020-04-28,686877324.0
2020-04-29,781785432.0
2020-04-30,775350984.0
2020-05-01,776959596.0
2020-05-04,731918460.0
2020-05-05,756047640.0
2020-05-06,754439028.0
2020-05-07,791437104.0
2020-05-08,797871552.0
2020-05-11,797871552.0
2020-05-12,793045716.0
2020-05-13,804306000.0
2020-05-14,717440952.0
2020-05-15,711006504.0
2020-05-18,728701236.0
2020-05-19,659530920.0
2020-05-20,651487860.0
2020-05-21,635401740.0
2020-05-22,656313696.0
2020-05-26,661139532.0
2020-05-27,651487860.0
2020-05-28,637010352.0
2020-05-29,591969216.0
2020-06-01,599193885.0
2020-06-02,597583148.0
2020-06-03,602415357.0
2020-06-04,618522720.0
2020-06-05,631408610.0
2020-06-08,631408610.0
2020-06-09,708723950.0
2020-06-10,678119961.0
2020-06-11,647515972.0
2020-06-12,641073027.0
2020-06-15,639462291.0
2020-06-16,647515972.0
2020-06-17,639462291.0
2020-06-18,644294500.0
2020-06-19,650737445.0
2020-06-22,641073027.0
2020-06-23,644294500.0
2020-06-24,634630082.0
2020-06-25,636240818.0
2020-06-26,644294500.0
2020-06-29,647515972.0
2020-06-30,633019346.0
2020-07-01,629797873.0
2020-07-02,660401862.0
2020-07-06,662012598.0
2020-07-07,636240818.0
2020-07-08,649126708.0
2020-07-09,647515972.0
2020-07-10,676509225.0
2020-07-13,689395115.0
2020-07-14,679730697.0
2020-07-15,684562906.0
2020-07-16,678119961.0
2020-07-17,695838060.0
2020-07-20,694227323.0
2020-07-21,747381620.0
2020-07-22,687784378.0
2020-07-23,633019346.0
2020-07-24,620133456.0
2020-07-27,595972412.0
2020-07-28,578254313.0
2020-07-29,579865050.0
2020-07-30,584697258.0
2020-07-31,604026093.0
2020-08-03,579865050.0
2020-08-04,612079775.0
2020-08-05,607247566.0
2020-08-06,618522720.0
2020-08-07,634630082.0
2020-08-10,623354928.0
2020-08-11,616911983.0
2020-08-12,608858302.0
2020-08-13,579865050.0
2020-08-14,629797873.0
2020-08-17,668455543.0
2020-08-18,873019047.0
2020-08-19,882683465.0
2020-08-20,731274257.0
2020-08-21,708723950.0
2020-08-24,655569653.0
2020-08-25,691005851.0
2020-08-26,671677016.0
2020-08-27,678119961.0
2020-08-28,673287752.0
2020-08-31,682952170.0
2020-09-01,698926625.0
2020-09-02,668257789.0
2020-09-03,674714386.0
2020-09-04,674714386.0
2020-09-08,676328535.0
2020-09-09,686013431.0
2020-09-10,715068117.0
2020-09-11,739280356.0
2020-09-14,760264296.0
2020-09-15,731209610.0
2020-09-16,705383222.0
2020-09-17,697312476.0
2020-09-18,705383222.0
2020-09-21,719910565.0
2020-09-22,766720893.0
2020-09-23,700540774.0
2020-09-24,681170983.0
2020-09-25,694084177.0
2020-09-28,690855879.0
2020-09-29,689241729.0
2020-09-30,724753013.0
2020-10-01,703769073.0
2020-10-02,721524714.0
2020-10-05,716682267.0
2020-10-06,721524714.0
2020-10-07,719910565.0
2020-10-08,729595461.0
2020-10-09,747351102.0
2020-10-12,744122804.0
2020-10-13,723138864.0
2020-10-14,711839819.0
2020-10-15,716682267.0
2020-10-16,723138864.0
2020-10-19,715068117.0
2020-10-20,716682267.0
2020-10-21,695698326.0
2020-10-22,705383222.0
2020-10-23,690855879.0
2020-10-26,695698326.0
2020-10-27,687627580.0
2020-10-28,668257789.0
2020-10-29,674714386.0
2020-10-30,669871938.0
2020-11-02,684399282.0
2020-11-03,697312476.0
2020-11-04,708611520.0
2020-11-05,690855879.0
2020-11-06,668257789.0
2020-11-09,645659700.0
2020-11-10,645659700.0
2020-11-11,637588953.0
2020-11-12,632746506.0
2020-11-13,645659700.0
2020-11-16,645659700.0
2020-11-17,644045550.0
2020-11-18,652116297.0
2020-11-19,665029491.0
2020-11-20,686013431.0
2020-11-23,637588953.0
2020-11-24,645659700.0
2020-11-25,645659700.0
2020-11-27,613376715.0
2020-11-30,653730446.0
2020-12-01,651004588.0
2020-12-02,620312064.0
2020-12-03,641312212.0
2020-12-04,617081272.0
2020-12-07,615465876.0
2020-12-08,615465876.0
2020-12-09,612235084.0
2020-12-10,612235084.0
2020-12-11,623542856.0
2020-12-14,610619688.0
2020-12-15,609004292.0
2020-12-16,609004292.0
2020-12-17,605773500.0
2020-12-18,589619540.0
2020-12-21,588004144.0
2020-12-22,588004144.0
2020-12-23,597696520.0
2020-12-24,596081124.0
2020-12-28,589619540.0
2020-12-29,583157956.0
2020-12-30,597696520.0
2020-12-31,613850480.0
2021-01-04,589619540.0
2021-01-05,591234936.0
2021-01-06,597696520.0
2021-01-07,583157956.0
2021-01-08,592850332.0
2021-01-11,594465728.0
2021-01-12,586388748.0
2021-01-13,581542560.0
2021-01-14,584773352.0
2021-01-15,579927164.0
2021-01-19,584773352.0
2021-01-20,605773500.0
2021-01-21,644543004.0
2021-01-22,628389044.0
2021-01-25,620312064.0
2021-01-26,636466024.0
2021-01-27,625158252.0
2021-01-28,609004292.0
2021-01-29,604158104.0
2021-02-01,597696520.0
2021-02-02,602542708.0
2021-02-03,592850332.0
2021-02-04,604158104.0
2021-02-05,646158400.0
2021-02-08,613850480.0
2021-02-09,649389192.0
2021-02-10,681697112.0
2021-02-11,662312360.0
2021-02-12,717235824.0
2021-02-16,705928052.0
2021-02-17,678466320.0
2021-02-18,686543300.0
2021-02-19,680081716.0
2021-02-22,657466172.0
2021-02-23,591234936.0
2021-02-24,583157956.0
2021-02-25,602542708.0
2021-02-26,571850184.0
2021-03-01,553726525.0
2021-03-02,545461950.0
2021-03-03,517362395.0
2021-03-04,505791990.0
2021-03-05,525626970.0
2021-03-08,480998265.0
2021-03-09,492568670.0
2021-03-10,479345350.0
2021-03-11,489262840.0
2021-03-12,538850290.0
2021-03-15,533891545.0
2021-03-16,514056565.0
2021-03-17,533891545.0
2021-03-18,519015310.0
2021-03-19,520668225.0
2021-03-22,505791990.0
2021-03-23,476039520.0
2021-03-24,442981220.0
2021-03-25,429757900.0
2021-03-26,401658345.0
2021-03-29,353723810.0
2021-03-30,355376725.0
2021-03-31,383476280.0
2021-04-01,395046685.0
2021-04-05,380170450.0
2021-04-06,400005430.0
2021-04-07,393393770.0
2021-04-08,406617090.0
2021-04-09,413228750.0
2021-04-12,376864620.0
2021-04-13,375211705.0
2021-04-14,368600045.0
2021-04-15,386782110.0
2021-04-16,376864620.0
2021-04-19,406617090.0
2021-04-20,390087940.0
2021-04-21,414881665.0
2021-04-22,426452070.0
2021-04-23,454551625.0
2021-04-26,444634135.0
2021-04-27,414881665.0
2021-04-28,457857455.0
2021-04-29,474386605.0
2021-04-30,451245795.0
2021-05-03,461163285.0
2021-05-04,480998265.0
2021-05-05,476039520.0
2021-05-06,444634135.0
2021-05-07,464469115.0
2021-05-10,401658345.0
2021-05-11,398352515.0
2021-05-12,352070895.0
2021-05-13,335541745.0
2021-05-14,343806320.0
2021-05-17,357029640.0
2021-05-18,366947130.0
2021-05-19,383476280.0
2021-05-20,365294215.0
2021-05-21,338847575.0
2021-05-24,297524700.0
2021-05-25,271078060.0
2021-05-26,261160570.0
2021-05-27,249590165.0
2021-05-28,239672675.0
2021-06-01,261160570.0
2021-06-02,274383890.0
2021-06-03,264466400.0
2021-06-04,272730975.0
2021-06-07,256201825.0
2021-06-08,247937250.0
2021-06-09,241325590.0
2021-06-10,244631420.0
2021-06-11,238019760.0
2021-06-14,211573120.0
2021-06-15,214878950.0
2021-06-16,213226035.0
2021-06-17,206614375.0
2021-06-18,206614375.0
2021-06-21,203308545.0
2021-06-22,200002715.0
2021-06-23,208267290.0
2021-06-24,216531865.0
2021-06-25,206614375.0
2021-06-28,200002715.0
2021-06-29,206614375.0
2021-06-30,203308545.0
2021-07-01,200002715.0
2021-07-02,201655630.0
2021-07-06,188432310.0
2021-07-07,180167735.0
2021-07-08,166944415.0
2021-07-09,168597330.0
2021-07-12,166944415.0
2021-07-13,165241912.0
2021-07-14,165076621.0
2021-07-15,152068180.0
2021-07-16,155374010.0
2021-07-19,145473049.0
2021-07-20,153836799.0
2021-07-21,161985670.0
2021-07-22,173556075.0
2021-07-23,108927098.0
2021-07-26,96695527.0
2021-07-27,88430952.0
2021-07-28,90910325.0
2021-07-29,83687086.0
2021-07-30,85439176.0
2021-08-02,87604495.0
2021-08-03,85009418.0
2021-08-04,147076376.0
2021-08-05,116530507.0
2021-08-06,130563755.0
2021-08-09,126712463.0
2021-08-10,115869341.0
2021-08-11,112034578.0
2021-08-12,108530398.0
2021-08-13,100513761.0
2021-08-16,95274020.0
2021-08-17,93984746.0
2021-08-18,86992916.0
2021-08-19,89604522.0
2021-08-20,83736673.0
2021-08-23,84364781.0
2021-08-24,93571518.0
2021-08-25,89769813.0
2021-08-26,87273912.0
2021-08-27,84860656.0
2021-08-30,84695364.0
2021-08-31,88015593.0
2021-09-01,91734562.0
2021-09-02,87404030.0
2021-09-03,82974325.0
2021-09-07,77073561.0
2021-09-08,74842180.0
2021-09-09,72395925.0
2021-09-10,73238891.0
2021-09-13,70247187.0
2021-09-14,67767875.0
2021-09-15,67685231.0
2021-09-16,67701760.0
2021-09-17,62809250.0
2021-09-20,66098471.0
2021-09-21,61949754.0
2021-09-22,62544790.0
2021-09-23,63255526.0
2021-09-24,61255547.0
2021-09-27,63916676.0
2021-09-28,66429046.0
2021-09-29,70495118.0
2021-09-30,80990875.0
2021-10-01,73552937.0
2021-10-04,71552958.0
2021-10-05,67767875.0
2021-10-06,66115000.0
2021-10-07,62809250.0
2021-10-08,63305112.0
2021-10-11,66148057.0
2021-10-12,66148057.0
2021-10-13,66148057.0
2021-10-14,66148057.0
2021-10-15,66148057.0
2021-10-18,66148057.0
2021-10-19,66148057.0
2021-10-20,66148057.0
2021-10-21,66148057.0
2021-10-22,66148057.0
2021-10-25,66148057.0
2021-10-26,66148057.0
2021-10-27,66148057.0
2021-10-28,66148057.0
2021-10-29,66148057.0
2021-11-01,66148057.0
2021-11-02,66148057.0
2021-11-03,66148057.0
2021-11-04,66148057.0
2021-11-05,66148057.0
2021-11-08,66148057.0
2021-11-09,66148057.0
2021-11-10,66148057.0
2021-11-11,66148057.0
2021-11-12,66148057.0
2021-11-15,66148057.0
2021-11-16,66148057.0
2021-11-17,66115000.0
2021-11-18,66148057.0
2021-11-19,66115000.0
2021-11-22,66115000.0
2021-11-23,66115000.0
2021-11-24,66115000.0
2021-11-26,66115000.0
2021-11-29,66115000.0
2021-11-30,66115000.0
2021-12-01,66115000.0
2021-12-02,66115000.0
2021-12-03,66148057.0
2021-12-06,66148057.0
2021-12-07,66148057.0
2021-12-08,66148057.0
2021-12-09,66148057.0
2021-12-10,66148057.0
2021-12-13,66115000.0
2021-12-14,66115000.0
2021-12-15,66115000.0
2021-12-16,66148057.0
2021-12-17,66148057.0
2021-12-20,66148057.0
2021-12-21,66148057.0
2021-12-22,66148057.0
2021-12-23,66148057.0
2021-12-27,66148057.0
2021-12-28,66148057.0
2021-12-29,66148057.0
2021-12-30,66148057.0
2021-12-31,66148057.0
2022-01-03,66148057.0
2022-01-04,66148057.0
2022-01-05,66148057.0
2022-01-06,45437533.0
2022-01-07,47949903.0
2022-01-10,32082303.0
2022-01-11,32644281.0
2022-01-12,33553362.0
2022-01-13,32826097.0
2022-01-14,30941819.0
2022-01-18,25545183.0
2022-01-19,26429471.0
2022-01-20,26280712.0
2022-01-21,25784850.0
2022-01-24,24925355.0
2022-01-25,25057585.0
2022-01-26,24859240.0
2022-01-27,25123700.0
2022-01-28,24793125.0
2022-01-31,25123700.0
2022-02-01,28826140.0
2022-02-02,28363335.0
2022-02-03,30016210.0
2022-02-04,30743475.0
2022-02-07,30677359.0
2022-02-08,31338510.0
2022-02-09,28958370.0
2022-02-10,26379885.0
2022-02-11,26379885.0
2022-02-14,24859240.0
2022-02-15,24925355.0
2022-02-16,24330320.0
2022-02-17,23536940.0
2022-02-18,24131975.0
2022-02-22,23470825.0
2022-02-23,19835161.0
2022-02-24,17388245.0
2022-02-25,18247740.0
2022-02-28,17520475.0
2022-03-01,49351262.0
2022-03-02,49627998.0
2022-03-03,47414109.0
2022-03-04,43355314.0
2022-03-07,38189574.0
2022-03-08,39481009.0
2022-03-09,43724295.0
2022-03-10,35606705.0
2022-03-11,27489114.0
2022-03-14,25644207.0
2022-03-15,27489114.0
2022-03-16,32839344.0
2022-03-17,29518512.0
2022-03-18,29334021.0
2022-03-21,28227077.0
2022-03-22,36529158.0
2022-03-23,32654853.0
2022-03-24,31145719.0
2022-03-25,29518512.0
2022-03-28,31916891.0
2022-03-29,31177083.0
2022-03-30,31178928.0
2022-03-31,29887493.0
2022-04-01,30625456.0
2022-04-04,31916891.0
2022-04-05,28965039.0
2022-04-06,28411567.0
2022-04-07,28042586.0
2022-04-08,28596058.0
2022-04-11,29518512.0
2022-04-12,28596058.0
2022-04-13,28175419.0
2022-04-14,29149530.0
2022-04-18,28703063.0
2022-04-19,28227077.0
2022-04-20,29703002.0
2022-04-21,27236362.0
2022-04-22,27673605.0
2022-04-25,28042586.0
2022-04-26,26566660.0
2022-04-27,26013188.0
2022-04-28,26013188.0
2022-04-29,24721753.0
2022-05-02,27304623.0
2022-05-03,24352772.0
2022-05-04,28411567.0
2022-05-05,26935642.0
2022-05-06,26195834.0
2022-05-09,26382170.0
2022-05-10,26011343.0
2022-05-11,21585411.0
2022-05-12,25275225.0
2022-05-13,26013188.0
2022-05-16,25275225.0
2022-05-17,27304623.0
2022-05-18,26382170.0
2022-05-19,27489114.0
2022-05-20,27673605.0
2022-05-23,27304623.0
2022-05-24,28042586.0
2022-05-25,26382170.0
2022-05-26,27118287.0
2022-05-27,28227077.0
2022-05-31,28778704.0
2022-06-01,11324036159.0
2022-06-02,11689327648.0
2022-06-03,12639085519.0
2022-06-06,12639085519.0
2022-06-07,12566027221.0
2022-06-08,12492238340.0
2022-06-09,13077435306.0
2022-06-10,11908502541.0
2022-06-13,11397094456.0
2022-06-14,11981560839.0
2022-06-15,10958744670.0
2022-06-16,11762385945.0
2022-06-17,11689327648.0
2022-06-21,11762385945.0
2022-06-22,11616269350.0
2022-06-23,12566027221.0
2022-06-24,12419910626.0
2022-06-27,12200005149.0
2022-06-28,12320551340.0
2022-06-29,12083111873.0
2022-06-30,10812628074.0
2022-07-01,11324036159.0
2022-07-05,9497578714.0
2022-07-06,9789811905.0
2022-07-07,10228161692.0
2022-07-08,10228161692.0
2022-07-11,10082045096.0
2022-07-12,9059228927.0
2022-07-13,9716753607.0
2022-07-14,9497578714.0
2022-07-15,9935928500.0
2022-07-18,9570637011.0
2022-07-19,8766995736.0
2022-07-20,8913112331.0
2022-07-21,9171008122.0
2022-07-22,8766995736.0
2022-07-25,8438233395.0
2022-07-26,8036412758.0
2022-07-27,8365175098.0
2022-07-28,8328645949.0
2022-07-29,8036412758.0
2022-08-01,7963354460.0
2022-08-02,10008986798.0
2022-08-03,9132287225.0
2022-08-04,8328645949.0
2022-08-05,8547820842.0
2022-08-08,8620879140.0
2022-08-09,8182529353.0
2022-08-10,8401704246.0
2022-08-11,9059228927.0
2022-08-12,8674942280.0
2022-08-15,7963354460.0
2022-08-16,7890296162.0
2022-08-17,8178876438.0
2022-08-18,8182529353.0
2022-08-19,7671121269.0
2022-08-22,7590757141.0
2022-08-23,7671121269.0
2022-08-24,7712033915.0
2022-08-25,8328645949.0
2022-08-26,7525004673.0
2022-08-29,7525004673.0
2022-08-30,7525004673.0
2022-08-31,7159713184.0
2022-09-01,1840258.16
2022-09-02,1804691.63
2022-09-06,1804868.58
2022-09-07,1804868.58
2022-09-08,1804868.58
2022-09-09,1911037.32
2022-09-12,1840258.16
2022-09-13,1911037.32
2022-09-14,1893519.48
2022-09-15,1857952.95
2022-09-16,1822563.37
2022-09-19,1822563.37
2022-09-20,1822386.42
2022-09-21,1822563.37
2022-09-22,1822563.37
2022-09-23,1822563.37
2022-09-26,1823625.06
2022-09-27,1822563.37
2022-09-28,1760100.76
2022-09-29,1822563.37
2022-09-30,1822563.37
2022-10-03,1893342.53
2022-10-04,1928732.11
2022-10-05,1999511.27
2022-10-06,1946426.9
2022-10-07,1911037.32
2022-10-10,1875470.79
2022-10-11,1875647.74
2022-10-12,1857952.95
2022-10-13,1857952.95
2022-10-14,1840258.16
2022-10-17,1840435.11
2022-10-18,1840258.16
2022-10-19,1857952.95
2022-10-20,1862730.54
2022-10-21,1857952.95
2022-10-24,1840258.16
2022-10-25,1840258.16
2022-10-26,1840258.16
2022-10-27,1840965.95
2022-10-28,1840258.16
2022-10-31,1857952.95
2022-11-01,1919884.72
2022-11-02,1840258.16
2022-11-03,7890296162.0
2022-11-04,7853767013.0
2022-11-07,7525004673.0
2022-11-08,7525004673.0
2022-11-09,7963354460.0
2022-11-10,8109471055.0
2022-11-11,8036412758.0
2022-11-14,8182529353.0
2022-11-15,9059228927.0
2022-11-16,8876583182.0
2022-11-17,9278403820.0
2022-11-18,9132287225.0
2022-11-21,8349832855.0
2022-11-22,8328645949.0
2022-11-23,8110201638.0
2022-11-25,7963354460.0
2022-11-28,7890296162.0
2022-11-29,7890296162.0
2022-11-30,7671121269.0
2022-12-01,7890296162.0
2022-12-02,7525004673.0
2022-12-05,7525735256.0
2022-12-06,7644089698.0
2022-12-07,7671121269.0
2022-12-08,7744179566.0
2022-12-09,7671121269.0
2022-12-12,7598062971.0
2022-12-13,7525004673.0
2022-12-14,7525004673.0
2022-12-15,7671121269.0
2022-12-16,7671121269.0
2022-12-19,7816507281.0
2022-12-20,7817237864.0
2022-12-21,7671121269.0
2022-12-22,7525004673.0
2022-12-23,7817237864.0
2022-12-27,7680618847.0
2022-12-28,7525004673.0
2022-12-29,7744179566.0
2022-12-30,7598062971.0
2023-01-03,7598793554.0
2023-01-04,7598062971.0
2023-01-05,7598062971.0
2023-01-06,7536694001.0
2023-01-09,7532310503.0
2023-01-10,7743448983.0
2023-01-11,7817237864.0
2023-01-12,7598062971.0
2023-01-13,7744179566.0
2023-01-17,8255587651.0
2023-01-18,7963354460.0
2023-01-19,7963354460.0
2023-01-20,7817968447.0
2023-01-23,8075133655.0
2023-01-24,8109471055.0
2023-01-25,8109471055.0
2023-01-26,8036412758.0
2023-01-27,7963354460.0
2023-01-30,7963354460.0
2023-01-31,8528095102.0
2023-02-01,8620879140.0
2023-02-02,8401704246.0
2023-02-03,8620879140.0
2023-02-06,8328645949.0
2023-02-07,8255587651.0
2023-02-08,7963354460.0
2023-02-09,7671121269.0
2023-02-10,7598062971.0
2023-02-13,8547820842.0
2023-02-14,8547820842.0
2023-02-15,7817237864.0
2023-02-16,7561533822.0
2023-02-17,7707650417.0
2023-02-21,7598062971.0
2023-02-22,7744179566.0
2023-02-23,7598062971.0
2023-02-24,7634592120.0
2023-02-27,7671121269.0
2023-02-28,7305829780.0
2023-03-01,50881038.0
2023-03-02,53450787.0
2023-03-03,54473547.0
2023-03-06,52936837.0
2023-03-07,52936837.0
2023-03-08,53949318.0
2023-03-09,54473547.0
2023-03-10,52936837.0
2023-03-13,53964737.0
2023-03-14,53450787.0
2023-03-15,52972814.0
2023-03-16,53029348.0
2023-03-17,52952256.0
2023-03-20,53450787.0
2023-03-21,53964737.0
2023-03-22,52936837.0
2023-03-23,52936837.0
2023-03-24,53034488.0
2023-03-27,52422887.0
2023-03-28,53964737.0
2023-03-29,54478687.0
2023-03-30,53964737.0
2023-03-31,53831110.0
2023-04-03,53964737.0
2023-04-04,52936837.0
2023-04-05,52936837.0
2023-04-06,53707762.0
2023-04-10,54478687.0
2023-04-11,52936837.0
2023-04-12,54478687.0
2023-04-13,58071196.0
2023-04-14,66299534.0
2023-04-17,64757684.0
2023-04-18,53450787.0
2023-04-19,54992637.0
2023-04-20,53964737.0
2023-04-21,54992637.0
2023-04-24,56483091.0
2023-04-25,52936837.0
2023-04-26,54704825.0
2023-04-27,52936837.0
2023-04-28,53964737.0
2023-05-01,54478687.0
2023-05-02,59104236.0
2023-05-03,60646085.0
2023-05-04,55506587.0
2023-05-05,53964737.0
2023-05-08,54478687.0
2023-05-09,52936837.0
2023-05-10,53964737.0
2023-05-11,52936837.0
2023-05-12,54992637.0
2023-05-15,54478687.0
2023-05-16,53964737.0
2023-05-17,53964737.0
2023-05-18,52936837.0
2023-05-19,53964737.0
2023-05-22,51908937.0
2023-05-23,53964737.0
2023-05-24,52936837.0
2023-05-25,53964737.0
2023-05-26,53964737.0
2023-05-30,54113782.0
2023-05-31,51908937.0
2023-06-01,80080000.0
2023-06-02,80495800.0
2023-06-05,79310000.0
2023-06-06,83930000.0
2023-06-07,81158000.0
2023-06-08,81620000.0
2023-06-09,80850000.0
2023-06-12,79310000.0
2023-06-13,81620000.0
2023-06-14,81735500.0
2023-06-15,83930000.0
2023-06-16,84700000.0
2023-06-20,83475700.0
2023-06-21,86224600.0
2023-06-22,80850000.0
2023-06-23,80850000.0
2023-06-26,82775000.0
2023-06-27,80850000.0
2023-06-28,85470000.0
2023-06-29,83930000.0
2023-06-30,82390000.0
2023-07-03,85470000.0
2023-07-05,85085000.0
2023-07-06,81312000.0
2023-07-07,82390000.0
2023-07-10,83930000.0
2023-07-11,85470000.0
2023-07-12,88550000.0
2023-07-13,84707700.0
2023-07-14,84700000.0
2023-07-17,87009999.0
2023-07-18,81620000.0
2023-07-19,80850000.0
2023-07-20,81620000.0
2023-07-21,84315000.0
2023-07-24,81620000.0
2023-07-25,80850000.0
2023-07-26,80080000.0
2023-07-27,83922300.0
2023-07-28,82390000.0
2023-07-31,79879800.0
2023-08-01,78540000.0
2023-08-02,79302300.0
2023-08-03,77770000.0
2023-08-04,77000000.0
2023-08-07,79310000.0
2023-08-08,81689300.0
2023-08-09,78540000.0
2023-08-10,79310000.0
2023-08-11,80388000.0
2023-08-14,80388000.0
2023-08-15,78540000.0
2023-08-16,78932699.0
2023-08-17,94402000.0
2023-08-18,76153000.0
2023-08-21,78540000.0
2023-08-22,78532300.0
2023-08-23,78540000.0
2023-08-24,77770000.0
2023-08-25,80080000.0
2023-08-28,80080000.0
2023-08-29,80080000.0
2023-08-30,80080000.0
2023-08-31,81620000.0
2023-09-01,79310000.0
2023-09-05,80850000.0
2023-09-06,80465000.0
2023-09-07,77770000.0
2023-09-08,75860400.0
2023-09-11,79263800.0
2023-09-12,77000000.0
2023-09-13,80080000.0
2023-09-14,77770000.0
2023-09-15,77770000.0
2023-09-18,80850000.0
2023-09-19,77000000.0
2023-09-20,77000000.0
2023-09-21,80850000.0
2023-09-22,77770000.0
2023-09-25,77770000.0
2023-09-26,77770000.0
2023-09-27,79310000.0
2023-09-28,80080000.0
2023-09-29,79756600.0
2023-10-02,78925000.0
2023-10-03,78154999.0
2023-10-04,79310000.0
2023-10-05,77000000.0
2023-10-06,77770000.0
2023-10-09,76260800.0
2023-10-10,75567800.0
2023-10-11,77770000.0
2023-10-12,77000000.0
2023-10-13,73673600.0
2023-10-16,74620700.0
2023-10-17,78540000.0
2023-10-18,76846000.0
2023-10-19,77000000.0
2023-10-20,76384000.0
2023-10-23,76230000.0
2023-10-24,78540000.0
2023-10-25,77770000.0
2023-10-26,79310000.0
2023-10-27,78540000.0
2023-10-30,77000000.0
2023-10-31,75861401.0
2023-11-01,78540000.0
2023-11-02,77770000.0
2023-11-03,77770000.0
2023-11-06,79317700.0
2023-11-07,81620000.0
2023-11-08,80080000.0
2023-11-09,81620000.0
2023-11-10,81627700.0
2023-11-13,80850000.0
2023-11-14,79317700.0
2023-11-15,78540000.0
2023-11-16,79310000.0
2023-11-17,77000000.0
2023-11-20,77770000.0
2023-11-21,79310000.0
2023-11-22,82390000.0
2023-11-24,82390000.0
2023-11-27,81620000.0
2023-11-28,79310000.0
2023-11-29,80850000.0
2023-11-30,80850000.0
2023-12-01,80850000.0
2023-12-04,77000000.0
2023-12-05,77770000.0
2023-12-06,77000000.0
2023-12-07,76384000.0
2023-12-08,76237700.0
2023-12-11,78540000.0
2023-12-12,80080000.0
2023-12-13,77770000.0
2023-12-14,76846000.0
2023-12-15,76638100.0
2023-12-18,74690000.0
2023-12-19,79310000.0
2023-12-20,74805500.0
2023-12-21,76923000.0
2023-12-22,79310000.0
2023-12-26,79310000.0
2023-12-27,79310000.0
2023-12-28,76230000.0
2023-12-29,74944100.0
2024-01-02,79310000.0
2024-01-03,78540000.0
2024-01-04,75460000.0
2024-01-05,74690000.0
2024-01-08,77770000.0
2024-01-09,76923000.0
2024-01-10,80850000.0
2024-01-11,80080000.0
2024-01-12,77770000.0
2024-01-16,77770000.0
2024-01-17,79310000.0
2024-01-18,81620000.0
2024-01-19,80080000.0
2024-01-22,79310000.0
2024-01-23,79310000.0
2024-01-24,78540000.0
2024-01-25,77770000.0
2024-01-26,76615000.0
2024-01-29,76622700.0
2024-01-30,76730500.0
2024-01-31,77770000.0
2024-02-01,77000000.0
2024-02-02,76253100.0
2024-02-05,76745900.0
2024-02-06,78540000.0
2024-02-07,75498500.0
2024-02-08,77000000.0
2024-02-09,75460000.0
2024-02-12,77770000.0
2024-02-13,75498500.0
2024-02-14,75698700.0
2024-02-15,74690000.0
2024-02-16,73943100.0
2024-02-20,73920000.0
2024-02-21,73920000.0
2024-02-22,71610000.0
2024-02-23,73150000.0
2024-02-26,72772700.0
2024-02-27,65457700.0
2024-02-28,70832300.0
2024-02-29,67760000.0
2024-03-01,66220000.0
2024-03-04,67005400.0
2024-03-05,65835000.0
2024-03-06,62524000.0
2024-03-07,62370000.0
2024-03-08,61600000.0
2024-03-11,62370000.0
2024-03-12,66990000.0
2024-03-13,65450000.0
2024-03-14,57742300.0
2024-03-15,60060000.0
2024-03-18,57750000.0
2024-03-19,57750000.0
2024-03-20,60614400.0
2024-03-21,61600000.0
2024-03-22,57811600.0
2024-03-25,64680000.0
2024-03-26,63139999.0
2024-03-27,62269900.0
2024-03-28,58928100.0
2024-04-01,56325500.0
2024-04-02,43889999.0
2024-04-03,45430000.0
2024-04-04,48510000.0
2024-04-05,49280000.0
2024-04-08,50050000.0
2024-04-09,51590000.0
2024-04-10,50766100.0
2024-04-11,50034600.0
2024-04-12,44968000.0
2024-04-15,41580000.0
2024-04-16,42688800.0
2024-04-17,43089200.0
2024-04-18,44405900.0
2024-04-19,43135400.0
2024-04-22,45060400.0
2024-04-23,45060400.0
2024-04-24,38561600.0
2024-04-25,39385500.0
2024-04-26,39270000.0
2024-04-29,39270000.0
2024-04-30,40040000.0
2024-05-01,40047700.0
2024-05-02,37730000.0
2024-05-03,37730000.0
2024-05-06,37730000.0
2024-05-07,37730000.0
2024-05-08,38500000.0
2024-05-09,40016900.0
2024-05-10,39270000.0
2024-05-13,39270000.0
2024-05-14,38885000.0
2024-05-15,38500000.0
2024-05-16,41195000.0
2024-05-17,41433700.0
2024-05-20,43889999.0
2024-05-21,45430000.0
2024-05-22,46585000.0
2024-05-23,42350000.0
2024-05-24,41965000.0
2024-05-28,44275000.0
2024-05-29,43120000.0
2024-05-30,44652300.0
2024-05-31,46392500.0
2024-06-03,43889999.0
2024-06-04,40040000.0
2024-06-05,38751020.0
2024-06-06,40040000.0
2024-06-07,32347699.0
2024-06-10,30030000.0
2024-06-11,30014600.0
2024-06-12,30415000.0
2024-06-13,29321600.0
2024-06-14,31569999.0
2024-06-17,34411300.0
2024-06-18,33233200.0
2024-06-20,34573000.0
2024-06-21,33880000.0
2024-06-24,33918500.0
2024-06-25,34111000.0
2024-06-26,33110000.0
2024-06-27,32340000.0
2024-06-28,32648000.0
2024-07-01,40040000.0
2024-07-02,37730000.0
2024-07-03,34657700.0
2024-07-05,37448950.0
2024-07-08,35910490.0
2024-07-09,37730000.0
2024-07-10,33117700.0
2024-07-11,36952300.0
2024-07-12,37075500.0
2024-07-15,37653000.0
2024-07-16,35966700.0
2024-07-17,37730000.0
2024-07-18,36960000.0
2024-07-19,36190000.0
2024-07-22,35420000.0
2024-07-23,34881000.0
2024-07-24,33140800.0
2024-07-25,169400000.0
2024-07-26,37422000.0
2024-07-29,70224000.0
2024-07-30,77924000.0
2024-07-31,77000000.0
2024-08-01,69300000.0
2024-08-02,51744000.0
2024-08-05,43736000.0
2024-08-06,38500000.0
2024-08-07,17864000.0
2024-08-08,14107940.0
2024-08-09,13398000.0
