,PAYC
2014-04-15,771864956
2014-04-16,785441734
2014-04-17,817120882
2014-04-21,809578228
2014-04-22,803544104
2014-04-23,808069697
2014-04-24,791978701
2014-04-25,769350738
2014-04-28,752756899
2014-04-29,768345051
2014-04-30,774882018
2014-05-01,787955952
2014-05-02,794492919
2014-05-05,788458796
2014-05-06,769853582
2014-05-07,756779648
2014-05-08,763316615
2014-05-09,729626092
2014-05-12,708506660
2014-05-13,697444100
2014-05-14,707500973
2014-05-15,718563532
2014-05-16,694427039
2014-05-19,665764952
2014-05-20,703981068
2014-05-21,703981068
2014-05-22,773373487
2014-05-23,730631779
2014-05-27,705489598
2014-05-28,666267796
2014-05-29,677833199
2014-05-30,671296232
2014-06-02,680850261
2014-06-03,705489598
2014-06-04,719066376
2014-06-05,712529409
2014-06-06,726609030
2014-06-09,736163059
2014-06-10,725603343
2014-06-11,727111874
2014-06-12,702472537
2014-06-13,703981068
2014-06-16,726106187
2014-06-17,703981068
2014-06-18,712529409
2014-06-19,718563532
2014-06-20,710015191
2014-06-23,736163059
2014-06-24,739180121
2014-06-25,740185808
2014-06-26,740185808
2014-06-27,702975380
2014-06-30,744913780
2014-07-01,745424345
2014-07-02,727554583
2014-07-03,749508862
2014-07-07,715811597
2014-07-08,685688284
2014-07-09,685177720
2014-07-10,679050944
2014-07-11,665265699
2014-07-14,678540379
2014-07-15,662202312
2014-07-16,656075536
2014-07-17,633610693
2014-07-18,637184645
2014-07-21,652501584
2014-07-22,644332550
2014-07-23,655564972
2014-07-24,663734006
2014-07-25,663734006
2014-07-28,661691747
2014-07-29,657607230
2014-07-30,663734006
2014-07-31,652501584
2014-08-01,645864244
2014-08-04,647906502
2014-08-05,637695210
2014-08-06,706110869
2014-08-07,705600304
2014-08-08,693346753
2014-08-11,710195386
2014-08-12,709174257
2014-08-13,753082814
2014-08-14,779121610
2014-08-15,859790820
2014-08-18,839878799
2014-08-19,826604119
2014-08-20,805160405
2014-08-21,844473881
2014-08-22,890935261
2014-08-25,880723969
2014-08-26,921569139
2014-08-27,917995186
2014-08-28,912889540
2014-08-29,914931799
2014-09-02,923100832
2014-09-03,885829615
2014-09-04,850090092
2014-09-05,838857670
2014-09-08,836815412
2014-09-09,822519602
2014-09-10,835283718
2014-09-11,852642915
2014-09-12,905741635
2014-09-15,876128887
2014-09-16,913400105
2014-09-17,905231071
2014-09-18,921569139
2014-09-19,969562213
2014-09-22,933312125
2014-09-23,934333254
2014-09-24,940460030
2014-09-25,867449289
2014-09-26,879192275
2014-09-29,863364772
2014-09-30,827999999
2014-10-01,805000000
2014-10-02,815000000
2014-10-03,828500000
2014-10-06,807499999
2014-10-07,788000000
2014-10-08,784000000
2014-10-09,744000000
2014-10-10,744000000
2014-10-13,749000000
2014-10-14,752000000
2014-10-15,813000000
2014-10-16,838000000
2014-10-17,821500000
2014-10-20,817000000
2014-10-21,833500000
2014-10-22,824000000
2014-10-23,826500000
2014-10-24,825500000
2014-10-27,828500000
2014-10-28,845500000
2014-10-29,838500000
2014-10-30,871500000
2014-10-31,887500000
2014-11-03,884000000
2014-11-04,886500000
2014-11-05,1057499999
2014-11-06,1079500000
2014-11-07,1071000000
2014-11-10,1103500000
2014-11-11,1125000000
2014-11-12,1117500000
2014-11-13,1130000000
2014-11-14,1184500000
2014-11-17,1242500000
2014-11-18,1242000000
2014-11-19,1284500000
2014-11-20,1305000000
2014-11-21,1346500000
2014-11-24,1373500000
2014-11-25,1384000000
2014-11-26,1414500000
2014-11-28,1437500000
2014-12-01,1419000000
2014-12-02,1380000000
2014-12-03,1346000000
2014-12-04,1363500000
2014-12-05,1366500000
2014-12-08,1321000000
2014-12-09,1369500000
2014-12-10,1329500000
2014-12-11,1282000000
2014-12-12,1223000000
2014-12-15,1212000000
2014-12-16,1329500000
2014-12-17,1365500000
2014-12-18,1379000000
2014-12-19,1360500000
2014-12-22,1421500000
2014-12-23,1368500000
2014-12-24,1324500000
2014-12-26,1334000000
2014-12-29,1312000000
2014-12-30,1303500000
2014-12-31,1441566209
2015-01-02,1426783723
2015-01-05,1378603766
2015-01-06,1344658796
2015-01-07,1387363758
2015-01-08,1446493705
2015-01-09,1392291253
2015-01-12,1351228790
2015-01-13,1292646343
2015-01-14,1269103864
2015-01-15,1292646343
2015-01-16,1286076348
2015-01-20,1272388861
2015-01-21,1382983762
2015-01-22,1438828712
2015-01-23,1480438675
2015-01-26,1500696156
2015-01-27,1539568622
2015-01-28,1574608590
2015-01-29,1500148657
2015-01-30,1432806217
2015-02-02,1428426221
2015-02-03,1510003648
2015-02-04,1482628673
2015-02-05,1532998628
2015-02-06,1535736125
2015-02-09,1629358541
2015-02-10,1735573446
2015-02-11,1721885958
2015-02-12,1811128379
2015-02-13,1772255913
2015-02-17,1837408355
2015-02-18,1786490901
2015-02-19,1828100863
2015-02-20,1848905845
2015-02-23,1801820887
2015-02-24,1817150873
2015-02-25,1803463385
2015-02-26,1797988390
2015-02-27,1745428437
2015-03-02,1744880938
2015-03-03,1747618435
2015-03-04,1732288449
2015-03-05,1771160914
2015-03-06,1760758424
2015-03-09,1678085998
2015-03-10,1690678486
2015-03-11,1724075956
2015-03-12,1744880938
2015-03-13,1719148461
2015-03-16,1749260934
2015-03-17,1788680899
2015-03-18,1873543323
2015-03-19,1922270779
2015-03-20,1848905845
2015-03-23,1817150873
2015-03-24,1731193450
2015-03-25,1668231006
2015-03-26,1742690940
2015-03-27,1743238439
2015-03-30,1756925927
2015-03-31,1828638953
2015-04-01,1805823744
2015-04-02,1796697661
2015-04-06,1823505531
2015-04-07,1845750359
2015-04-08,1841187317
2015-04-09,1823505531
2015-04-10,1812097927
2015-04-13,1794986520
2015-04-14,1739089260
2015-04-15,1773882453
2015-04-16,1757911807
2015-04-17,1717414812
2015-04-20,1836624276
2015-04-21,1888528875
2015-04-22,1879402791
2015-04-23,1885106594
2015-04-24,1877121271
2015-04-27,1837194656
2015-04-28,1877121271
2015-04-29,1846891119
2015-04-30,1802971843
2015-05-01,1821224010
2015-05-04,1879973172
2015-05-05,1787001197
2015-05-06,1885106594
2015-05-07,2015153281
2015-05-08,2036257349
2015-05-11,2183985824
2015-05-12,2221630917
2015-05-13,2176000501
2015-05-14,2238171944
2015-05-15,2012871761
2015-05-18,2016294042
2015-05-19,2034546209
2015-05-20,2041961151
2015-05-21,2065346740
2015-05-22,2034546209
2015-05-26,2006027198
2015-05-27,2007167958
2015-05-28,1979789708
2015-05-29,1982641609
2015-06-01,1982071229
2015-06-02,2018005182
2015-06-03,2015153281
2015-06-04,2009449479
2015-06-05,2019145943
2015-06-08,2070480162
2015-06-09,2056791037
2015-06-10,2055079896
2015-06-11,2039679630
2015-06-12,2048805714
2015-06-15,2081317386
2015-06-16,2181133923
2015-06-17,2176000501
2015-06-18,2187978485
2015-06-19,2150903771
2015-06-22,2187408105
2015-06-23,2172578219
2015-06-24,2096147271
2015-06-25,2131510844
2015-06-26,2039109250
2015-06-29,1960967161
2015-06-30,1948280858
2015-07-01,1967107584
2015-07-02,1941434776
2015-07-06,1966537077
2015-07-07,1912338927
2015-07-08,1901499297
2015-07-09,1951133392
2015-07-10,1965966570
2015-07-13,1971671639
2015-07-14,2002479008
2015-07-15,1986504816
2015-07-16,2003620022
2015-07-17,2000767487
2015-07-20,2038420939
2015-07-21,2028722323
2015-07-22,2037850432
2015-07-23,2050972089
2015-07-24,1925460585
2015-07-27,1802801614
2015-07-28,1783974888
2015-07-29,1823339860
2015-07-30,1838173038
2015-07-31,1825621888
2015-08-03,1793673504
2015-08-04,1828474422
2015-08-05,2159368389
2015-08-06,2108593280
2015-08-07,2134266088
2015-08-10,2153663321
2015-08-11,2168496498
2015-08-12,2141682677
2015-08-13,2161079909
2015-08-14,2187893731
2015-08-17,2333943482
2015-08-18,2282027360
2015-08-19,2286020907
2015-08-20,2191316772
2015-08-21,2163932444
2015-08-24,2137118622
2015-08-25,2106311253
2015-08-26,2179336128
2015-08-27,2192457786
2015-08-28,2185611704
2015-08-31,2198733361
2015-09-01,2125137979
2015-09-02,2169637512
2015-09-03,2144535211
2015-09-04,2096612637
2015-09-08,2167355485
2015-09-09,2159938896
2015-09-10,2153663321
2015-09-11,2191316772
2015-09-14,2211284511
2015-09-15,2316257770
2015-09-16,2167925992
2015-09-17,2164502950
2015-09-18,2158227375
2015-09-21,2169637512
2015-09-22,2153663321
2015-09-23,2170778526
2015-09-24,2055536144
2015-09-25,1957408968
2015-09-28,1940864269
2015-09-29,1971101132
2015-09-30,2050819633
2015-10-01,2054817332
2015-10-02,2115925018
2015-10-05,2189596901
2015-10-06,2179888203
2015-10-07,2250133487
2015-10-08,2247849088
2015-10-09,2303245775
2015-10-12,2312954473
2015-10-13,2248991288
2015-10-14,2270121983
2015-10-15,2306672374
2015-10-16,2390624055
2015-10-19,2332371869
2015-10-20,2202732198
2015-10-21,2186741402
2015-10-22,2206158797
2015-10-23,2151904310
2015-10-26,2137055713
2015-10-27,2065097129
2015-10-28,2225005093
2015-10-29,2221007394
2015-10-30,2170750605
2015-11-02,2226147293
2015-11-03,2235855991
2015-11-04,2611639705
2015-11-05,2529972424
2015-11-06,2563096216
2015-11-09,2482000035
2015-11-10,2462582639
2015-11-11,2485997734
2015-11-12,2532827923
2015-11-13,2343793866
2015-11-16,2354073664
2015-11-17,2374633259
2015-11-18,2398619454
2015-11-19,2434598745
2015-11-20,2409470351
2015-11-23,2383199757
2015-11-24,2442023044
2015-11-25,2468293638
2015-11-27,2494564232
2015-11-30,2489995433
2015-12-01,2520834826
2015-12-02,2365495661
2015-12-03,2290681578
2015-12-04,2293537077
2015-12-07,2254702286
2015-12-08,2227289493
2015-12-09,2162755207
2015-12-10,2209014297
2015-12-11,2154188709
2015-12-14,2139340113
2015-12-15,2207872097
2015-12-16,2207300997
2015-12-17,2165039607
2015-12-18,2157044208
2015-12-21,2200447799
2015-12-22,2198734499
2015-12-23,2241566989
2015-12-24,2198734499
2015-12-28,2198734499
2015-12-29,2211298696
2015-12-30,2188454701
2015-12-31,2149911365
2016-01-04,2055070736
2016-01-05,1992224536
2016-01-06,1999080485
2016-01-07,2030503585
2016-01-08,1900240553
2016-01-11,1883100680
2016-01-12,1898526566
2016-01-13,1765406888
2016-01-14,1817397835
2016-01-15,1829395746
2016-01-19,1773405495
2016-01-20,1760836255
2016-01-21,1795116000
2016-01-22,1845392960
2016-01-25,1784832077
2016-01-26,1742553724
2016-01-27,1644285121
2016-01-28,1669423600
2016-01-29,1722557206
2016-02-01,1790545368
2016-02-02,1765406888
2016-02-03,1729413155
2016-02-04,1769406191
2016-02-05,1514593417
2016-02-08,1384901714
2016-02-09,1285490452
2016-02-10,1347193994
2016-02-11,1391757663
2016-02-12,1390043675
2016-02-16,1487740950
2016-02-17,1557443099
2016-02-18,1588866199
2016-02-19,1596864806
2016-02-22,1672280246
2016-02-23,1674565562
2016-02-24,1725985180
2016-02-25,1728841826
2016-02-26,1819111822
2016-02-29,1821397138
2016-03-01,1893384604
2016-03-02,1900240553
2016-03-03,1864246820
2016-03-04,1868817453
2016-03-07,1888813971
2016-03-08,1821397138
2016-03-09,1845964289
2016-03-10,1804257266
2016-03-11,1831109733
2016-03-14,1870531440
2016-03-15,1807113911
2016-03-16,1849963593
2016-03-17,1912238464
2016-03-18,1936805615
2016-03-21,1945375551
2016-03-22,1939090931
2016-03-23,1919094413
2016-03-24,1925379033
2016-03-28,1947089538
2016-03-29,2000794473
2016-03-30,2013363713
2016-03-31,2050259393
2016-04-01,2040468829
2016-04-04,2061777704
2016-04-05,1982877273
2016-04-06,2045652069
2016-04-07,1966751637
2016-04-08,1975390370
2016-04-11,1908584165
2016-04-12,1932772619
2016-04-13,2005337979
2016-04-14,2018584037
2016-04-15,1998426993
2016-04-18,2046227984
2016-04-19,2111306442
2016-04-20,2122824754
2016-04-21,2157955603
2016-04-22,2154500109
2016-04-25,2107275034
2016-04-26,2137222643
2016-04-27,2185599550
2016-04-28,2203452932
2016-04-29,2200573354
2016-05-02,2243191106
2016-05-03,2204604763
2016-05-04,2306541817
2016-05-05,2228217301
2016-05-06,2157379687
2016-05-09,2219578568
2016-05-10,2283505195
2016-05-11,2278897870
2016-05-12,2236856035
2016-05-13,2262196319
2016-05-16,2301358577
2016-05-17,2269107306
2016-05-18,2346279991
2016-05-19,2309997311
2016-05-20,2354342809
2016-05-23,2349159569
2016-05-24,2398688307
2016-05-25,2292719844
2016-05-26,2375651685
2016-05-27,2352039147
2016-05-31,2329002524
2016-06-01,2365285204
2016-06-02,2367012951
2016-06-03,2358374218
2016-06-06,2349735484
2016-06-07,2379683093
2016-06-08,2396384645
2016-06-09,2384866333
2016-06-10,2365285204
2016-06-13,2371620276
2016-06-14,2384290418
2016-06-15,2425180423
2016-06-16,2417693520
2016-06-17,2410782534
2016-06-20,2443609721
2016-06-21,2453400285
2016-06-22,2404447463
2016-06-23,2485651556
2016-06-24,2353766893
2016-06-27,2264499981
2016-06-28,2326122946
2016-06-29,2398688307
2016-06-30,2498390706
2016-07-01,2519784007
2016-07-05,2509376455
2016-07-06,2546381085
2016-07-07,2593215069
2016-07-08,2629641502
2016-07-11,2662598750
2016-07-12,2688039433
2016-07-13,2639470857
2016-07-14,2674162697
2016-07-15,2671271710
2016-07-18,2700759775
2016-07-19,2676475486
2016-07-20,2740077194
2016-07-21,2620968542
2016-07-22,2706541748
2016-07-25,2720418484
2016-07-26,2734873418
2016-07-27,2733717023
2016-07-28,2756844917
2016-07-29,2729669642
2016-08-01,2764939679
2016-08-02,2737186207
2016-08-03,2948228236
2016-08-04,2965574156
2016-08-05,2977716301
2016-08-08,2933773303
2016-08-09,2914692790
2016-08-10,2897346870
2016-08-11,2912958198
2016-08-12,2936086092
2016-08-15,2961526775
2016-08-16,2932038711
2016-08-17,2855716662
2016-08-18,2858029451
2016-08-19,2832010571
2016-08-22,2841839926
2016-08-23,2889252107
2016-08-24,2918161974
2016-08-25,2955166604
2016-08-26,2964995959
2016-08-29,2959213986
2016-08-30,2975403511
2016-08-31,2968465143
2016-09-01,2969043340
2016-09-02,3012408141
2016-09-06,3006626168
2016-09-07,3030910456
2016-09-08,3008360760
2016-09-09,2862076833
2016-09-12,2895034081
2016-09-13,2782863797
2016-09-14,2779394613
2016-09-15,2823915808
2016-09-16,2807726283
2016-09-19,2726778655
2016-09-20,2689774025
2016-09-21,2770721653
2016-09-22,2904863436
2016-09-23,2890408502
2016-09-26,2915849185
2016-09-27,2953432012
2016-09-28,2918161974
2016-09-29,2890408502
2016-09-30,2890121379
2016-10-03,2877437822
2016-10-04,2844575879
2016-10-05,2815173088
2016-10-06,2877437822
2016-10-07,2861871638
2016-10-10,2912029340
2016-10-11,2843999354
2016-10-12,2862448164
2016-10-13,2878590872
2016-10-14,2865330790
2016-10-17,2872249094
2016-10-18,2883203075
2016-10-19,2833045373
2016-10-20,2810560886
2016-10-21,2880896974
2016-10-24,3023298725
2016-10-25,2995625510
2016-10-26,2982365428
2016-10-27,2920100695
2016-10-28,2977176700
2016-10-31,2982365428
2016-11-01,2997931612
2016-11-02,2519415604
2016-11-03,2486553662
2016-11-04,2477905782
2016-11-07,2571879407
2016-11-08,2633567616
2016-11-09,2439278586
2016-11-10,2269203620
2016-11-11,2393733087
2016-11-14,2408146219
2016-11-15,2397192238
2016-11-16,2491742389
2016-11-17,2501543320
2016-11-18,2524604332
2016-11-21,2519992130
2016-11-22,2487130187
2016-11-23,2495201541
2016-11-25,2497507642
2016-11-28,2465798750
2016-11-29,2520568655
2016-11-30,2586869065
2016-12-01,2456574345
2016-12-02,2510191199
2016-12-05,2559772376
2016-12-06,2648557274
2016-12-07,2692949723
2016-12-08,2700444552
2016-12-09,2705056754
2016-12-12,2653746001
2016-12-13,2623190160
2016-12-14,2615118806
2016-12-15,2576491610
2016-12-16,2647404223
2016-12-19,2677383539
2016-12-20,2669312185
2016-12-21,2637026767
2016-12-22,2570149831
2016-12-23,2634720666
2016-12-27,2703903703
2016-12-28,2658358204
2016-12-29,2659511255
2016-12-30,2622613635
2017-01-03,2663064979
2017-01-04,2712922232
2017-01-05,2693437789
2017-01-06,2721518310
2017-01-09,2773667850
2017-01-10,2762779485
2017-01-11,2796017653
2017-01-12,2755902622
2017-01-13,2792006150
2017-01-17,2745014257
2017-01-18,2754756479
2017-01-19,2743868113
2017-01-20,2818940528
2017-01-23,2859055559
2017-01-24,2883697649
2017-01-25,2865932421
2017-01-26,2786275431
2017-01-27,2820086672
2017-01-30,2696876220
2017-01-31,2649884326
2017-02-01,2517504724
2017-02-02,2539854527
2017-02-03,2635557530
2017-02-06,2555900540
2017-02-07,2601746289
2017-02-08,2593723283
2017-02-09,2941004836
2017-02-10,2998885095
2017-02-13,2970804574
2017-02-14,2991435161
2017-02-15,3025246401
2017-02-16,3004042742
2017-02-17,3059057642
2017-02-21,3043584701
2017-02-22,3068799863
2017-02-23,3098026529
2017-02-24,3169087441
2017-02-27,3135276200
2017-02-28,3084845876
2017-03-01,3192583387
2017-03-02,3163356722
2017-03-03,3237856065
2017-03-06,3247598287
2017-03-07,3252182862
2017-03-08,3210921687
2017-03-09,3200606393
2017-03-10,3219517765
2017-03-13,3235563778
2017-03-14,3212640903
2017-03-15,3226967699
2017-03-16,3243013712
2017-03-17,3236136849
2017-03-20,3234417634
2017-03-21,3144445350
2017-03-22,3167941297
2017-03-23,3099745744
2017-03-24,3148456853
2017-03-27,3201752537
2017-03-28,3236709921
2017-03-29,3264790443
2017-03-30,3277398024
2017-03-31,3329766544
2017-04-03,3345978240
2017-04-04,3359294990
2017-04-05,3314133837
2017-04-06,3352347120
2017-04-07,3349452174
2017-04-10,3323397663
2017-04-11,3355821055
2017-04-12,3350610153
2017-04-13,3343083294
2017-04-17,3377243653
2017-04-18,3418351882
2017-04-19,3441511448
2017-04-20,3444406393
2017-04-21,3432247621
2017-04-24,3475092818
2017-04-25,3502884297
2017-04-26,3472197872
2017-04-27,3499989351
2017-04-28,3488409568
2017-05-01,3517938014
2017-05-02,3504042275
2017-05-03,3665001256
2017-05-04,3681212952
2017-05-05,3747217714
2017-05-08,3770377279
2017-05-09,3732742985
2017-05-10,3731585007
2017-05-11,3710162409
2017-05-12,3764008399
2017-05-15,3787167964
2017-05-16,3796431790
2017-05-17,3659211364
2017-05-18,3718268257
2017-05-19,3757060529
2017-05-22,3763429410
2017-05-23,3740269844
2017-05-24,3768640312
2017-05-25,3816117421
2017-05-26,3819012367
2017-05-30,3825960237
2017-05-31,3788904932
2017-06-01,3885596118
2017-06-02,3929599293
2017-06-05,3955653804
2017-06-06,3945810989
2017-06-07,3974181456
2017-06-08,3995604055
2017-06-09,3795852801
2017-06-12,3854330704
2017-06-13,3908176695
2017-06-14,3854909694
2017-06-15,3939442108
2017-06-16,4015868675
2017-06-19,4101559067
2017-06-20,4073188599
2017-06-21,4144404264
2017-06-22,4156563036
2017-06-23,4228357689
2017-06-26,4155405057
2017-06-27,4018763620
2017-06-28,4036712284
2017-06-29,3910492651
2017-06-30,3968000417
2017-07-03,3827632619
2017-07-05,3869974971
2017-07-06,3852574005
2017-07-07,3923337936
2017-07-10,3891436163
2017-07-11,3957559837
2017-07-12,4048624895
2017-07-13,3972060642
2017-07-14,3987141480
2017-07-17,4002222318
2017-07-18,4023683510
2017-07-19,4036444218
2017-07-20,4063125701
2017-07-21,4039344380
2017-07-24,4158831017
2017-07-25,4117068697
2017-07-26,4104888020
2017-07-27,4017303155
2017-07-28,4086907022
2017-07-31,4065445829
2017-08-01,4129249374
2017-08-02,3950599450
2017-08-03,4024843574
2017-08-04,4030063864
2017-08-07,4059645507
2017-08-08,4054425217
2017-08-09,4032964025
2017-08-10,3951179482
2017-08-11,3999902189
2017-08-14,4119968858
2017-08-15,4148970469
2017-08-16,4142010083
2017-08-17,4086326989
2017-08-18,4074726345
2017-08-21,4133889631
2017-08-22,4282957912
2017-08-23,4291078363
2017-08-24,4260916688
2017-08-25,4220894464
2017-08-28,4219154368
2017-08-29,4172171758
2017-08-30,4254536333
2017-08-31,4327620393
2017-09-01,4336900908
2017-09-05,4329940522
2017-09-06,4251056140
2017-09-07,4284117976
2017-09-08,4270777235
2017-09-11,4365902519
2017-09-12,4334580780
2017-09-13,4345601392
2017-09-14,4347921521
2017-09-15,4338060973
2017-09-18,4354881907
2017-09-19,4337480941
2017-09-20,4339801070
2017-09-21,4396064195
2017-09-22,4412885129
2017-09-25,4304999136
2017-09-26,4260336655
2017-09-27,4350821682
2017-09-28,4335740844
2017-09-29,4347921521
2017-10-02,4347052549
2017-10-03,4360415582
2017-10-04,4326136498
2017-10-05,4417353720
2017-10-06,4519609968
2017-10-09,4544012027
2017-10-10,4555632055
2017-10-11,4578291110
2017-10-12,4604436174
2017-10-13,4641620264
2017-10-16,4589330137
2017-10-17,4582939122
2017-10-18,4623609220
2017-10-19,4603855172
2017-10-20,4652078289
2017-10-23,4617799206
2017-10-24,4652078289
2017-10-25,4634648247
2017-10-26,4704949418
2017-10-27,4764792563
2017-10-30,4655564298
2017-10-31,4775831590
2017-11-01,4491140899
2017-11-02,4605598177
2017-11-03,4664860320
2017-11-06,4756658543
2017-11-07,4640458261
2017-11-08,4613732196
2017-11-09,4559699065
2017-11-10,4584101124
2017-11-13,4617799206
2017-11-14,4641620264
2017-11-15,4560861068
2017-11-16,4731094481
2017-11-17,4763630560
2017-11-20,4847875765
2017-11-21,4946646004
2017-11-22,4925729953
2017-11-24,4972791068
2017-11-27,4887964862
2017-11-28,4911204918
2017-11-29,4697396399
2017-11-30,4764211562
2017-12-01,4678804354
2017-12-04,4453956809
2017-12-05,4430716752
2017-12-06,4476615864
2017-12-07,4547498036
2017-12-08,4570157091
2017-12-11,4621285215
2017-12-12,4527162986
2017-12-13,4616056202
2017-12-14,4623028219
2017-12-15,4725865468
2017-12-18,4808948670
2017-12-19,4793842633
2017-12-20,4783384608
2017-12-21,4744457514
2017-12-22,4689843381
2017-12-26,4689262380
2017-12-27,4722379460
2017-12-28,4691586385
2017-12-29,4667184326
2018-01-02,4648870770
2018-01-03,4682968653
2018-01-04,4803178141
2018-01-05,4847678769
2018-01-08,4891601466
2018-01-09,4896224908
2018-01-10,4876575280
2018-01-11,4883510443
2018-01-12,5129130791
2018-01-16,5025103349
2018-01-17,5106013582
2018-01-18,5150514209
2018-01-19,5270145767
2018-01-22,5334873953
2018-01-23,5315802255
2018-01-24,5234314093
2018-01-25,5195014837
2018-01-26,5371283557
2018-01-29,5354523580
2018-01-30,5282282302
2018-01-31,5296152627
2018-02-01,5211196883
2018-02-02,5117572186
2018-02-05,4858659443
2018-02-06,5005453722
2018-02-07,4883510443
2018-02-08,4791041606
2018-02-09,4817048467
2018-02-12,4884088373
2018-02-13,5137799744
2018-02-14,5321581557
2018-02-15,5490915115
2018-02-16,5484557882
2018-02-20,5534259882
2018-02-21,5526168859
2018-02-22,5554487440
2018-02-23,5687989323
2018-02-26,5749827858
2018-02-27,5757340951
2018-02-28,5716885835
2018-03-01,5707638951
2018-03-02,5924362787
2018-03-05,6028968159
2018-03-06,6117969414
2018-03-07,6212749972
2018-03-08,6319089134
2018-03-09,6354920809
2018-03-12,6368791134
2018-03-13,6329491878
2018-03-14,6429473808
2018-03-15,6346829785
2018-03-16,6356076669
2018-03-19,6243958204
2018-03-20,6420804855
2018-03-21,6531189529
2018-03-22,6399421436
2018-03-23,6171716926
2018-03-26,6580313598
2018-03-27,6219685135
2018-03-28,6078670159
2018-03-29,6206392739
2018-04-02,6008139970
2018-04-03,6059615178
2018-04-04,6238910845
2018-04-05,6281132083
2018-04-06,6199003100
2018-04-09,6234283860
2018-04-10,6422255124
2018-04-11,6493395018
2018-04-12,6446546795
2018-04-13,6359790827
2018-04-16,6478357317
2018-04-17,6710863311
2018-04-18,6802824637
2018-04-19,6753084549
2018-04-20,6695247237
2018-04-23,6597502179
2018-04-24,6393914841
2018-04-25,6407217423
2018-04-26,6558751180
2018-04-27,6563956538
2018-04-30,6605599403
2018-05-01,6511902958
2018-05-02,6037058626
2018-05-03,6079858237
2018-05-04,6205365204
2018-05-07,6264937635
2018-05-08,6302531888
2018-05-09,6304267008
2018-05-10,6334342410
2018-05-11,6210570562
2018-05-14,5899984197
2018-05-15,5874535779
2018-05-16,5880319511
2018-05-17,5881476257
2018-05-18,5987318538
2018-05-21,5939891942
2018-05-22,5837519900
2018-05-23,5886681615
2018-05-24,5960135001
2018-05-25,6016237194
2018-05-29,6017972313
2018-05-30,6074074506
2018-05-31,6100101296
2018-06-01,6105885027
2018-06-04,6241802711
2018-06-05,6354007096
2018-06-06,6329715425
2018-06-07,5959556628
2018-06-08,6100101296
2018-06-11,6167770951
2018-06-12,6388131110
2018-06-13,6461584496
2018-06-14,6574367255
2018-06-15,6513638077
2018-06-18,6600972418
2018-06-19,6574945628
2018-06-20,6515373196
2018-06-21,6352271976
2018-06-22,6201316592
2018-06-25,5809179617
2018-06-26,5879741137
2018-06-27,5625835338
2018-06-28,5785466319
2018-06-29,5716061544
2018-07-02,5844260219
2018-07-03,5811355949
2018-07-05,5851764702
2018-07-06,5973568229
2018-07-09,6053808467
2018-07-10,6092485416
2018-07-11,6173302922
2018-07-12,6379387562
2018-07-13,6360914990
2018-07-16,6339556077
2018-07-17,6392087456
2018-07-18,6415178172
2018-07-19,6440000692
2018-07-20,6451546050
2018-07-23,6508695572
2018-07-24,6343019685
2018-07-25,6500613821
2018-07-26,6504654697
2018-07-27,6235070587
2018-07-30,5952786584
2018-07-31,6133471437
2018-08-01,7270111932
2018-08-02,7794848453
2018-08-03,7667272247
2018-08-06,7763098719
2018-08-07,7758480576
2018-08-08,7783880363
2018-08-09,7726730841
2018-08-10,7836989010
2018-08-13,7770025934
2018-08-14,7960524341
2018-08-15,7826598188
2018-08-16,7981305985
2018-08-17,8074246117
2018-08-20,8174690731
2018-08-21,8315544099
2018-08-22,8390588926
2018-08-23,8442543037
2018-08-24,8713281682
2018-08-27,8743876881
2018-08-28,8794099188
2018-08-29,8885884784
2018-08-30,8820076244
2018-08-31,8954579664
2018-09-04,9018079133
2018-09-05,8567810171
2018-09-06,8776781151
2018-09-07,8999606561
2018-09-10,9061951494
2018-09-11,9178559610
2018-09-12,9170477859
2018-09-13,9356935391
2018-09-14,9427939342
2018-09-17,9086196746
2018-09-18,9102937515
2018-09-19,8868566747
2018-09-20,8859907729
2018-09-21,8869721283
2018-09-24,8945920646
2018-09-25,9179714145
2018-09-26,8934375288
2018-09-27,8946497914
2018-09-28,8971320433
2018-10-01,8669685024
2018-10-02,8446618857
2018-10-03,8485712928
2018-10-04,8089023095
2018-10-05,7994162484
2018-10-08,7748099805
2018-10-09,7749824544
2018-10-10,7391078956
2018-10-11,7250800233
2018-10-12,7524458726
2018-10-15,7464667795
2018-10-16,7822263556
2018-10-17,7848134632
2018-10-18,7683134659
2018-10-19,7526758377
2018-10-22,7690033612
2018-10-23,7577350704
2018-10-24,7099023254
2018-10-25,7323239246
2018-10-26,7132368196
2018-10-29,7121444853
2018-10-30,7450294975
2018-10-31,7197908256
2018-11-01,7214580727
2018-11-02,7193308953
2018-11-05,7142141714
2018-11-06,7080626044
2018-11-07,7372106834
2018-11-08,7320364682
2018-11-09,7299667821
2018-11-12,7047856015
2018-11-13,7111671336
2018-11-14,7066828137
2018-11-15,7169162616
2018-11-16,7107072033
2018-11-19,6506863070
2018-11-20,6554005920
2018-11-21,6901253251
2018-11-23,6850086012
2018-11-26,7061653922
2018-11-27,6984615607
2018-11-28,7476740964
2018-11-29,7552629453
2018-11-30,7633117245
2018-12-03,7745800154
2018-12-04,7531357680
2018-12-06,7679110269
2018-12-07,7453169539
2018-12-10,7572751401
2018-12-11,7567002273
2018-12-12,7737751375
2018-12-13,7667037100
2018-12-14,7509510993
2018-12-17,7091549388
2018-12-18,7178936133
2018-12-19,7108796772
2018-12-20,6873657436
2018-12-21,6612072112
2018-12-24,6412577371
2018-12-26,6911601681
2018-12-27,6999563340
2018-12-28,6970242787
2018-12-31,7023364650
2019-01-02,6865632900
2019-01-03,6682090500
2019-01-04,6941344140
2019-01-07,7118577270
2019-01-08,7292368980
2019-01-09,7368653790
2019-01-10,7376683770
2019-01-11,7301546100
2019-01-14,7144961490
2019-01-15,7500574890
2019-01-16,7535562660
2019-01-17,7583742540
2019-01-18,7814317680
2019-01-22,7831524780
2019-01-23,7859056140
2019-01-24,7943370930
2019-01-25,8204918850
2019-01-28,8259408000
2019-01-29,8125766189
2019-01-30,8348884920
2019-01-31,8502601680
2019-02-01,8652303450
2019-02-04,8945397720
2019-02-05,9002754720
2019-02-06,9701362980
2019-02-07,9645726690
2019-02-08,10092537720
2019-02-11,9877448970
2019-02-12,9942262380
2019-02-13,9926202420
2019-02-14,10231341660
2019-02-15,10465931790
2019-02-19,10299022920
2019-02-20,10154483280
2019-02-21,10262888010
2019-02-22,10569747960
2019-02-25,10400544810
2019-02-26,10348923510
2019-02-27,10480271040
2019-02-28,10423487610
2019-03-01,10427502600
2019-03-04,10176278940
2019-03-05,10242239490
2019-03-06,10074183480
2019-03-07,10108024110
2019-03-08,10214134560
2019-03-11,10390794120
2019-03-12,10455607530
2019-03-13,10383337710
2019-03-14,10516405950
2019-03-15,10435532580
2019-03-18,10421193330
2019-03-19,10503213840
2019-03-20,10437253290
2019-03-21,10900697850
2019-03-22,10390794120
2019-03-25,10542790170
2019-03-26,10651768470
2019-03-27,10494610290
2019-03-28,10707978330
2019-03-29,10847929410
2019-04-01,10954229320
2019-04-02,10979559680
2019-04-03,10955956390
2019-04-04,10574849610
2019-04-05,10562760120
2019-04-08,10607088250
2019-04-09,10612269460
2019-04-10,10799368710
2019-04-11,10856362020
2019-04-12,10866724440
2019-04-15,10947321040
2019-04-16,10874208410
2019-04-17,10761948860
2019-04-18,10877662550
2019-04-22,10949048110
2019-04-23,11204078780
2019-04-24,11087789400
2019-04-25,11314611260
2019-04-26,11517829830
2019-04-29,11400964760
2019-04-30,11659449570
2019-05-01,11597850740
2019-05-02,11598426430
2019-05-03,11910450410
2019-05-06,11943264740
2019-05-07,11623181100
2019-05-08,11787252750
2019-05-09,11968019410
2019-05-10,11996803910
2019-05-13,11355485250
2019-05-14,11702626320
2019-05-15,11766527910
2019-05-16,12207506450
2019-05-17,12132666750
2019-05-20,11933478010
2019-05-21,12293859950
2019-05-22,12266226830
2019-05-23,11903542130
2019-05-24,11987592870
2019-05-28,11985290110
2019-05-29,11862092450
2019-05-30,12039980660
2019-05-31,12210384900
2019-06-03,11360666460
2019-06-04,12033072380
2019-06-05,12479232130
2019-06-06,12619700490
2019-06-07,12806224050
2019-06-10,12775136790
2019-06-11,12309979270
2019-06-12,12319766000
2019-06-13,12593794440
2019-06-14,12339339460
2019-06-17,12637546880
2019-06-18,12804496980
2019-06-19,13004261410
2019-06-20,13249505350
2019-06-21,13140124250
2019-06-24,12996201750
2019-06-25,12570191150
2019-06-26,12482110580
2019-06-27,12927694640
2019-06-28,13052043680
2019-07-01,13087458000
2019-07-02,13428769680
2019-07-03,13591353960
2019-07-05,13796602200
2019-07-08,13782765240
2019-07-09,13832347680
2019-07-10,14094673380
2019-07-11,14060080980
2019-07-12,14046820560
2019-07-15,14031830520
2019-07-16,13835230380
2019-07-17,13975906140
2019-07-18,13955150700
2019-07-19,13422427740
2019-07-22,13487000220
2019-07-23,13369386060
2019-07-24,13556185020
2019-07-25,13555608480
2019-07-26,13560220800
2019-07-29,13237934940
2019-07-30,13180857480
2019-07-31,13880200500
2019-08-01,13714733520
2019-08-02,13636324080
2019-08-05,12751335180
2019-08-06,12990022740
2019-08-07,13329604800
2019-08-08,13864057380
2019-08-09,13872705480
2019-08-12,13785071400
2019-08-13,14043361320
2019-08-14,13393024200
2019-08-15,13556761560
2019-08-16,13918828680
2019-08-19,14047973640
2019-08-20,14238808380
2019-08-21,14523042600
2019-08-22,14332784400
2019-08-23,14350657140
2019-08-26,14568012720
2019-08-27,14707535400
2019-08-28,14599722420
2019-08-29,14649881400
2019-08-30,14420418480
2019-09-03,14083142580
2019-09-04,14291273520
2019-09-05,14568589260
2019-09-06,14391591480
2019-09-09,13186622880
2019-09-10,12183443280
2019-09-11,11917081800
2019-09-12,12252051540
2019-09-13,12087737640
2019-09-16,12181713660
2019-09-17,12422707380
2019-09-18,12457299780
2019-09-19,12644675280
2019-09-20,12450957840
2019-09-23,12536285760
2019-09-24,12045650220
2019-09-25,12179984040
2019-09-26,12239944200
2019-09-27,11899785600
2019-09-30,12078983910
2019-10-01,11989612460
2019-10-02,11795301630
2019-10-03,12058226670
2019-10-04,12355747110
2019-10-07,12356323700
2019-10-08,11970008400
2019-10-09,12414559290
2019-10-10,12349404620
2019-10-11,12686709770
2019-10-14,12708043600
2019-10-15,12735719920
2019-10-16,12230050490
2019-10-17,12119345210
2019-10-18,11703623820
2019-10-21,11879483770
2019-10-22,10989805400
2019-10-23,11221017990
2019-10-24,11733606500
2019-10-25,12089362530
2019-10-28,12055343720
2019-10-29,12059956440
2019-10-30,12281367000
2019-10-31,12196608270
2019-11-01,12356900290
2019-11-04,12226590950
2019-11-05,12269835200
2019-11-06,12313656040
2019-11-07,12281367000
2019-11-08,12593878780
2019-11-11,12694205440
2019-11-12,12800298000
2019-11-13,13066682580
2019-11-14,13307697200
2019-11-15,13420132250
2019-11-18,13564856340
2019-11-19,13808753910
2019-11-20,15044962870
2019-11-21,15075522139
2019-11-22,15182191290
2019-11-25,15408791160
2019-11-26,15804331900
2019-11-27,16124915940
2019-11-29,15960587790
2019-12-02,15512577360
2019-12-03,15592723370
2019-12-04,15562740690
2019-12-05,15483171269
2019-12-06,15498162610
2019-12-09,15498739200
2019-12-10,15308464500
2019-12-11,15110694130
2019-12-12,14673062320
2019-12-13,14817786410
2019-12-16,14961357320
2019-12-17,14790110090
2019-12-18,14953285059
2019-12-19,15092819840
2019-12-20,15195452860
2019-12-23,15280788179
2019-12-24,15258877760
2019-12-26,15494126480
2019-12-27,15503928510
2019-12-30,15130874780
2019-12-31,15264737800
2020-01-02,15670629000
2020-01-03,15723095049
2020-01-06,16033278949
2020-01-07,16113995950
2020-01-08,16323283600
2020-01-09,16448394950
2020-01-10,16465114900
2020-01-13,17033016650
2020-01-14,16518734050
2020-01-15,16667483949
2020-01-16,16968443050
2020-01-17,17079717200
2020-01-21,17283815900
2020-01-22,17485608400
2020-01-23,18152676750
2020-01-24,18150370550
2020-01-27,18018917150
2020-01-28,18368306450
2020-01-29,18567792750
2020-01-30,18773621100
2020-01-31,18343514800
2020-02-03,18649662850
2020-02-04,19472399700
2020-02-05,18593737500
2020-02-06,16760885049
2020-02-07,16923472149
2020-02-10,17180613450
2020-02-11,16994387800
2020-02-12,17086635800
2020-02-13,17486184950
2020-02-14,18128461650
2020-02-18,18343514800
2020-02-19,18707894400
2020-02-20,17892076150
2020-02-21,17318985450
2020-02-24,17052619349
2020-02-25,16657106050
2020-02-26,16830647600
2020-02-27,16221810800
2020-02-28,16296185749
2020-03-02,16832953799
2020-03-03,16276006500
2020-03-04,16932696950
2020-03-05,16273700300
2020-03-06,15434820049
2020-03-09,13885630200
2020-03-10,13807219400
2020-03-11,12723305400
2020-03-12,11068606900
2020-03-13,13065776100
2020-03-16,11315946850
2020-03-17,12496721250
2020-03-18,11092245450
2020-03-19,11389745250
2020-03-20,11116460550
2020-03-23,10316785700
2020-03-24,11624401100
2020-03-25,12145025750
2020-03-26,13215102550
2020-03-27,12046435700
2020-03-30,12287433600
2020-03-31,11629311680
2020-04-01,10790545920
2020-04-02,10434775680
2020-04-03,9499295680
2020-04-06,10468740800
2020-04-07,10708799360
2020-04-08,11662125440
2020-04-09,12779520320
2020-04-13,12454836800
2020-04-14,13154863680
2020-04-15,13033395200
2020-04-16,11899881280
2020-04-17,12952224320
2020-04-20,12800820480
2020-04-21,11985657600
2020-04-22,12534856320
2020-04-23,12185418560
2020-04-24,12192902400
2020-04-27,13016124800
2020-04-28,13625769920
2020-04-29,15543360000
2020-04-30,15026399359
2020-05-01,13911882880
2020-05-04,14283772160
2020-05-05,14793824640
2020-05-06,14682142720
2020-05-07,15475429760
2020-05-08,15660223039
2020-05-11,15790326720
2020-05-12,15166289600
2020-05-13,14006870080
2020-05-14,14553766080
2020-05-15,15064394240
2020-05-18,16343555199
2020-05-19,16101193920
2020-05-20,15743120960
2020-05-21,15789751039
2020-05-22,15505940800
2020-05-26,16136310400
2020-05-27,16525470080
2020-05-28,16534105279
2020-05-29,17110936640
2020-06-01,17593356480
2020-06-02,17664165120
2020-06-03,17672224640
2020-06-04,17452890560
2020-06-05,18984775040
2020-06-08,19056159360
2020-06-09,18859276800
2020-06-10,19083792000
2020-06-11,17021706240
2020-06-12,17431590400
2020-06-15,17714824960
2020-06-16,17998059520
2020-06-17,17789663360
2020-06-18,18208758400
2020-06-19,18315834880
2020-06-22,18574890880
2020-06-23,18976715520
2020-06-24,17994029760
2020-06-25,18251358720
2020-06-26,17637108160
2020-06-29,17291124480
2020-06-30,17841377190
2020-07-01,18447936780
2020-07-02,18519364500
2020-07-06,18514180230
2020-07-07,18071789190
2020-07-08,18383421420
2020-07-09,18087918030
2020-07-10,17799327000
2020-07-13,16719270750
2020-07-14,16499803320
2020-07-15,16946226570
2020-07-16,16722150900
2020-07-17,16996917210
2020-07-20,17442188400
2020-07-21,16929521699
2020-07-22,17169150180
2020-07-23,16773993600
2020-07-24,16530332910
2020-07-27,16721574870
2020-07-28,16519964370
2020-07-29,16959475260
2020-07-30,16504987589
2020-07-31,16380565110
2020-08-03,16594272240
2020-08-04,16445656500
2020-08-05,17398986150
2020-08-06,17203711980
2020-08-07,17088505980
2020-08-10,16672612320
2020-08-11,16445080470
2020-08-12,16572383100
2020-08-13,17389193640
2020-08-14,17457741210
2020-08-17,17226177150
2020-08-18,16837932930
2020-08-19,16877679000
2020-08-20,16902448290
2020-08-21,16544157629
2020-08-24,16384021290
2020-08-25,16547613809
2020-08-26,17041271519
2020-08-27,16877679000
2020-08-28,17271683520
2020-08-31,17249794380
2020-09-01,17714074560
2020-09-02,17586195900
2020-09-03,16359252000
2020-09-04,15596012250
2020-09-08,15697393530
2020-09-09,16138632510
2020-09-10,15869050470
2020-09-11,15293020470
2020-09-14,15704881920
2020-09-15,16134024269
2020-09-16,16160521650
2020-09-17,16067204790
2020-09-18,15765941100
2020-09-21,15801654960
2020-09-22,16133448240
2020-09-23,15871354589
2020-09-24,15749236230
2020-09-25,16341971100
2020-09-28,16752680490
2020-09-29,17501519490
2020-09-30,17947378900
2020-10-01,18474327320
2020-10-02,19113699090
2020-10-05,19767484110
2020-10-06,19560509840
2020-10-07,20284054990
2020-10-08,20727983090
2020-10-09,21100998000
2020-10-12,21149426520
2020-10-13,21549538340
2020-10-14,21501109820
2020-10-15,21672339230
2020-10-16,22011915400
2020-10-19,22088017360
2020-10-20,22177956040
2020-10-21,21681563710
2020-10-22,21754206490
2020-10-23,22406838450
2020-10-26,21817048260
2020-10-27,22063803100
2020-10-28,21420972150
2020-10-29,21509757770
2020-10-30,20990880770
2020-11-02,20789671800
2020-11-03,21282028420
2020-11-04,22913031790
2020-11-05,21519558780
2020-11-06,22376282360
2020-11-09,23352347650
2020-11-10,21774385040
2020-11-11,21992313380
2020-11-12,21906986940
2020-11-13,22007303160
2020-11-16,21869512490
2020-11-17,22003843980
2020-11-18,21923706310
2020-11-19,22636873920
2020-11-20,22640909630
2020-11-23,23204755970
2020-11-24,23088873440
2020-11-25,23474572010
2020-11-27,24028040810
2020-11-30,24045913240
2020-12-01,23966928630
2020-12-02,24191198800
2020-12-03,24703157440
2020-12-04,25203008950
2020-12-07,25194361000
2020-12-08,25367896530
2020-12-09,24309963980
2020-12-10,24617254470
2020-12-11,24438530170
2020-12-14,24559024940
2020-12-15,24519820900
2020-12-16,24403938370
2020-12-17,25471095400
2020-12-18,25358095520
2020-12-21,25689600270
2020-12-22,26816139890
2020-12-23,26772323610
2020-12-24,26643180890
2020-12-28,26727354270
2020-12-29,25804906270
2020-12-30,25823355230
2020-12-31,26112915000
2021-01-04,24697130200
2021-01-05,24648051200
2021-01-06,23898008600
2021-01-07,24928667600
2021-01-08,25470846200
2021-01-11,24664218400
2021-01-12,24296992000
2021-01-13,23993857000
2021-01-14,23846042600
2021-01-15,23038260000
2021-01-19,22941834200
2021-01-20,23602379800
2021-01-21,23357562200
2021-01-22,23661852000
2021-01-25,23686102800
2021-01-26,22645050600
2021-01-27,21736800400
2021-01-28,22333254600
2021-01-29,21926187600
2021-02-01,22891023000
2021-02-02,23792921800
2021-02-03,23989237800
2021-02-04,24721958400
2021-02-05,25071862800
2021-02-08,24798175200
2021-02-09,25002574800
2021-02-10,24579918000
2021-02-11,23518656800
2021-02-12,23845465200
2021-02-16,22518022600
2021-02-17,22619645000
2021-02-18,23185497000
2021-02-19,23103506200
2021-02-22,21983927600
2021-02-23,21788766400
2021-02-24,22343647800
2021-02-25,21266219400
2021-02-26,21608617600
2021-03-01,22342493000
2021-03-02,21953325400
2021-03-03,20964239200
2021-03-04,20133360600
2021-03-05,21683102200
2021-03-08,21146120200
2021-03-09,21898472400
2021-03-10,21810707600
2021-03-11,22509361600
2021-03-12,22189482000
2021-03-15,22740321600
2021-03-16,21952748000
2021-03-17,22212578000
2021-03-18,21095886400
2021-03-19,21509882200
2021-03-22,21869025000
2021-03-23,21588408600
2021-03-24,21038723800
2021-03-25,20962507000
2021-03-26,21514501400
2021-03-29,21042188200
2021-03-30,20797370600
2021-03-31,21409081180
2021-04-01,21796117750
2021-04-05,21854549280
2021-04-06,21867276940
2021-04-07,21521316000
2021-04-08,21928601120
2021-04-09,22055299190
2021-04-12,22042571530
2021-04-13,22545892630
2021-04-14,22357291850
2021-04-15,23035907540
2021-04-16,23052684910
2021-04-19,22746642540
2021-04-20,22124144260
2021-04-21,22461427250
2021-04-22,22563827060
2021-04-23,23117480270
2021-04-26,23196738880
2021-04-27,23155084720
2021-04-28,23204838300
2021-04-29,22807966720
2021-04-30,22239271730
2021-05-03,21920501700
2021-05-04,20497317900
2021-05-05,19733079770
2021-05-06,18926608950
2021-05-07,18951485740
2021-05-10,18350971600
2021-05-11,18587590370
2021-05-12,17673512970
2021-05-13,17872527290
2021-05-14,18878012430
2021-05-17,18640236600
2021-05-18,18625773350
2021-05-19,18510067350
2021-05-20,19196782460
2021-05-21,19105374720
2021-05-24,19464063320
2021-05-25,19091490000
2021-05-26,19411417090
2021-05-27,19147607410
2021-05-28,19068348800
2021-06-01,18829415910
2021-06-02,18791232930
2021-06-03,18478826730
2021-06-04,18644864840
2021-06-07,18526844720
2021-06-08,18878590960
2021-06-09,18957271040
2021-06-10,19404474730
2021-06-11,19670020000
2021-06-14,19729030060
2021-06-15,19389432950
2021-06-16,19235543970
2021-06-17,20161770500
2021-06-18,20383926020
2021-06-21,20636165100
2021-06-22,20917330680
2021-06-23,21123287360
2021-06-24,21252299550
2021-06-25,21336186400
2021-06-28,21608095500
2021-06-29,21634129350
2021-06-30,21057634450
2021-07-01,21643936650
2021-07-02,22238929100
2021-07-06,22483414800
2021-07-07,22433590700
2021-07-08,22159558150
2021-07-09,22223286650
2021-07-12,21791091550
2021-07-13,21552978700
2021-07-14,21435950000
2021-07-15,21431894550
2021-07-16,21601064750
2021-07-19,21285319000
2021-07-20,21933611650
2021-07-21,22190263700
2021-07-22,22336259900
2021-07-23,22936466500
2021-07-26,22670544850
2021-07-27,22511223600
2021-07-28,22898229400
2021-07-29,23175158700
2021-07-30,23174000000
2021-08-02,23170523900
2021-08-03,23176317400
2021-08-04,25657094100
2021-08-05,26491937450
2021-08-06,27023780750
2021-08-09,27146023600
2021-08-10,26553927900
2021-08-11,26863300800
2021-08-12,27377184250
2021-08-13,26866197550
2021-08-16,27428746400
2021-08-17,26796675550
2021-08-18,26605490050
2021-08-19,26480929800
2021-08-20,27195847700
2021-08-23,27624566700
2021-08-24,28132077300
2021-08-25,28048071550
2021-08-26,27875425250
2021-08-27,28081094500
2021-08-30,28321524750
2021-08-31,28324421500
2021-09-01,28504020000
2021-09-02,29013848000
2021-09-03,28750823100
2021-09-07,27999985500
2021-09-08,27703358300
2021-09-09,27814593500
2021-09-10,27555624050
2021-09-13,26974536000
2021-09-14,27114738700
2021-09-15,27519125000
2021-09-16,27924670000
2021-09-17,27946105950
2021-09-20,28039960650
2021-09-21,28534725550
2021-09-22,28993570750
2021-09-23,29619848100
2021-09-24,29864333800
2021-09-27,29374203700
2021-09-28,28296033350
2021-09-29,28677825000
2021-09-30,28756970250
2021-10-01,29328919270
2021-10-04,28690262200
2021-10-05,28892706630
2021-10-06,29437972430
2021-10-07,29681601830
2021-10-08,29297015420
2021-10-11,29102111900
2021-10-12,29549345870
2021-10-13,29950754310
2021-10-14,30407269400
2021-10-15,30092291390
2021-10-18,30231508189
2021-10-19,30087650830
2021-10-20,29736128410
2021-10-21,30971677509
2021-10-22,31081310740
2021-10-25,31261712509
2021-10-26,31160780330
2021-10-27,30820859310
2021-10-28,31168321240
2021-10-29,31779134950
2021-11-01,31705466060
2021-11-02,32091212610
2021-11-03,29718726310
2021-11-04,29699584000
2021-11-05,29258730800
2021-11-08,29665939940
2021-11-09,29428691310
2021-11-10,28516241200
2021-11-11,28307996070
2021-11-12,28437351680
2021-11-15,28080028560
2021-11-16,28191402000
2021-11-17,27673399490
2021-11-18,27228485800
2021-11-19,27293453640
2021-11-22,26260348970
2021-11-23,26008598590
2021-11-24,26236566100
2021-11-26,25397784880
2021-11-29,25954072010
2021-11-30,25376902360
2021-12-01,24484174630
2021-12-02,25469713560
2021-12-03,24237064810
2021-12-06,24281150130
2021-12-07,25255667730
2021-12-08,25275970180
2021-12-09,24614110310
2021-12-10,24346698040
2021-12-13,24099588220
2021-12-14,23499795840
2021-12-15,24066524230
2021-12-16,23166255590
2021-12-17,23598407740
2021-12-20,23234123780
2021-12-21,24174417250
2021-12-22,24464452250
2021-12-23,24585106810
2021-12-27,24731864520
2021-12-28,24420366930
2021-12-29,24201100470
2021-12-30,24229523900
2021-12-31,24086832660
2022-01-03,23492189160
2022-01-04,22733946180
2022-01-05,20939573160
2022-01-06,20701135620
2022-01-07,20641381200
2022-01-10,21118256280
2022-01-11,21302740800
2022-01-12,20773072980
2022-01-13,19872695700
2022-01-14,19376095860
2022-01-18,18722858220
2022-01-19,19130696640
2022-01-20,19044255780
2022-01-21,17984340000
2022-01-24,18929388060
2022-01-25,17675125380
2022-01-26,17523708840
2022-01-27,17461053720
2022-01-28,18403781220
2022-01-31,19452094200
2022-02-01,19611632700
2022-02-02,18887037840
2022-02-03,18255845520
2022-02-04,18898640640
2022-02-07,19062240120
2022-02-08,19435270140
2022-02-09,21171629160
2022-02-10,21139721460
2022-02-11,20279373840
2022-02-14,20056600080
2022-02-15,20199894660
2022-02-16,19984662720
2022-02-17,19012348080
2022-02-18,18481519980
2022-02-22,18603929520
2022-02-23,18268028460
2022-02-24,18825543000
2022-02-25,19471818960
2022-02-28,19678928940
2022-03-01,19411484400
2022-03-02,19620334800
2022-03-03,18793635300
2022-03-04,18479779560
2022-03-07,17481938760
2022-03-08,17089764120
2022-03-09,18054536940
2022-03-10,17965195380
2022-03-11,17591005080
2022-03-14,17268447240
2022-03-15,17752864140
2022-03-16,18983341080
2022-03-17,19905183540
2022-03-18,20828186280
2022-03-21,20413386180
2022-03-22,20724921360
2022-03-23,19973059920
2022-03-24,20238183900
2022-03-25,19797857640
2022-03-28,20192932980
2022-03-29,20868215940
2022-03-30,20145941640
2022-03-31,20079302220
2022-04-01,20345959620
2022-04-04,20790002160
2022-04-05,20529721350
2022-04-06,19422513450
2022-04-07,19017889830
2022-04-08,18763985610
2022-04-11,18360521370
2022-04-12,18402259050
2022-04-13,18844562520
2022-04-14,18512979840
2022-04-18,17880538050
2022-04-19,18490371930
2022-04-20,18080531100
2022-04-21,17616199410
2022-04-22,17157084930
2022-04-25,17591272740
2022-04-26,16509571200
2022-04-27,16365228390
2022-04-28,17120564459
2022-04-29,16316534430
2022-05-02,16968685680
2022-05-03,16721737739
2022-05-04,19025425800
2022-05-05,17451567450
2022-05-06,17114767560
2022-05-09,16241174730
2022-05-10,16462036620
2022-05-11,15427869660
2022-05-12,15940895310
2022-05-13,16727534640
2022-05-16,16220305890
2022-05-17,16326389160
2022-05-18,15590182860
2022-05-19,15631920540
2022-05-20,16045239510
2022-05-23,15905534220
2022-05-24,15459752610
2022-05-25,15933359340
2022-05-26,16329287610
2022-05-27,17059117319
2022-05-31,16482905459
2022-06-01,16357692420
2022-06-02,17570403900
2022-06-03,17304905880
2022-06-06,17507217690
2022-06-07,17814453390
2022-06-08,18086328000
2022-06-09,17529825600
2022-06-10,17065493910
2022-06-13,15564676500
2022-06-14,15677716050
2022-06-15,15873071580
2022-06-16,15070200930
2022-06-17,15351930270
2022-06-21,15766988310
2022-06-22,15835391730
2022-06-23,16587249660
2022-06-24,17769237570
2022-06-27,17395337520
2022-06-28,16616234160
2022-06-29,16473630420
2022-06-30,16209143800
2022-07-01,16848552050
2022-07-05,18128525850
2022-07-06,18096700100
2022-07-07,18864568650
2022-07-08,18707175850
2022-07-11,18513328100
2022-07-12,17174332000
2022-07-13,17092163700
2022-07-14,16823670100
2022-07-15,17465392950
2022-07-18,17346769700
2022-07-19,18024368850
2022-07-20,18861096750
2022-07-21,19151579050
2022-07-22,18778928450
2022-07-25,18345519600
2022-07-26,17527887150
2022-07-27,18528373000
2022-07-28,18896973050
2022-07-29,19123803850
2022-08-01,19214651900
2022-08-02,19550268900
2022-08-03,20387575450
2022-08-04,20875956050
2022-08-05,21410628650
2022-08-08,21293741350
2022-08-09,21496268850
2022-08-10,21834200450
2022-08-11,21867183500
2022-08-12,22793602150
2022-08-15,23082927150
2022-08-16,22971826350
2022-08-17,22606698200
2022-08-18,22393755000
2022-08-19,21815683650
2022-08-22,21287954850
2022-08-23,21334246850
2022-08-24,21493954250
2022-08-25,21649611100
2022-08-26,20866119000
2022-08-29,20321030700
2022-08-30,20674585850
2022-08-31,20322188000
2022-09-01,20054273050
2022-09-02,19932177900
2022-09-06,20016660800
2022-09-07,20609198400
2022-09-08,21095264400
2022-09-09,21419887050
2022-09-12,21739301850
2022-09-13,20910675050
2022-09-14,21065174600
2022-09-15,20344176700
2022-09-16,20229604000
2022-09-19,20336654250
2022-09-20,20074525800
2022-09-21,19863897200
2022-09-22,19006337900
2022-09-23,18849523750
2022-09-26,18570614450
2022-09-27,18996500850
2022-09-28,19777099700
2022-09-29,19351791950
2022-09-30,19095531330
2022-10-03,19480346880
2022-10-04,20231460540
2022-10-05,20350087890
2022-10-06,20461771200
2022-10-07,19582192800
2022-10-10,18747750660
2022-10-11,18483877140
2022-10-12,18018047790
2022-10-13,18137832480
2022-10-14,17286608910
2022-10-17,18266297220
2022-10-18,19046344380
2022-10-19,18546373500
2022-10-20,18419644770
2022-10-21,18691619670
2022-10-24,18750065340
2022-10-25,19510437720
2022-10-26,19156291680
2022-10-27,19316583270
2022-10-28,19768524540
2022-10-31,20021982000
2022-11-01,19831599570
2022-11-02,18312012150
2022-11-03,18883738110
2022-11-04,17718875400
2022-11-07,17140784069
2022-11-08,17641333620
2022-11-09,17331745170
2022-11-10,19081643250
2022-11-11,19695033450
2022-11-14,19085693940
2022-11-15,20090843730
2022-11-16,19541107230
2022-11-17,18421380780
2022-11-18,18308540130
2022-11-21,18236206380
2022-11-22,18481562460
2022-11-23,18934661070
2022-11-25,18928295700
2022-11-28,18820084410
2022-11-29,18632016660
2022-11-30,19622699700
2022-12-01,20034712740
2022-12-02,19667257290
2022-12-05,18255302490
2022-12-06,18093274890
2022-12-07,17879166990
2022-12-08,18445684920
2022-12-09,18177760710
2022-12-12,18861169980
2022-12-13,19024933590
2022-12-14,18964173240
2022-12-15,18224054310
2022-12-16,18019783800
2022-12-19,17915044530
2022-12-20,17581151940
2022-12-21,17959602120
2022-12-22,17579415930
2022-12-23,17659272390
2022-12-27,17453844540
2022-12-28,17512290210
2022-12-29,18046981290
2022-12-30,17956708770
2023-01-03,17628024210
2023-01-04,17585781300
2023-01-05,17048775540
2023-01-06,16587575549
2023-01-09,16931305529
2023-01-10,17264040780
2023-01-11,17606034750
2023-01-12,17607770760
2023-01-13,17618186820
2023-01-17,17956130100
2023-01-18,18041194590
2023-01-19,17637861600
2023-01-20,18138989820
2023-01-23,18637224690
2023-01-24,18512810640
2023-01-25,18204958200
2023-01-26,18601925820
2023-01-27,18647062080
2023-01-30,18272083920
2023-01-31,18745435980
2023-02-01,19719337590
2023-02-02,20392909470
2023-02-03,19526640480
2023-02-06,19078171230
2023-02-07,19936338840
2023-02-08,18587459070
2023-02-09,18660950160
2023-02-10,18349047030
2023-02-13,18676574250
2023-02-14,18788836230
2023-02-15,18517440000
2023-02-16,17791209150
2023-02-17,17585202630
2023-02-21,17158144170
2023-02-22,17298760980
2023-02-23,17356049310
2023-02-24,16979335140
2023-02-27,17019842040
2023-02-28,16727035020
2023-03-01,16463740170
2023-03-02,16627503779
2023-03-03,16870545180
2023-03-06,16939406910
2023-03-07,16630975799
2023-03-08,16713725610
2023-03-09,16535495250
2023-03-10,15813893759
2023-03-13,15886806180
2023-03-14,16232272170
2023-03-15,16080081960
2023-03-16,16206232020
2023-03-17,16025686980
2023-03-20,15645500790
2023-03-21,16049412450
2023-03-22,15441808950
2023-03-23,15758341440
2023-03-24,15714362520
2023-03-27,15767600160
2023-03-28,15799427009
2023-03-29,16542439290
2023-03-30,17145413430
2023-03-31,17608259200
2023-04-03,17296070400
2023-04-04,16957817599
2023-04-05,16541952000
2023-04-06,16764944000
2023-04-10,17050489600
2023-04-11,17139107200
2023-04-12,17040643199
2023-04-13,17545705600
2023-04-14,17558448000
2023-04-17,17795920000
2023-04-18,17680659200
2023-04-19,17663283200
2023-04-20,17365574400
2023-04-21,17407856000
2023-04-24,17291436800
2023-04-25,16722083199
2023-04-26,16547744000
2023-04-27,16733087999
2023-04-28,16818230400
2023-05-01,17234096000
2023-05-02,16724400000
2023-05-03,17011104000
2023-05-04,16217020800
2023-05-05,15790729600
2023-05-08,15892089600
2023-05-09,15565420800
2023-05-10,15822585600
2023-05-11,15366755200
2023-05-12,15552099200
2023-05-15,15738022400
2023-05-16,15365596800
2023-05-17,15801155200
2023-05-18,16347920000
2023-05-19,16528051200
2023-05-22,16750464000
2023-05-23,16447542400
2023-05-24,16266252799
2023-05-25,16160838399
2023-05-26,16272624000
2023-05-30,16207174400
2023-05-31,16225129600
2023-06-01,16281891200
2023-06-02,16989094400
2023-06-05,17719465600
2023-06-06,17806924800
2023-06-07,17546864000
2023-06-08,17666179200
2023-06-09,17648224000
2023-06-12,18104054400
2023-06-13,18693100800
2023-06-14,18529187200
2023-06-15,18763184000
2023-06-16,18529766400
2023-06-20,18676883200
2023-06-21,18096524800
2023-06-22,17766960000
2023-06-23,17735104000
2023-06-26,18001536000
2023-06-27,18185142400
2023-06-28,18084361600
2023-06-29,18168345600
2023-06-30,18575703000
2023-07-03,18482026500
2023-07-05,18381989250
2023-07-06,18728361000
2023-07-07,18764790750
2023-07-10,19363857750
2023-07-11,19591688250
2023-07-12,19712542500
2023-07-13,20218511250
2023-07-14,20528453250
2023-07-17,20758596750
2023-07-18,21033843750
2023-07-19,21133302750
2023-07-20,20678798250
2023-07-21,20249158500
2023-07-24,20295418500
2023-07-25,20459641500
2023-07-26,20701350000
2023-07-27,20880029250
2023-07-28,21306199500
2023-07-31,21323547000
2023-08-01,21440353500
2023-08-02,17325526500
2023-08-03,17171133750
2023-08-04,16793536500
2023-08-07,16949085750
2023-08-08,16859457000
2023-08-09,16588836000
2023-08-10,16856565750
2023-08-11,16884900000
2023-08-14,17015006250
2023-08-15,16882586999
2023-08-16,16816088250
2023-08-17,16214129999
2023-08-18,16267329000
2023-08-21,16402061249
2023-08-22,16587679500
2023-08-23,16761732750
2023-08-24,16455838500
2023-08-25,16560501750
2023-08-28,16633361249
2023-08-29,16945038000
2023-08-30,16980889500
2023-08-31,17049122999
2023-09-01,17104056750
2023-09-05,17007489000
2023-09-06,16950820500
2023-09-07,16688295000
2023-09-08,16440225750
2023-09-11,16535058750
2023-09-12,16430395500
2023-09-13,16156304999
2023-09-14,16210660499
2023-09-15,16070724000
2023-09-18,15965482500
2023-09-19,16012320750
2023-09-20,15524856000
2023-09-21,15132224250
2023-09-22,14870277000
2023-09-25,14937354000
2023-09-26,14664420000
2023-09-27,14865651000
2023-09-28,14887624499
2023-09-29,14992287749
2023-10-02,14881829160
2023-10-03,14967672660
2023-10-04,14946497930
2023-10-05,15028335400
2023-10-06,15467854119
2023-10-09,15777463010
2023-10-10,15737975000
2023-10-11,15914812609
2023-10-12,15368275660
2023-10-13,15163968130
2023-10-16,15459269770
2023-10-17,15751137670
2023-10-18,15350534670
2023-10-19,15194299500
2023-10-20,14827461609
2023-10-23,14745051849
2023-10-24,14962522050
2023-10-25,14197370320
2023-10-26,14017671260
2023-10-27,13754417860
2023-10-30,13738393740
2023-10-31,14019388130
2023-11-01,8623838010
2023-11-02,9308869140
2023-11-03,9100555580
2023-11-06,9207573810
2023-11-07,9605315360
2023-11-08,9587002080
2023-11-09,9600737040
2023-11-10,9795315640
2023-11-13,9843388000
2023-11-14,10088328120
2023-11-15,10135828190
2023-11-16,9937815850
2023-11-17,10158147500
2023-11-20,10440858760
2023-11-21,10193629480
2023-11-22,10158147500
2023-11-24,10214804210
2023-11-27,10078599190
2023-11-28,10201641540
2023-11-29,10375045410
2023-11-30,10396220140
2023-12-01,10630286750
2023-12-04,10656039800
2023-12-05,10422545480
2023-12-06,10616551790
2023-12-07,10602244540
2023-12-08,10677214530
2023-12-11,10829443670
2023-12-12,10841461760
2023-12-13,11339926350
2023-12-14,11658119590
2023-12-15,11604324330
2023-12-18,11652968980
2023-12-19,11902487420
2023-12-20,11676432870
2023-12-21,11823511400
2023-12-22,11766282400
2023-12-26,11807487280
2023-12-27,11771433010
2023-12-28,11878451240
2023-12-29,11830378880
2024-01-02,11569311600
2024-01-03,10995369700
2024-01-04,11111289000
2024-01-05,11148043900
2024-01-08,11543300440
2024-01-09,11479968920
2024-01-10,11422292000
2024-01-11,11325598340
2024-01-12,11171793220
2024-01-16,11011768040
2024-01-17,10867575740
2024-01-18,11062659440
2024-01-19,10946740140
2024-01-22,11038344660
2024-01-23,11153698500
2024-01-24,10937127320
2024-01-25,10900937880
2024-01-26,10959180260
2024-01-29,11078492320
2024-01-30,11055873920
2024-01-31,10757311040
2024-02-01,10897545120
2024-02-02,11025904540
2024-02-05,10982929580
2024-02-06,11176882360
2024-02-07,11254350380
2024-02-08,11068879500
2024-02-09,10743740000
2024-02-12,10839868200
2024-02-13,10572405620
2024-02-14,10701330500
2024-02-15,10991411480
2024-02-16,10790107720
2024-02-20,10746567300
2024-02-21,10292502920
2024-02-22,10274973660
2024-02-23,10442349820
2024-02-26,10182803680
2024-02-27,10353572600
2024-02-28,10381845600
2024-02-29,10313424940
2024-03-01,10446873500
2024-03-04,10068015300
2024-03-05,9832783940
2024-03-06,9945310480
2024-03-07,10273277280
2024-03-08,10247266120
2024-03-11,10432737000
2024-03-12,10565054640
2024-03-13,10644784500
2024-03-14,10732430800
2024-03-15,10726776200
2024-03-18,10834779060
2024-03-19,10719990680
2024-03-20,10819511640
2024-03-21,10943347380
2024-03-22,10883408620
2024-03-25,10814987960
2024-03-26,10777667600
2024-03-27,11152002120
2024-03-28,11253219460
2024-04-01,11211940880
2024-04-02,11177447820
2024-04-03,11241910260
2024-04-04,11181971500
2024-04-05,11212506340
2024-04-08,11414375560
2024-04-09,11751389720
2024-04-10,11496367260
2024-04-11,11564787920
2024-04-12,11196108000
2024-04-15,10898110580
2024-04-16,10752221900
2024-04-17,10566185560
2024-04-18,10453659020
2024-04-19,10362054500
2024-04-22,10557703660
2024-04-23,10635737140
2024-04-24,10625558860
2024-04-25,10550352680
2024-04-26,10680973940
2024-04-29,10924121740
2024-04-30,10629517080
2024-05-01,10531127040
2024-05-02,9427349120
2024-05-03,9685764340
2024-05-06,9863884240
2024-05-07,9978672620
2024-05-08,9741744880
2024-05-09,9815254680
2024-05-10,9804510940
2024-05-13,9843527680
2024-05-14,9867842460
2024-05-15,10034087700
2024-05-16,10238784220
2024-05-17,10307204880
2024-05-20,10194678340
2024-05-21,10159619820
2024-05-22,10216165820
2024-05-23,9863884240
2024-05-24,9651271280
2024-05-28,9431307340
2024-05-29,9250360140
2024-05-30,8987986700
2024-05-31,8217264720
2024-06-03,8207651900
2024-06-04,8291339980
2024-06-05,8160718720
2024-06-06,8213306500
2024-06-07,8217830180
2024-06-10,8272679800
2024-06-11,8108130939
2024-06-12,8151671360
2024-06-13,7972420540
2024-06-14,8073637880
2024-06-17,8079857939
2024-06-18,7998997160
2024-06-20,8237621280
2024-06-21,8334880400
2024-06-24,8199170000
2024-06-25,8003520840
2024-06-26,7972986000
2024-06-27,8017091880
2024-06-28,8088339840
2024-07-01,8046495800
2024-07-02,8039144819
2024-07-03,8092298060
2024-07-05,8027270160
2024-07-08,7936231100
2024-07-09,7925487360
2024-07-10,7932272880
2024-07-11,8169766079
2024-07-12,8393122780
2024-07-15,8827396060
2024-07-16,9105602380
2024-07-17,9085811280
2024-07-18,8752755340
2024-07-19,8939922600
2024-07-22,9046794540
2024-07-23,9353839320
2024-07-24,8967064680
2024-07-25,9210777940
2024-07-26,9275240380
2024-07-29,9270947730
2024-07-30,9340946970
2024-07-31,9415462290
2024-08-01,9448768380
2024-08-02,9275463810
2024-08-05,8923209570
2024-08-06,8941838400
2024-08-07,8622325740
2024-08-08,8992079790
2024-08-09,8921516040
