,TRIP
2011-12-07,3268449998
2011-12-08,3161287703
2011-12-09,3323221838
2011-12-12,3268449998
2011-12-13,3274403459
2011-12-14,3229157157
2011-12-15,3373230909
2011-12-16,3388709907
2011-12-19,3449435208
2011-12-20,3601843805
2011-12-21,3700961586
2011-12-22,3280975341
2011-12-23,3480268177
2011-12-27,3469567891
2011-12-28,3446829782
2011-12-29,3319763880
2011-12-30,3371927777
2012-01-03,3561869020
2012-01-04,3434802720
2012-01-05,3413402080
2012-01-06,3420089780
2012-01-09,3512380040
2012-01-10,3711673500
2012-01-11,3717023660
2012-01-12,3806638840
2012-01-13,3947080540
2012-01-17,3877528460
2012-01-18,3882878620
2012-01-19,4056758820
2012-01-20,4066121600
2012-01-23,4063446520
2012-01-24,4104910260
2012-01-25,4211913460
2012-01-26,4153061700
2012-01-27,4178474960
2012-01-30,4231976560
2012-01-31,4401844140
2012-02-01,4689415240
2012-02-02,4665339520
2012-02-03,4732216520
2012-02-06,4701453100
2012-02-07,4659989360
2012-02-08,4593112360
2012-02-09,3924342360
2012-02-10,4017970160
2012-02-13,3824026860
2012-02-14,3695623020
2012-02-15,3916317120
2012-02-16,4066121600
2012-02-17,4106247800
2012-02-21,4102235180
2012-02-22,4012620000
2012-02-23,4091534860
2012-02-24,4253377200
2012-02-27,4268090140
2012-02-28,4321591740
2012-02-29,4310891420
2012-03-01,4363055480
2012-03-02,4340317300
2012-03-05,4276115380
2012-03-06,4202550680
2012-03-07,4155736780
2012-03-08,4181150040
2012-03-09,4106247800
2012-03-12,4106247800
2012-03-13,4076821920
2012-03-14,4145036460
2012-03-15,4342992380
2012-03-16,4547636000
2012-03-19,4547636000
2012-03-20,4559673860
2012-03-21,4516872580
2012-03-22,4447320500
2012-03-23,4449995580
2012-03-26,4587762200
2012-03-27,4720178660
2012-03-28,4623875780
2012-03-29,4702790640
2012-03-30,4771005180
2012-04-02,5204818860
2012-04-03,5096182020
2012-04-04,5048827500
2012-04-05,5046041940
2012-04-09,4944369000
2012-04-10,4816233240
2012-04-11,4844785230
2012-04-12,4888657800
2012-04-13,4805091000
2012-04-16,4711774740
2012-04-17,4874730000
2012-04-18,4936012320
2012-04-19,4905371160
2012-04-20,4877515560
2012-04-23,4727095320
2012-04-24,4649099640
2012-04-25,4692275820
2012-04-26,4788377640
2012-04-27,5135179860
2012-04-30,5224317780
2012-05-01,5087825340
2012-05-02,5937421140
2012-05-03,5696470200
2012-05-04,5598975600
2012-05-07,5706219660
2012-05-08,5738253600
2012-05-09,5665829040
2012-05-10,5681149620
2012-05-11,5812070940
2012-05-14,5799535920
2012-05-15,5940206700
2012-05-16,6078091920
2012-05-17,5714576340
2012-05-18,5663043480
2012-05-21,5873353260
2012-05-22,5937421140
2012-05-23,6288401700
2012-05-24,6183943200
2012-05-25,6267510000
2012-05-29,6303722280
2012-05-30,6011238480
2012-05-31,5972240640
2012-06-01,5713183560
2012-06-04,5778644220
2012-06-05,5722933020
2012-06-06,5987561220
2012-06-07,5803714260
2012-06-08,5991739560
2012-06-11,5980597320
2012-06-12,6270017004
2012-06-13,6048843540
2012-06-14,6135195900
2012-06-15,6181157640
2012-06-18,6254974980
2012-06-19,6161658720
2012-06-20,6029344620
2012-06-21,5990346780
2012-06-22,6341327340
2012-06-25,6137981460
2012-06-26,6129624780
2012-06-27,6186728760
2012-06-28,6069735240
2012-06-29,6224333820
2012-07-02,6547732000
2012-07-03,6554849100
2012-07-05,6586164340
2012-07-06,6598975120
2012-07-09,6468020480
2012-07-10,6371227920
2012-07-11,6302903760
2012-07-12,6245966960
2012-07-13,6526380700
2012-07-16,6569083300
2012-07-17,6479407840
2012-07-18,6465173640
2012-07-19,6419624200
2012-07-20,6391155800
2012-07-23,6492218620
2012-07-24,6187606740
2012-07-25,5149933560
2012-07-26,4987663680
2012-07-27,5040330219
2012-07-30,5125735420
2012-07-31,5325014219
2012-08-01,5205446940
2012-08-02,5154203820
2012-08-03,5221104560
2012-08-06,5410419420
2012-08-07,5502941719
2012-08-08,5233915340
2012-08-09,5149933560
2012-08-10,4996204200
2012-08-13,4771303840
2012-08-14,4720060719
2012-08-15,4833934320
2012-08-16,4818276700
2012-08-17,4761339900
2012-08-20,4816853280
2012-08-21,4846745100
2012-08-22,4831087480
2012-08-23,4774150680
2012-08-24,4846745100
2012-08-27,4835357740
2012-08-28,4876636920
2012-08-29,4869519820
2012-08-30,4798348820
2012-08-31,4759916480
2012-09-04,4932150300
2012-09-05,5038906800
2012-09-06,5046023900
2012-09-07,5068798620
2012-09-10,5023249180
2012-09-11,5036059960
2012-09-12,5017555500
2012-09-13,5172708280
2012-09-14,5132852520
2012-09-17,5097267020
2012-09-18,4943537660
2012-09-19,4967735800
2012-09-20,4907952160
2012-09-21,4915069260
2012-09-24,4796925400
2012-09-25,4802619080
2012-09-26,4731448080
2012-09-27,4757069640
2012-09-28,4687322060
2012-10-01,4550623744
2012-10-02,4614737103
2012-10-03,4576269087
2012-10-04,4758635975
2012-10-05,4771458647
2012-10-08,4782856577
2012-10-09,4633258740
2012-10-10,4590516500
2012-10-11,4438069180
2012-10-12,4448042369
2012-10-15,4486510385
2012-10-16,4442343404
2012-10-17,4429193042
2012-10-18,4355434184
2012-10-19,4264250740
2012-10-22,4373955821
2012-10-23,4487935126
2012-10-24,4473687713
2012-10-25,4385353752
2012-10-26,4312691945
2012-10-31,4315541427
2012-11-01,4190164192
2012-11-02,5003819707
2012-11-05,4908233812
2012-11-06,4819899851
2012-11-07,4844120454
2012-11-08,4868341056
2012-11-09,4888287434
2012-11-12,4983745102
2012-11-13,5063530615
2012-11-14,5077778028
2012-11-15,5214553194
2012-11-16,5418291201
2012-11-19,5436812838
2012-11-20,5311435603
2012-11-21,5328532499
2012-11-23,5414016978
2012-11-26,5401194306
2012-11-27,5381247927
2012-11-28,5399769564
2012-11-29,5395495340
2012-11-30,5441087062
2012-12-03,5371274738
2012-12-04,5347054136
2012-12-05,5466732406
2012-12-06,5597808606
2012-12-07,5498076715
2012-12-10,5469581889
2012-12-11,5828616699
2012-12-12,6076521687
2012-12-13,6085070135
2012-12-14,5936897038
2012-12-17,6190500991
2012-12-18,6123538150
2012-12-19,6184802026
2012-12-20,6122113409
2012-12-21,5979639278
2012-12-24,6019532034
2012-12-26,5955418675
2012-12-27,5973940312
2012-12-28,5889880575
2012-12-31,5994560000
2013-01-02,6314879999
2013-01-03,6279129999
2013-01-04,6309160000
2013-01-07,6452160000
2013-01-08,6394259300
2013-01-09,6339190000
2013-01-10,6219070000
2013-01-11,6289140000
2013-01-14,6313450000
2013-01-15,6313450000
2013-01-16,6287710000
2013-01-17,6304870000
2013-01-18,6246240000
2013-01-22,6337760000
2013-01-23,6412120000
2013-01-24,6409260000
2013-01-25,6572280000
2013-01-28,6649500000
2013-01-29,6563700000
2013-01-30,6509360000
2013-01-31,6618040000
2013-02-01,6620900000
2013-02-04,6526520000
2013-02-05,6698120000
2013-02-06,6721000000
2013-02-07,6699550000
2013-02-08,6723860000
2013-02-11,6610890000
2013-02-12,6672379999
2013-02-13,6706700000
2013-02-14,6227650000
2013-02-15,6351345000
2013-02-19,6223360000
2013-02-20,6114680000
2013-02-21,6140420000
2013-02-22,6270550000
2013-02-25,6240520000
2013-02-26,6253390000
2013-02-27,6473610000
2013-02-28,6511648000
2013-03-01,6523660000
2013-03-04,6507930000
2013-03-05,6818240000
2013-03-06,6954090000
2013-03-07,7234370000
2013-03-08,7297290000
2013-03-11,7350200000
2013-03-12,7314450000
2013-03-13,7491770000
2013-03-14,7520370000
2013-03-15,7493200000
2013-03-18,7497490000
2013-03-19,7478900000
2013-03-20,7613320000
2013-03-21,7400250000
2013-03-22,7507500000
2013-03-25,7470320000
2013-03-26,7498920000
2013-03-27,7464600000
2013-03-28,7510360000
2013-04-01,7444800000
2013-04-02,7273440000
2013-04-03,7071840000
2013-04-04,7130880000
2013-04-05,7038720000
2013-04-08,7009920000
2013-04-09,6953760000
2013-04-10,7210080000
2013-04-11,7472160000
2013-04-12,7558560000
2013-04-15,7424640000
2013-04-16,7623360000
2013-04-17,7512768000
2013-04-18,7394400000
2013-04-19,7356960000
2013-04-22,7356960000
2013-04-23,7531200000
2013-04-24,7392960000
2013-04-25,7633440000
2013-04-26,7735680000
2013-04-29,7642080000
2013-04-30,7571520000
2013-05-01,7503840000
2013-05-02,7705440000
2013-05-03,7963200000
2013-05-06,7944480000
2013-05-07,7921440000
2013-05-08,7558560000
2013-05-09,7486560000
2013-05-10,7752960000
2013-05-13,7889760000
2013-05-14,8353440000
2013-05-15,8547840000
2013-05-16,8500320000
2013-05-17,8622720000
2013-05-20,9018720000
2013-05-21,8976960000
2013-05-22,8857440000
2013-05-23,8936640000
2013-05-24,8883360000
2013-05-28,9259200000
2013-05-29,9152640000
2013-05-30,9214560000
2013-05-31,9286560000
2013-06-03,8936640000
2013-06-04,8955360000
2013-06-05,8858880000
2013-06-06,8932320000
2013-06-07,9223200000
2013-06-10,9260640000
2013-06-11,9195840000
2013-06-12,9097920000
2013-06-13,9289440000
2013-06-14,9180000000
2013-06-17,9267840000
2013-06-18,9194400000
2013-06-19,9182880000
2013-06-20,8858880000
2013-06-21,8680320000
2013-06-24,8737920000
2013-06-25,8860320000
2013-06-26,8915040000
2013-06-27,8760960000
2013-06-28,8765280000
2013-07-01,8733010000
2013-07-02,8612890000
2013-07-03,8692970000
2013-07-05,8823100000
2013-07-08,9031880000
2013-07-09,8971820000
2013-07-10,8855990000
2013-07-11,8642920000
2013-07-12,8730150000
2013-07-15,8644350000
2013-07-16,8668660000
2013-07-17,8735870000
2013-07-18,8904610000
2013-07-19,8668660000
2013-07-22,8672950000
2013-07-23,8674380000
2013-07-24,8743020000
2013-07-25,10167300000
2013-07-26,10574850000
2013-07-29,10480470000
2013-07-30,10477610000
2013-07-31,10727860000
2013-08-01,10852842000
2013-08-02,10837970000
2013-08-05,11155430000
2013-08-06,11337040000
2013-08-07,11152570000
2013-08-08,11398530000
2013-08-09,11574420000
2013-08-12,11620180000
2013-08-13,11577280000
2013-08-14,10517650000
2013-08-15,10084360000
2013-08-16,10151570000
2013-08-19,9904180000
2013-08-20,9982830000
2013-08-21,10038600000
2013-08-22,10183030000
2013-08-23,10277410000
2013-08-26,10331750000
2013-08-27,10164440000
2013-08-28,10370360000
2013-08-29,10607740000
2013-08-30,10577710000
2013-09-03,10556259999
2013-09-04,10687820000
2013-09-05,10677810000
2013-09-06,10597730000
2013-09-09,10653500000
2013-09-10,10384660000
2013-09-11,10551970000
2013-09-12,10652070000
2013-09-13,10413259999
2013-09-16,10381800000
2013-09-17,10428990000
2013-09-18,10570846000
2013-09-19,10620610000
2013-09-20,10742160000
2013-09-23,10624900000
2013-09-24,10767900000
2013-09-25,10693540000
2013-09-26,10767900000
2013-09-27,10846550000
2013-09-30,10769280000
2013-10-01,11147000000
2013-10-02,11311720000
2013-10-03,11169720000
2013-10-04,11134220000
2013-10-07,10770700000
2013-10-08,10181400000
2013-10-09,10035140000
2013-10-10,10262340000
2013-10-11,10509420000
2013-10-14,10651420000
2013-10-15,10489540000
2013-10-16,10650000000
2013-10-17,10329080000
2013-10-18,10204972000
2013-10-21,10523620000
2013-10-22,10721000000
2013-10-23,10679820000
2013-10-24,10628700000
2013-10-25,10931160000
2013-10-28,11046180000
2013-10-29,11680920000
2013-10-30,11391240000
2013-10-31,11745530000
2013-11-01,11839960000
2013-11-04,12527240000
2013-11-05,12505939999
2013-11-06,12298620000
2013-11-07,11910960000
2013-11-08,11996160000
2013-11-11,12072840000
2013-11-12,12055800000
2013-11-13,12423296000
2013-11-14,12663560000
2013-11-15,12463340000
2013-11-18,12413640000
2013-11-19,12426420000
2013-11-20,12372460000
2013-11-21,12392340000
2013-11-22,12410800000
2013-11-25,12298620000
2013-11-26,12407960000
2013-11-27,12540020000
2013-11-29,12541439999
2013-12-02,12430680000
2013-12-03,12200640000
2013-12-04,12088460000
2013-12-05,12146680000
2013-12-06,12156620000
2013-12-09,12037340000
2013-12-10,12067160000
2013-12-11,11756180000
2013-12-12,11729200000
2013-12-13,11555960000
2013-12-16,11628380000
2013-12-17,11487800000
2013-12-18,11560220000
2013-12-19,11646840000
2013-12-20,11804460000
2013-12-23,11842800000
2013-12-24,11760439999
2013-12-26,11852740000
2013-12-27,11592880000
2013-12-30,11597140000
2013-12-31,11761860000
2014-01-02,11428160000
2014-01-03,11490640000
2014-01-06,11413960000
2014-01-07,12057220000
2014-01-08,12091300000
2014-01-09,12094140000
2014-01-10,12325600000
2014-01-13,11991900000
2014-01-14,11972020000
2014-01-15,11976280000
2014-01-16,12035920000
2014-01-17,11913800000
2014-01-21,11573000000
2014-01-22,11710740000
2014-01-23,11550280000
2014-01-24,11411120000
2014-01-27,11063220000
2014-01-28,11043340000
2014-01-29,10887140000
2014-01-30,11046180000
2014-01-31,10960980000
2014-02-03,10495220000
2014-02-04,10844540000
2014-02-05,10814720000
2014-02-06,10953880000
2014-02-07,11991900000
2014-02-10,11935100000
2014-02-11,11956400000
2014-02-12,12818340000
2014-02-13,13106600000
2014-02-14,12957500000
2014-02-18,13255700000
2014-02-19,13314062000
2014-02-20,13745600000
2014-02-21,13762640000
2014-02-24,13952920000
2014-02-25,14347680000
2014-02-26,14225560000
2014-02-27,14160240000
2014-02-28,14234080000
2014-03-03,14278100000
2014-03-04,15178380000
2014-03-05,15236600000
2014-03-06,15389960000
2014-03-07,15344520000
2014-03-10,15270680000
2014-03-11,14871660000
2014-03-12,15149980000
2014-03-13,14655820000
2014-03-14,14618900000
2014-03-17,14843260000
2014-03-18,14938400000
2014-03-19,14733920000
2014-03-20,14677120000
2014-03-21,14414420000
2014-03-24,13856360000
2014-03-25,13700160000
2014-03-26,13164820000
2014-03-27,12772900000
2014-03-28,12787100000
2014-03-31,12954370000
2014-04-01,13663650000
2014-04-02,13607880000
2014-04-03,13055900000
2014-04-04,12253670000
2014-04-07,11920480000
2014-04-08,12308009999
2014-04-09,12599730000
2014-04-10,11711700000
2014-04-11,11295570000
2014-04-14,11407110000
2014-04-15,11911900000
2014-04-16,12126400000
2014-04-17,12252240000
2014-04-21,12126400000
2014-04-22,12265110000
2014-04-23,11909040000
2014-04-24,11937640000
2014-04-25,11066770000
2014-04-28,11051040000
2014-04-29,11558690000
2014-04-30,11545820000
2014-05-01,11940500000
2014-05-02,11811800000
2014-05-05,12113530000
2014-05-06,11635910000
2014-05-07,12010570000
2014-05-08,11900460000
2014-05-09,12094940000
2014-05-12,12799930000
2014-05-13,12310870000
2014-05-14,12039170000
2014-05-15,11956230000
2014-05-16,11748880000
2014-05-19,12356630000
2014-05-20,12279410000
2014-05-21,12606880000
2014-05-22,13014430000
2014-05-23,13502060000
2014-05-27,13645060000
2014-05-28,13612170000
2014-05-29,14042600000
2014-05-30,13895310000
2014-06-02,13981110000
2014-06-03,14014000000
2014-06-04,14207050000
2014-06-05,14733290000
2014-06-06,14879150000
2014-06-09,14829100000
2014-06-10,14683240000
2014-06-11,14803360000
2014-06-12,14545960000
2014-06-13,14583140000
2014-06-16,14867710000
2014-06-17,14953509999
2014-06-18,15049320000
2014-06-19,14726140000
2014-06-20,14804790000
2014-06-23,14853410000
2014-06-24,14969240000
2014-06-25,15515500000
2014-06-26,15425410000
2014-06-27,15760030000
2014-06-30,15538380000
2014-07-01,15588430000
2014-07-02,15461160000
2014-07-03,15612740000
2014-07-07,15359630000
2014-07-08,14507350000
2014-07-09,14803360000
2014-07-10,14779050000
2014-07-11,14983540000
2014-07-14,14879150000
2014-07-15,14683240000
2014-07-16,14580280000
2014-07-17,14464450000
2014-07-18,14896310000
2014-07-21,14749020000
2014-07-22,14896310000
2014-07-23,15352480000
2014-07-24,14555970000
2014-07-25,14282840000
2014-07-28,14199900000
2014-07-29,14187030000
2014-07-30,14302860000
2014-07-31,13562120000
2014-08-01,13423410000
2014-08-04,13554970000
2014-08-05,13452009999
2014-08-06,13446290000
2014-08-07,13506350000
2014-08-08,13626470000
2014-08-11,13675090000
2014-08-12,13549250000
2014-08-13,13848120000
2014-08-14,13866710000
2014-08-15,13885300000
2014-08-18,14008280000
2014-08-19,13923910000
2014-08-20,14035450000
2014-08-21,13999700000
2014-08-22,14584570000
2014-08-25,14841970000
2014-08-26,14944930000
2014-08-27,14554540000
2014-08-28,14209910000
2014-08-29,14169870000
2014-09-02,14219920000
2014-09-03,14054040000
2014-09-04,14055470000
2014-09-05,14051180000
2014-09-08,14189890000
2014-09-09,13780910000
2014-09-10,14018290000
2014-09-11,14085500000
2014-09-12,14202759999
2014-09-15,13616460000
2014-09-16,13699400000
2014-09-17,13729430000
2014-09-18,14006850000
2014-09-19,14066910000
2014-09-22,13483470000
2014-09-23,13291850000
2014-09-24,13489190000
2014-09-25,13040170000
2014-09-26,13177450000
2014-09-29,12984400000
2014-09-30,13073060000
2014-10-01,12797070000
2014-10-02,12639770000
2014-10-03,12674090000
2014-10-06,12715560000
2014-10-07,12435280000
2014-10-08,12661220000
2014-10-09,12285130000
2014-10-10,11810370000
2014-10-13,11388520000
2014-10-14,11292710000
2014-10-15,11281270000
2014-10-16,11371360000
2014-10-17,11590150000
2014-10-20,11946220000
2014-10-21,12596155000
2014-10-22,12286560000
2014-10-23,12531090000
2014-10-24,12619750000
2014-10-27,12430990000
2014-10-28,12701259999
2014-10-29,12495340000
2014-10-30,12342330000
2014-10-31,12678380000
2014-11-03,12185030000
2014-11-04,11981970000
2014-11-05,10288850000
2014-11-06,10582715000
2014-11-07,10531950000
2014-11-10,10423270000
2014-11-11,10008570000
2014-11-12,10064340000
2014-11-13,9869860000
2014-11-14,9997130000
2014-11-17,9799790000
2014-11-18,10040030000
2014-11-19,10210200000
2014-11-20,10217350000
2014-11-21,10197330000
2014-11-24,10269545000
2014-11-25,10275980000
2014-11-26,10406110000
2014-11-28,10531950000
2014-12-01,10160150000
2014-12-02,10965240000
2014-12-03,10829390000
2014-12-04,11042460000
2014-12-05,11031020000
2014-12-08,10582000000
2014-12-09,10590580000
2014-12-10,10358920000
2014-12-11,10410400000
2014-12-12,10350340000
2014-12-15,10323170000
2014-12-16,10183030000
2014-12-17,10371790000
2014-12-18,10735009999
2014-12-19,10817950000
2014-12-22,10992410000
2014-12-23,10852270000
2014-12-24,10888020000
2014-12-26,10998130000
2014-12-29,10833680000
2014-12-30,10795070000
2014-12-31,10676380000
2015-01-02,10666370000
2015-01-05,10400390000
2015-01-06,10011430000
2015-01-07,10130120000
2015-01-08,10476180000
2015-01-09,10657790000
2015-01-12,10217350000
2015-01-13,10220210000
2015-01-14,9971390000
2015-01-15,9493770000
2015-01-16,9749740000
2015-01-20,9901320000
2015-01-21,9917050000
2015-01-22,10170160000
2015-01-23,9977110000
2015-01-26,9912759999
2015-01-27,9881300000
2015-01-28,9713990000
2015-01-29,9724000000
2015-01-30,9582430000
2015-02-02,9681100000
2015-02-03,10125830000
2015-02-04,10178740000
2015-02-05,10092940000
2015-02-06,9806940000
2015-02-09,9791210000
2015-02-10,10007140000
2015-02-11,9619610000
2015-02-12,11783200000
2015-02-13,12127830000
2015-02-17,12049180000
2015-02-18,12237940000
2015-02-19,12678380000
2015-02-20,12695540000
2015-02-23,12708410000
2015-02-24,12655500000
2015-02-25,12751310000
2015-02-26,12849980000
2015-02-27,12762750000
2015-03-02,13043030000
2015-03-03,12937210000
2015-03-04,12761320000
2015-03-05,12581140000
2015-03-06,12255100000
2015-03-09,12299430000
2015-03-10,12036310000
2015-03-11,11900460000
2015-03-12,12033450000
2015-03-13,11800360000
2015-03-16,11893310000
2015-03-17,11925485000
2015-03-18,12056330000
2015-03-19,11983400000
2015-03-20,12348050000
2015-03-23,12370930000
2015-03-24,12209340000
2015-03-25,12037740000
2015-03-26,11957660000
2015-03-27,11981970000
2015-03-30,11956230000
2015-03-31,11976480000
2015-04-01,11856960000
2015-04-02,11880720000
2015-04-06,12009600000
2015-04-07,11927520000
2015-04-08,11959200000
2015-04-09,11977920000
2015-04-10,11941920000
2015-04-13,12026880000
2015-04-14,11990880000
2015-04-15,11964960000
2015-04-16,11894400000
2015-04-17,11622240000
2015-04-20,11659680000
2015-04-21,11704320000
2015-04-22,11910960000
2015-04-23,11921040000
2015-04-24,11746079999
2015-04-27,11763360000
2015-04-28,11744640000
2015-04-29,11764800000
2015-04-30,11590560000
2015-05-01,11638079999
2015-05-04,11507040000
2015-05-05,11191680000
2015-05-06,11059200000
2015-05-07,11299680000
2015-05-08,11797920000
2015-05-11,11754720000
2015-05-12,11638079999
2015-05-13,11685600000
2015-05-14,11831040000
2015-05-15,11783520000
2015-05-18,11734560000
2015-05-19,11613600000
2015-05-20,11486880000
2015-05-21,11419200000
2015-05-22,11558880000
2015-05-26,11198880000
2015-05-27,11304000000
2015-05-28,11059200000
2015-05-29,10981440000
2015-06-01,11017440000
2015-06-02,10990079999
2015-06-03,10810079999
2015-06-04,10817280000
2015-06-05,11003040000
2015-06-08,10869840000
2015-06-09,10830240000
2015-06-10,11012400000
2015-06-11,10981440000
2015-06-12,10958400000
2015-06-15,10919520000
2015-06-16,11008800000
2015-06-17,12621600000
2015-06-18,13056480000
2015-06-19,13095360000
2015-06-22,13066560000
2015-06-23,12994560000
2015-06-24,12813120000
2015-06-25,12695040000
2015-06-26,12792960000
2015-06-29,12350880000
2015-06-30,12548160000
2015-07-01,12513600000
2015-07-02,12509280000
2015-07-06,12512160000
2015-07-07,12503520000
2015-07-08,12323520000
2015-07-09,12378240000
2015-07-10,12735360000
2015-07-13,13003200000
2015-07-14,12913920000
2015-07-15,13014720000
2015-07-16,13119840000
2015-07-17,13273920000
2015-07-20,13246560000
2015-07-21,13327200000
2015-07-22,13212000000
2015-07-23,13445280000
2015-07-24,11643840000
2015-07-27,11606400000
2015-07-28,11424960000
2015-07-29,11478240000
2015-07-30,11331360000
2015-07-31,11430720000
2015-08-03,11354400000
2015-08-04,11289600000
2015-08-05,11226240000
2015-08-06,10961280000
2015-08-07,10702079999
2015-08-10,10844640000
2015-08-11,10752480000
2015-08-12,10584000000
2015-08-13,10324800000
2015-08-14,10438560000
2015-08-17,10584000000
2015-08-18,10405440000
2015-08-19,10332000000
2015-08-20,10134720000
2015-08-21,10009440000
2015-08-24,9542880000
2015-08-25,9581760000
2015-08-26,9846720000
2015-08-27,10128960000
2015-08-28,10166400000
2015-08-31,10065600000
2015-09-01,9819360000
2015-09-02,10041120000
2015-09-03,10003680000
2015-09-04,9678240000
2015-09-08,9734400000
2015-09-09,9636480000
2015-09-10,9718560000
2015-09-11,9636480000
2015-09-14,9761760000
2015-09-15,10088640000
2015-09-16,10065600000
2015-09-17,10064160000
2015-09-18,9884160000
2015-09-21,9846720000
2015-09-22,9676800000
2015-09-23,9459360000
2015-09-24,9426240000
2015-09-25,9344160000
2015-09-28,9054720000
2015-09-29,9132480000
2015-09-30,9074880000
2015-10-01,9234720000
2015-10-02,9555840000
2015-10-05,9682560000
2015-10-06,9624960000
2015-10-07,9753120000
2015-10-08,10019520000
2015-10-09,9789120000
2015-10-12,9717120000
2015-10-13,9603360000
2015-10-14,12055680000
2015-10-15,12003840000
2015-10-16,11980800000
2015-10-19,12116160000
2015-10-20,12132000000
2015-10-21,11832480000
2015-10-22,12032640000
2015-10-23,11937600000
2015-10-26,12045600000
2015-10-27,11773440000
2015-10-28,11707200000
2015-10-29,11653920000
2015-10-30,12064320000
2015-11-02,11975040000
2015-11-03,11844000000
2015-11-04,11897280000
2015-11-05,11967840000
2015-11-06,11148480000
2015-11-09,11105280000
2015-11-10,11282400000
2015-11-11,11482560000
2015-11-12,11397600000
2015-11-13,11224800000
2015-11-16,11311200000
2015-11-17,11249280000
2015-11-18,12049920000
2015-11-19,12175200000
2015-11-20,12237120000
2015-11-23,12211200000
2015-11-24,11949120000
2015-11-25,11918880000
2015-11-27,11921760000
2015-11-30,11861280000
2015-12-01,11941920000
2015-12-02,11940480000
2015-12-03,11972160000
2015-12-04,12149280000
2015-12-07,11962079999
2015-12-08,11980800000
2015-12-09,11867040000
2015-12-10,12026880000
2015-12-11,11877120000
2015-12-14,12067200000
2015-12-15,12371040000
2015-12-16,12510720000
2015-12-17,12294720000
2015-12-18,12146400000
2015-12-21,12113280000
2015-12-22,12153600000
2015-12-23,12222720000
2015-12-24,12304800000
2015-12-28,12268800000
2015-12-29,12457440000
2015-12-30,12405600000
2015-12-31,12361250000
2016-01-04,12032100000
2016-01-05,11879850000
2016-01-06,11614500000
2016-01-07,11265050000
2016-01-08,11046100000
2016-01-11,11157750000
2016-01-12,11217200000
2016-01-13,10576300000
2016-01-14,10428400000
2016-01-15,10241350000
2016-01-19,10322550000
2016-01-20,10042700000
2016-01-21,10078950000
2016-01-22,10244250000
2016-01-25,10076050000
2016-01-26,10105050000
2016-01-27,9793300000
2016-01-28,9761399999
2016-01-29,9680200000
2016-02-01,9742550000
2016-02-02,9135000000
2016-02-03,9101650000
2016-02-04,9252450000
2016-02-05,8463650000
2016-02-08,8102600000
2016-02-09,7843050000
2016-02-10,7880750000
2016-02-11,8855150000
2016-02-12,8685500000
2016-02-16,9181400000
2016-02-17,9475750000
2016-02-18,9145150000
2016-02-19,9195900000
2016-02-22,9150950000
2016-02-23,8801500000
2016-02-24,8795700000
2016-02-25,8997250000
2016-02-26,9045100000
2016-02-29,9077000000
2016-03-01,9584500000
2016-03-02,9471399999
2016-03-03,9507649999
2016-03-04,9439500000
2016-03-07,9497500000
2016-03-08,9072650000
2016-03-09,8842100000
2016-03-10,8847900000
2016-03-11,9236500000
2016-03-14,9648300000
2016-03-15,9686000000
2016-03-16,9784600000
2016-03-17,9469950000
2016-03-18,9324950000
2016-03-21,9527950000
2016-03-22,9285800000
2016-03-23,8952300000
2016-03-24,9023350000
2016-03-28,9063950000
2016-03-29,9509100000
2016-03-30,9654100000
2016-03-31,9709000000
2016-04-01,9815580000
2016-04-04,9503140000
2016-04-05,9338160000
2016-04-06,9567380000
2016-04-07,9249100000
2016-04-08,9087040000
2016-04-11,8846140000
2016-04-12,8970240000
2016-04-13,9313340000
2016-04-14,9272460000
2016-04-15,9198000000
2016-04-18,9554240000
2016-04-19,9422840000
2016-04-20,9400940000
2016-04-21,9316260000
2016-04-22,9247640000
2016-04-25,9132300000
2016-04-26,9125000000
2016-04-27,9298740000
2016-04-28,9285600000
2016-04-29,9430140000
2016-05-02,9473940000
2016-05-03,9611180000
2016-05-04,9216980000
2016-05-05,9057840000
2016-05-06,9062220000
2016-05-09,9211140000
2016-05-10,9650600000
2016-05-11,9587820000
2016-05-12,9311880000
2016-05-13,9411160000
2016-05-16,9475400000
2016-05-17,9605340000
2016-05-18,9368820000
2016-05-19,9234500000
2016-05-20,9421380000
2016-05-23,9763020000
2016-05-24,9646219999
2016-05-25,9767400000
2016-05-26,9723600000
2016-05-27,9828719999
2016-05-31,9890040000
2016-06-01,9790760000
2016-06-02,10019980000
2016-06-03,9951360000
2016-06-06,10433160000
2016-06-07,10019980000
2016-06-08,10109040000
2016-06-09,10142620000
2016-06-10,9814120000
2016-06-13,9652060000
2016-06-14,9500219999
2016-06-15,9466640000
2016-06-16,9400940000
2016-06-17,9209680000
2016-06-20,9440360000
2016-06-21,9418460000
2016-06-22,9452040000
2016-06-23,9633080000
2016-06-24,9033020000
2016-06-27,8764380000
2016-06-28,8927900000
2016-06-29,9327940000
2016-06-30,9387800000
2016-07-01,9433060000
2016-07-05,9387800000
2016-07-06,9487080000
2016-07-07,9579060000
2016-07-08,9800980000
2016-07-11,9957200000
2016-07-12,10179120000
2016-07-13,10014140000
2016-07-14,10005380000
2016-07-15,9965960000
2016-07-18,10036040000
2016-07-19,10008300000
2016-07-20,10116340000
2016-07-21,10028740000
2016-07-22,10233140000
2016-07-25,10228760000
2016-07-26,10211240000
2016-07-27,10198100000
2016-07-28,10399580000
2016-07-29,10215620000
2016-08-01,10285700000
2016-08-02,10133860000
2016-08-03,10145540000
2016-08-04,9284140000
2016-08-05,8878260000
2016-08-08,9028640000
2016-08-09,8920600000
2016-08-10,8942500000
2016-08-11,8992140000
2016-08-12,9008200000
2016-08-15,9070980000
2016-08-16,9052000000
2016-08-17,9059300000
2016-08-18,9085580000
2016-08-19,9052000000
2016-08-22,9022800000
2016-08-23,9145440000
2016-08-24,9041780000
2016-08-25,9037400000
2016-08-26,9106020000
2016-08-29,9043240000
2016-08-30,8942500000
2016-08-31,8906000000
2016-09-01,8952720000
2016-09-02,8935200000
2016-09-06,8981920000
2016-09-07,9075360000
2016-09-08,9022800000
2016-09-09,9011120000
2016-09-12,9287060000
2016-09-13,9203840000
2016-09-14,9024260000
2016-09-15,9025720000
2016-09-16,8948340000
2016-09-19,8760000000
2016-09-20,8796500000
2016-09-21,8838840000
2016-09-22,8958560000
2016-09-23,9033020000
2016-09-26,9035940000
2016-09-27,9381960000
2016-09-28,9355680000
2016-09-29,9198000000
2016-09-30,9161100000
2016-10-03,9185750000
2016-10-04,9340900000
2016-10-05,9551150000
2016-10-06,9401800000
2016-10-07,9280000000
2016-10-10,9367000000
2016-10-11,9197350000
2016-10-12,9133550000
2016-10-13,9024800000
2016-10-14,8889950000
2016-10-17,8911700000
2016-10-18,9162550000
2016-10-19,9261150000
2016-10-20,8994350000
2016-10-21,9129200000
2016-10-24,9255350000
2016-10-25,9211850000
2016-10-26,8953750000
2016-10-27,8968250000
2016-10-28,9329300000
2016-10-31,9349600000
2016-11-01,9203150000
2016-11-02,8936350000
2016-11-03,9097300000
2016-11-04,9227800000
2016-11-07,9197350000
2016-11-08,9149500000
2016-11-09,7631350000
2016-11-10,7515350000
2016-11-11,7396450000
2016-11-14,7076000000
2016-11-15,7252900000
2016-11-16,7308000000
2016-11-17,7390650000
2016-11-18,7364550000
2016-11-21,7493600000
2016-11-22,7444300000
2016-11-23,7364550000
2016-11-25,7419650000
2016-11-28,7276100000
2016-11-29,7148500000
2016-11-30,7000600000
2016-12-01,6838199999
2016-12-02,6736700000
2016-12-05,6957100000
2016-12-06,6984650000
2016-12-07,6902000000
2016-12-08,6968700000
2016-12-09,7138350000
2016-12-12,7062950000
2016-12-13,7109350000
2016-12-14,6904900000
2016-12-15,6870100000
2016-12-16,6868650000
2016-12-19,6735250000
2016-12-20,7074550000
2016-12-21,6710600000
2016-12-22,6726550000
2016-12-23,6748300000
2016-12-27,6857050000
2016-12-28,6793250000
2016-12-29,6807750000
2016-12-30,6723650000
2017-01-03,6841440000
2017-01-04,7035840000
2017-01-05,7084800000
2017-01-06,7310880000
2017-01-09,7332480000
2017-01-10,7388640000
2017-01-11,7439039999
2017-01-12,7470720000
2017-01-13,7620480000
2017-01-17,7574400000
2017-01-18,7614720000
2017-01-19,7511039999
2017-01-20,7466400000
2017-01-23,7400160000
2017-01-24,7506720000
2017-01-25,7581600000
2017-01-26,7513920000
2017-01-27,7488000000
2017-01-30,7524000000
2017-01-31,7617600000
2017-02-01,7469280000
2017-02-02,7496640000
2017-02-03,7575840000
2017-02-06,7482240000
2017-02-07,7482240000
2017-02-08,7472160000
2017-02-09,7561440000
2017-02-10,7488000000
2017-02-13,7400160000
2017-02-14,7515360000
2017-02-15,7588800000
2017-02-16,6756480000
2017-02-17,6776640000
2017-02-21,6744960000
2017-02-22,6559200000
2017-02-23,6258240000
2017-02-24,6137280000
2017-02-27,6164640000
2017-02-28,5971680000
2017-03-01,5971680000
2017-03-02,5878080000
2017-03-03,6010560000
2017-03-06,5990400000
2017-03-07,5948640000
2017-03-08,6311520000
2017-03-09,6276960000
2017-03-10,6278400000
2017-03-13,6265440000
2017-03-14,6085440000
2017-03-15,6150240000
2017-03-16,6202080000
2017-03-17,6230880000
2017-03-20,6192000000
2017-03-21,6006240000
2017-03-22,5961600000
2017-03-23,6122880000
2017-03-24,6147360000
2017-03-27,6143039999
2017-03-28,6210720000
2017-03-29,6285600000
2017-03-30,6236640000
2017-03-31,6042399999
2017-04-03,5987800000
2017-04-04,5829600000
2017-04-05,5846400000
2017-04-06,5922000000
2017-04-07,5888400000
2017-04-10,5913600000
2017-04-11,5803000000
2017-04-12,5810000000
2017-04-13,5790400000
2017-04-17,5847800000
2017-04-18,5875800000
2017-04-19,5884200000
2017-04-20,5979400000
2017-04-21,5971000000
2017-04-24,6067600000
2017-04-25,6111000000
2017-04-26,6230000000
2017-04-27,6314000000
2017-04-28,6301400000
2017-05-01,6294400000
2017-05-02,6454000000
2017-05-03,6315400000
2017-05-04,6424600000
2017-05-05,6463800000
2017-05-08,6584200000
2017-05-09,6568800000
2017-05-10,6718600000
2017-05-11,6388200000
2017-05-12,6475000000
2017-05-15,6533800000
2017-05-16,6386800000
2017-05-17,6155800000
2017-05-18,6245400000
2017-05-19,6171200000
2017-05-22,6015800000
2017-05-23,5721800000
2017-05-24,5712000000
2017-05-25,5574800000
2017-05-26,5469800000
2017-05-30,5468400000
2017-05-31,5391400000
2017-06-01,5595800000
2017-06-02,5478200000
2017-06-05,5465600000
2017-06-06,5329800000
2017-06-07,5219200000
2017-06-08,5234600000
2017-06-09,5247200000
2017-06-12,5293400000
2017-06-13,5429200000
2017-06-14,5399800000
2017-06-15,5307399999
2017-06-16,5307399999
2017-06-19,5054000000
2017-06-20,5041400000
2017-06-21,5014800000
2017-06-22,5003600000
2017-06-23,5174400000
2017-06-26,5133800000
2017-06-27,5108600000
2017-06-28,5339600000
2017-06-29,5320000000
2017-06-30,5305555521
2017-07-03,5344444410
2017-07-05,5247222188
2017-07-06,5091666634
2017-07-07,5088888856
2017-07-10,5026388856
2017-07-11,5056944412
2017-07-12,5181944411
2017-07-13,5281944410
2017-07-14,5295833299
2017-07-17,5277777744
2017-07-18,5316666632
2017-07-19,5499999964
2017-07-20,5262499966
2017-07-21,5213888855
2017-07-24,5176388855
2017-07-25,5391666632
2017-07-26,5424999965
2017-07-27,5351388854
2017-07-28,5469444409
2017-07-31,5419444409
2017-08-01,5187499966
2017-08-02,5218055522
2017-08-03,5251388855
2017-08-04,5487499964
2017-08-07,5494444409
2017-08-08,5493055520
2017-08-09,5630555519
2017-08-10,5515277742
2017-08-11,5858333295
2017-08-14,5761111074
2017-08-15,5647222186
2017-08-16,5579166630
2017-08-17,5445833298
2017-08-18,5544444408
2017-08-21,5622222186
2017-08-22,5706944407
2017-08-23,5741666629
2017-08-24,6016666628
2017-08-25,5794444407
2017-08-28,5830555518
2017-08-29,5790277740
2017-08-30,5912499962
2017-08-31,5934722184
2017-09-01,5936111073
2017-09-05,6187499960
2017-09-06,6154166627
2017-09-07,6362499959
2017-09-08,6258333293
2017-09-11,6177777738
2017-09-12,6224999960
2017-09-13,6168055516
2017-09-14,5968055517
2017-09-15,6101388849
2017-09-18,6054166627
2017-09-19,6055555516
2017-09-20,6099999960
2017-09-21,6144444405
2017-09-22,6161805516
2017-09-25,5725694407
2017-09-26,5712499963
2017-09-27,5824999962
2017-09-28,5619444408
2017-09-29,5629166630
2017-10-02,5640124035
2017-10-03,5758486813
2017-10-04,5973191389
2017-10-05,6002093928
2017-10-06,5726831652
2017-10-09,5786013041
2017-10-10,5641500346
2017-10-11,5550663795
2017-10-12,5440558885
2017-10-13,5422666837
2017-10-16,5466708801
2017-10-17,5554792729
2017-10-18,5506621831
2017-10-19,5571308466
2017-10-20,5546534861
2017-10-23,5469461424
2017-10-24,5408903723
2017-10-25,5173554477
2017-10-26,5195575459
2017-10-27,5099233662
2017-10-30,5140523004
2017-10-31,5161167675
2017-11-01,5212091196
2017-11-02,5297422501
2017-11-03,5351098645
2017-11-06,5440558885
2017-11-07,4177105038
2017-11-08,4357401829
2017-11-09,4343638715
2017-11-10,4292715194
2017-11-13,4232157493
2017-11-14,4137192008
2017-11-15,4201878643
2017-11-16,4174352415
2017-11-17,4210136511
2017-11-20,4194997086
2017-11-21,4515677637
2017-11-22,4705608608
2017-11-24,4702855985
2017-11-27,4734511147
2017-11-28,4777176799
2017-11-29,4757908440
2017-11-30,4764789997
2017-12-01,4719371722
2017-12-04,4784058356
2017-12-05,4733134835
2017-12-06,4737263769
2017-12-07,4741392704
2017-12-08,4748274261
2017-12-11,4861131794
2017-12-12,4830852943
2017-12-13,4777176799
2017-12-14,4746897949
2017-12-15,4821218764
2017-12-18,4880400153
2017-12-19,4785434668
2017-12-20,4742769015
2017-12-21,4781305734
2017-12-22,4757908440
2017-12-26,4752403195
2017-12-27,4752403195
2017-12-28,4748274261
2017-12-29,4742769015
2018-01-02,4833030000
2018-01-03,4860830000
2018-01-04,4853880000
2018-01-05,4827470000
2018-01-08,4819130000
2018-01-09,4808010000
2018-01-10,4794110000
2018-01-11,4903920000
2018-01-12,5079060000
2018-01-16,4988710000
2018-01-17,4990100000
2018-01-18,4951180000
2018-01-19,4927550000
2018-01-22,5170800000
2018-01-23,5045700000
2018-01-24,5047090000
2018-01-25,5072110000
2018-01-26,5112420000
2018-01-29,5049870000
2018-01-30,4851100000
2018-01-31,4819130000
2018-02-01,4812180000
2018-02-02,4774650000
2018-02-05,4951180000
2018-02-06,5676760000
2018-02-07,5705950000
2018-02-08,5566950000
2018-02-09,5325090000
2018-02-12,5241690000
2018-02-13,5543320000
2018-02-14,5660080000
2018-02-15,5893600000
2018-02-16,6021480000
2018-02-20,5928350000
2018-02-21,5889430000
2018-02-22,5789350000
2018-02-23,5879700000
2018-02-26,5761550000
2018-02-27,5522470000
2018-02-28,5571120000
2018-03-01,5526640000
2018-03-02,5516910000
2018-03-05,5833830000
2018-03-06,5890820000
2018-03-07,5918620000
2018-03-08,5900550000
2018-03-09,5981170000
2018-03-12,6000630000
2018-03-13,5876920000
2018-03-14,6122950000
2018-03-15,6079860000
2018-03-16,6084030000
2018-03-19,5938080000
2018-03-20,5807420000
2018-03-21,5781010000
2018-03-22,5575290000
2018-03-23,5565560000
2018-03-26,5829660000
2018-03-27,5605870000
2018-03-28,5644790000
2018-03-29,5683710000
2018-04-02,5398560000
2018-04-03,5521380000
2018-04-04,5715960000
2018-04-05,5709060000
2018-04-06,5540700000
2018-04-09,5492400000
2018-04-10,5634540000
2018-04-11,5565540000
2018-04-12,5617980000
2018-04-13,5591760000
2018-04-16,5677320000
2018-04-17,5793240000
2018-04-18,5809800000
2018-04-19,5746320000
2018-04-20,5743560000
2018-04-23,5891220000
2018-04-24,5783580000
2018-04-25,5289540000
2018-04-26,5159820000
2018-04-27,5143260000
2018-04-30,5163960000
2018-05-01,5179140000
2018-05-02,5285400000
2018-05-03,5244000000
2018-05-04,5317140000
2018-05-07,5441340000
2018-05-08,5351640000
2018-05-09,6571560000
2018-05-10,6694380000
2018-05-11,6760620000
2018-05-14,6716460000
2018-05-15,6675060000
2018-05-16,6721980000
2018-05-17,6741300000
2018-05-18,6612960000
2018-05-21,6628140000
2018-05-22,6654360000
2018-05-23,6717840000
2018-05-24,6774420000
2018-05-25,6828240000
2018-05-29,6884820000
2018-05-30,7003500000
2018-05-31,7195320000
2018-06-01,7618980000
2018-06-04,7748700000
2018-06-05,7936380000
2018-06-06,7759740000
2018-06-07,7654860000
2018-06-08,7705920000
2018-06-11,7881180000
2018-06-12,8044020000
2018-06-13,7814940000
2018-06-14,7966740000
2018-06-15,8078520000
2018-06-18,8186160000
2018-06-19,8158560000
2018-06-20,8079900000
2018-06-21,7870140000
2018-06-22,7819080000
2018-06-25,7687980000
2018-06-26,7801140000
2018-06-27,7725240000
2018-06-28,7817700000
2018-06-29,7687980000
2018-07-02,7743180000
2018-07-03,7761120000
2018-07-05,7853580000
2018-07-06,7943280000
2018-07-09,7962600000
2018-07-10,7947420000
2018-07-11,8096460000
2018-07-12,8224800000
2018-07-13,8159940000
2018-07-16,8190300000
2018-07-17,8331060000
2018-07-18,8411100000
2018-07-19,8373840000
2018-07-20,8259300000
2018-07-23,8321400000
2018-07-24,8237220000
2018-07-25,8394540000
2018-07-26,8375220000
2018-07-27,7994340000
2018-07-30,8037120000
2018-07-31,8002620000
2018-08-01,7955700000
2018-08-02,7062840000
2018-08-03,7351260000
2018-08-06,7461660000
2018-08-07,7522380000
2018-08-08,7552740000
2018-08-09,7595520000
2018-08-10,7500300000
2018-08-13,7438200000
2018-08-14,7486500000
2018-08-15,7355400000
2018-08-16,7413360000
2018-08-17,7389900000
2018-08-20,7429920000
2018-08-21,7429920000
2018-08-22,7389900000
2018-08-23,7331940000
2018-08-24,7366440000
2018-08-27,7363680000
2018-08-28,7334700000
2018-08-29,7471320000
2018-08-30,7427160000
2018-08-31,7494780000
2018-09-04,7316760000
2018-09-05,7065600000
2018-09-06,6986940000
2018-09-07,6997980000
2018-09-10,6992460000
2018-09-11,7038000000
2018-09-12,7058700000
2018-09-13,6905520000
2018-09-14,6953820000
2018-09-17,6799260000
2018-09-18,6989700000
2018-09-19,6971760000
2018-09-20,6844800000
2018-09-21,6900000000
2018-09-24,7055940000
2018-09-25,7176000000
2018-09-26,7214640000
2018-09-27,7164960000
2018-09-28,7047660000
2018-10-01,7047660000
2018-10-02,6962100000
2018-10-03,7129080000
2018-10-04,7112520000
2018-10-05,6999360000
2018-10-08,6897240000
2018-10-09,6596400000
2018-10-10,6099600000
2018-10-11,6161700000
2018-10-12,6258300000
2018-10-15,6210000000
2018-10-16,6577080000
2018-10-17,6508080000
2018-10-18,6400440000
2018-10-19,6430800000
2018-10-22,6523260000
2018-10-23,6578460000
2018-10-24,6447360000
2018-10-25,6727500000
2018-10-26,6546720000
2018-10-29,6753720000
2018-10-30,6992460000
2018-10-31,7195320000
2018-11-01,7354020000
2018-11-02,7400940000
2018-11-05,7347120000
2018-11-06,7866000000
2018-11-07,8013660000
2018-11-08,9236340000
2018-11-09,8735400000
2018-11-12,8648460000
2018-11-13,8707800000
2018-11-14,8466300000
2018-11-15,8721600000
2018-11-16,8786460000
2018-11-19,8400060000
2018-11-20,8108880000
2018-11-21,8195820000
2018-11-23,8093700000
2018-11-26,8446980000
2018-11-27,8540820000
2018-11-28,8738160000
2018-11-29,8768520000
2018-11-30,8840280000
2018-12-03,8913420000
2018-12-04,8724360000
2018-12-06,8815440000
2018-12-07,8502180000
2018-12-10,8430420000
2018-12-11,8527020000
2018-12-12,8633280000
2018-12-13,8471820000
2018-12-14,8376600000
2018-12-17,7963980000
2018-12-18,8001240000
2018-12-19,7820460000
2018-12-20,7591380000
2018-12-21,7242240000
2018-12-24,7122180000
2018-12-26,7407840000
2018-12-27,7468560000
2018-12-28,7389900000
2018-12-31,7443720000
2019-01-02,7482360000
2019-01-03,7043520000
2019-01-04,7440960000
2019-01-07,7623120000
2019-01-08,7889460000
2019-01-09,7981920000
2019-01-10,7943280000
2019-01-11,7730760000
2019-01-14,7694880000
2019-01-15,7831500000
2019-01-16,7852200000
2019-01-17,8066100000
2019-01-18,8147520000
2019-01-22,7632780000
2019-01-23,7670040000
2019-01-24,7823220000
2019-01-25,7897740000
2019-01-28,7837020000
2019-01-29,7774920000
2019-01-30,7881180000
2019-01-31,7918440000
2019-02-01,7951560000
2019-02-04,7951560000
2019-02-05,8273100000
2019-02-06,8172360000
2019-02-07,8096460000
2019-02-08,8169600000
2019-02-11,8216520000
2019-02-12,8333820000
2019-02-13,7857720000
2019-02-14,7970880000
2019-02-15,7839780000
2019-02-19,7787340000
2019-02-20,7645200000
2019-02-21,7504440000
2019-02-22,7581720000
2019-02-25,7337460000
2019-02-26,7347120000
2019-02-27,7469940000
2019-02-28,7337460000
2019-03-01,7250520000
2019-03-04,7272600000
2019-03-05,7220160000
2019-03-06,6989700000
2019-03-07,7044900000
2019-03-08,7025580000
2019-03-11,7149780000
2019-03-12,7079400000
2019-03-13,7193940000
2019-03-14,7135980000
2019-03-15,7119420000
2019-03-18,7082160000
2019-03-19,7060080000
2019-03-20,7145640000
2019-03-21,7221540000
2019-03-22,7003500000
2019-03-25,7007640000
2019-03-26,7026960000
2019-03-27,6995220000
2019-03-28,7069740000
2019-03-29,7100100000
2019-04-01,7330860000
2019-04-02,7305840000
2019-04-03,7440670000
2019-04-04,7464300000
2019-04-05,7353100000
2019-04-08,7257190000
2019-04-09,7369780000
2019-04-10,7418430000
2019-04-11,7489320000
2019-04-12,7310010000
2019-04-15,7286380000
2019-04-16,7259970000
2019-04-17,7059810000
2019-04-18,7189080000
2019-04-22,7208540000
2019-04-23,7451790000
2019-04-24,7373950000
2019-04-25,7347540000
2019-04-26,7421210000
2019-04-29,7419820000
2019-04-30,7398970000
2019-05-01,7261360000
2019-05-02,7289160000
2019-05-03,7656120000
2019-05-06,7814580000
2019-05-07,7636660000
2019-05-08,6765130000
2019-05-09,6787370000
2019-05-10,6598330000
2019-05-13,6394000000
2019-05-14,6533000000
2019-05-15,6560800000
2019-05-16,6498250000
2019-05-17,6253610000
2019-05-20,6246660000
2019-05-21,6357860000
2019-05-22,6464890000
2019-05-23,6331450000
2019-05-24,6288360000
2019-05-28,6146580000
2019-05-29,6021480000
2019-05-30,5981170000
2019-05-31,5875530000
2019-06-03,5929740000
2019-06-04,6305040000
2019-06-05,6261950000
2019-06-06,6232760000
2019-06-07,6292530000
2019-06-10,6345350000
2019-06-11,6367590000
2019-06-12,6317550000
2019-06-13,6432920000
2019-06-14,6331450000
2019-06-17,6349520000
2019-06-18,6437090000
2019-06-19,6559410000
2019-06-20,6498250000
2019-06-21,6574700000
2019-06-24,6450990000
2019-06-25,6186890000
2019-06-26,6122950000
2019-06-27,6474620000
2019-06-28,6434310000
2019-07-01,6503810000
2019-07-02,6567750000
2019-07-03,6505200000
2019-07-05,6612230000
2019-07-08,6330060000
2019-07-09,6364810000
2019-07-10,6366200000
2019-07-11,6387050000
2019-07-12,6286970000
2019-07-15,6360640000
2019-07-16,6499640000
2019-07-17,6339790000
2019-07-18,6375930000
2019-07-19,6236930000
2019-07-22,6199400000
2019-07-23,6398170000
2019-07-24,6513540000
2019-07-25,6394000000
2019-07-26,6477400000
2019-07-29,6300870000
2019-07-30,6143800000
2019-07-31,6136850000
2019-08-01,6068740000
2019-08-02,6024260000
2019-08-05,5832440000
2019-08-06,5897770000
2019-08-07,5754600000
2019-08-08,6013140000
2019-08-09,5932520000
2019-08-12,5614210000
2019-08-13,5673980000
2019-08-14,5361230000
2019-08-15,5344550000
2019-08-16,5280610000
2019-08-19,5384860000
2019-08-20,5286170000
2019-08-21,5354280000
2019-08-22,5302850000
2019-08-23,5045700000
2019-08-26,4997050000
2019-08-27,4977590000
2019-08-28,5112420000
2019-08-29,5265320000
2019-08-30,5280610000
2019-09-03,5152730000
2019-09-04,5240300000
2019-09-05,5297290000
2019-09-06,5265320000
2019-09-09,5505790000
2019-09-10,5690660000
2019-09-11,5942250000
2019-09-12,5736530000
2019-09-13,5673980000
2019-09-16,5719850000
2019-09-17,5760160000
2019-09-18,5694830000
2019-09-19,5600310000
2019-09-20,5439070000
2019-09-23,5303545000
2019-09-24,5254200000
2019-09-25,5287560000
2019-09-26,5266710000
2019-09-27,5341770000
2019-09-30,5376520000
2019-10-01,5313970000
2019-10-02,5212500000
2019-10-03,5372350000
2019-10-04,5418220000
2019-10-07,5393200000
2019-10-08,5174970000
2019-10-09,5201380000
2019-10-10,5258370000
2019-10-11,5436290000
2019-10-14,5377910000
2019-10-15,5405710000
2019-10-16,5380690000
2019-10-17,5411270000
2019-10-18,5200685000
2019-10-21,5252810000
2019-10-22,5404320000
2019-10-23,5547490000
2019-10-24,5451580000
2019-10-25,5604480000
2019-10-28,5632280000
2019-10-29,5528030000
2019-10-30,5596140000
2019-10-31,5615600000
2019-11-01,5615600000
2019-11-04,5726800000
2019-11-05,5696220000
2019-11-06,5669810000
2019-11-07,4399350000
2019-11-08,4442440000
2019-11-11,4413250000
2019-11-12,4406300000
2019-11-13,4286760000
2019-11-14,4317340000
2019-11-15,4328460000
2019-11-18,4393790000
2019-11-19,3944820000
2019-11-20,3889220000
2019-11-21,3900340000
2019-11-22,3889220000
2019-11-25,3971925000
2019-11-26,4046290000
2019-11-27,3986520000
2019-11-29,3947600000
2019-12-02,3958720000
2019-12-03,3879490000
2019-12-04,3968450000
2019-12-05,4035170000
2019-12-06,4036560000
2019-12-09,4008760000
2019-12-10,4026830000
2019-12-11,4021965000
2019-12-12,4093550000
2019-12-13,4065750000
2019-12-16,4096330000
2019-12-17,4060190000
2019-12-18,4154710000
2019-12-19,4217260000
2019-12-20,4178340000
2019-12-23,4154710000
2019-12-24,4190850000
2019-12-26,4218650000
2019-12-27,4210310000
2019-12-30,4172780000
2019-12-31,4050666656
2020-01-02,4034666656
2020-01-03,4021999989
2020-01-06,4007999989
2020-01-07,4062666656
2020-01-08,4078666656
2020-01-09,4064666656
2020-01-10,4015999989
2020-01-13,4081333323
2020-01-14,4139999989
2020-01-15,4130666656
2020-01-16,4202666656
2020-01-17,4123999989
2020-01-21,4064666656
2020-01-22,4034666656
2020-01-23,4074666656
2020-01-24,3965333323
2020-01-27,3858666657
2020-01-28,3838666657
2020-01-29,3773333323
2020-01-30,3761333323
2020-01-31,3642666657
2020-02-03,3685999990
2020-02-04,3767999990
2020-02-05,3905333323
2020-02-06,3894666656
2020-02-07,3850666657
2020-02-10,3818666657
2020-02-11,3974666656
2020-02-12,4059999989
2020-02-13,3951999990
2020-02-14,3953333323
2020-02-18,3849333323
2020-02-19,3845333323
2020-02-20,3862666657
2020-02-21,3771999990
2020-02-24,3586666657
2020-02-25,3415999991
2020-02-26,3147999992
2020-02-27,3029333325
2020-02-28,3126666658
2020-03-02,3214666658
2020-03-03,3126666658
2020-03-04,3181333325
2020-03-05,2898666659
2020-03-06,2933333326
2020-03-09,2678666659
2020-03-10,2623999993
2020-03-11,2430666660
2020-03-12,1989333328
2020-03-13,2277333327
2020-03-16,2241333327
2020-03-17,2079999994
2020-03-18,1926666661
2020-03-19,2091999994
2020-03-20,2111999994
2020-03-23,2273333327
2020-03-24,2473333327
2020-03-25,2634666660
2020-03-26,2638666660
2020-03-27,2394666660
2020-03-30,2382666660
2020-03-31,2330260000
2020-04-01,2233780000
2020-04-02,2180180000
2020-04-03,2103800000
2020-04-06,2249860000
2020-04-07,2247180000
2020-04-08,2334280000
2020-04-09,2457560000
2020-04-13,2426740000
2020-04-14,2426740000
2020-04-15,2578160000
2020-04-16,2470290000
2020-04-17,2516520000
2020-04-20,2421380000
2020-04-21,2326240000
2020-04-22,2324900000
2020-04-23,2481680000
2020-04-24,2470960000
2020-04-27,2505800000
2020-04-28,2559400000
2020-04-29,2742980000
2020-04-30,2675980000
2020-05-01,2461580000
2020-05-04,2508480000
2020-05-05,2460240000
2020-05-06,2424060000
2020-05-07,2508480000
2020-05-08,2399940000
2020-05-11,2237800000
2020-05-12,2264600000
2020-05-13,2089060000
2020-05-14,2091740000
2020-05-15,2098440000
2020-05-18,2548010000
2020-05-19,2474980000
2020-05-20,2617020000
2020-05-21,2610320000
2020-05-22,2535280000
2020-05-26,2929910000
2020-05-27,3128900000
2020-05-28,2832760000
2020-05-29,2583520000
2020-06-01,2927900000
2020-06-02,2839460000
2020-06-03,3059220000
2020-06-04,2949340000
2020-06-05,3415660000
2020-06-08,3410300000
2020-06-09,3197240000
2020-06-10,2977480000
2020-06-11,2666600000
2020-06-12,2734940000
2020-06-15,2789880000
2020-06-16,2748340000
2020-06-17,2539300000
2020-06-18,2540640000
2020-06-19,2434780000
2020-06-22,2436120000
2020-06-23,2694740000
2020-06-24,2432100000
2020-06-25,2457560000
2020-06-26,2416020000
2020-06-29,2554040000
2020-06-30,2534666660
2020-07-01,2561999993
2020-07-02,2546666660
2020-07-06,2601333326
2020-07-07,2466666660
2020-07-08,2535999993
2020-07-09,2583999993
2020-07-10,2614666660
2020-07-13,2515999993
2020-07-14,2513333327
2020-07-15,2742666659
2020-07-16,2619333326
2020-07-17,2627999993
2020-07-20,2617333326
2020-07-21,2673333326
2020-07-22,2699999993
2020-07-23,2710666659
2020-07-24,2670666659
2020-07-27,2778666659
2020-07-28,2819999992
2020-07-29,2858666659
2020-07-30,2803999992
2020-07-31,2697333326
2020-08-03,2713999993
2020-08-04,2762666659
2020-08-05,2811999992
2020-08-06,2875999992
2020-08-07,2807999992
2020-08-10,2822666659
2020-08-11,2950666659
2020-08-12,3067999992
2020-08-13,2967999992
2020-08-14,2971999992
2020-08-17,2961333325
2020-08-18,2927999992
2020-08-19,2922666659
2020-08-20,2931999992
2020-08-21,2933333326
2020-08-24,3117333325
2020-08-25,3155999992
2020-08-26,3057333325
2020-08-27,3249333325
2020-08-28,3274666658
2020-08-31,3115999992
2020-09-01,3087999992
2020-09-02,3160666658
2020-09-03,3039999992
2020-09-04,3013333325
2020-09-08,2937333325
2020-09-09,2830666659
2020-09-10,2857333326
2020-09-11,2835999992
2020-09-14,2842666659
2020-09-15,2805333326
2020-09-16,2841999992
2020-09-17,2813333326
2020-09-18,2766666659
2020-09-21,2595999993
2020-09-22,2649999993
2020-09-23,2537333326
2020-09-24,2523999993
2020-09-25,2575999993
2020-09-28,2642666660
2020-09-29,2610666660
2020-09-30,2644650000
2020-10-01,2682450000
2020-10-02,2612250000
2020-10-05,2605500000
2020-10-06,2659500000
2020-10-07,2722950000
2020-10-08,2729700000
2020-10-09,2749950000
2020-10-12,2837700000
2020-10-13,2710800000
2020-10-14,2686500000
2020-10-15,2670300000
2020-10-16,2633850000
2020-10-19,2585250000
2020-10-20,2652075000
2020-10-21,2666250000
2020-10-22,2801250000
2020-10-23,2822850000
2020-10-26,2714850000
2020-10-27,2644650000
2020-10-28,2527200000
2020-10-29,2619000000
2020-10-30,2579850000
2020-11-02,2566350000
2020-11-03,2643300000
2020-11-04,2662200000
2020-11-05,2774250000
2020-11-06,2697300000
2020-11-09,3281850000
2020-11-10,3623400000
2020-11-11,3396600000
2020-11-12,3175200000
2020-11-13,3439800000
2020-11-16,3480300000
2020-11-17,3457350000
2020-11-18,3586950000
2020-11-19,3584250000
2020-11-20,3497850000
2020-11-23,3597750000
2020-11-24,3708450000
2020-11-25,3682800000
2020-11-27,3716550000
2020-11-30,3523500000
2020-12-01,3724650000
2020-12-02,3863700000
2020-12-03,3861000000
2020-12-04,4176900000
2020-12-07,4049325000
2020-12-08,3981150000
2020-12-09,3967650000
2020-12-10,3966300000
2020-12-11,3835350000
2020-12-14,3716550000
2020-12-15,3758400000
2020-12-16,3688200000
2020-12-17,3611250000
2020-12-18,3643650000
2020-12-21,3516750000
2020-12-22,3493800000
2020-12-23,3526200000
2020-12-24,3510000000
2020-12-28,3673350000
2020-12-29,3746250000
2020-12-30,3789450000
2020-12-31,3906769880
2021-01-04,3842969260
2021-01-05,4047945720
2021-01-06,4261066940
2021-01-07,4339799620
2021-01-08,4839344900
2021-01-11,4854276960
2021-01-12,4696811600
2021-01-13,4642513200
2021-01-14,4715816040
2021-01-15,4537988780
2021-01-19,4551563380
2021-01-20,4570567820
2021-01-21,4565137980
2021-01-22,4505409740
2021-01-25,4487762760
2021-01-26,4438894200
2021-01-27,4607219240
2021-01-28,4516269420
2021-01-29,4204053620
2021-02-01,4453826260
2021-02-02,4573282740
2021-02-03,4677807160
2021-02-04,4802693480
2021-02-05,4873281400
2021-02-08,4924864880
2021-02-09,4946584240
2021-02-10,4966946140
2021-02-11,5019887080
2021-02-12,5074185480
2021-02-16,5061968340
2021-02-17,5165135300
2021-02-18,5218076240
2021-02-19,5418980320
2021-02-22,6069203660
2021-02-23,6251103300
2021-02-24,6727571760
2021-02-25,5910380840
2021-02-26,6735716520
2021-03-01,6699065100
2021-03-02,7145669440
2021-03-03,7251551320
2021-03-04,7016710740
2021-03-05,6990919000
2021-03-08,6464224520
2021-03-09,6834811100
2021-03-10,7031642800
2021-03-11,7508111260
2021-03-12,8116253340
2021-03-15,8260144100
2021-03-16,7957430520
2021-03-17,8284578380
2021-03-18,7977792420
2021-03-19,8143402540
2021-03-22,7286845280
2021-03-23,6704494940
2021-03-24,6610830200
2021-03-25,7345216060
2021-03-26,7558337280
2021-03-29,7296347500
2021-03-30,7347930980
2021-03-31,7369230000
2021-04-01,7569250000
2021-04-05,7780230000
2021-04-06,7430880000
2021-04-07,7245930000
2021-04-08,7080160000
2021-04-09,7191130000
2021-04-12,7004810000
2021-04-13,7081530000
2021-04-14,7196610000
2021-04-15,7173320000
2021-04-16,7203460000
2021-04-19,7262370000
2021-04-20,6507500000
2021-04-21,6903430000
2021-04-22,6804105000
2021-04-23,6985630000
2021-04-26,6678750000
2021-04-27,6637650000
2021-04-28,6692450000
2021-04-29,6554080000
2021-04-30,6456810000
2021-05-03,6484210000
2021-05-04,6463660000
2021-05-05,6225280000
2021-05-06,6125270000
2021-05-07,6051290000
2021-05-10,6123900000
2021-05-11,6226650000
2021-05-12,5638920000
2021-05-13,5603300000
2021-05-14,5777290000
2021-05-17,5617000000
2021-05-18,5653990000
2021-05-19,5519730000
2021-05-20,5515620000
2021-05-21,5449860000
2021-05-24,5603300000
2021-05-25,5595080000
2021-05-26,5688240000
2021-05-27,5885520000
2021-05-28,5952650000
2021-06-01,5937580000
2021-06-02,5814280000
2021-06-03,5789620000
2021-06-04,5652620000
2021-06-07,5788250000
2021-06-08,5706050000
2021-06-09,5866340000
2021-06-10,5730710000
2021-06-11,5893740000
2021-06-14,5570420000
2021-06-15,5558090000
2021-06-16,5669060000
2021-06-17,5617000000
2021-06-18,5589600000
2021-06-21,5600560000
2021-06-22,5555350000
2021-06-23,5678650000
2021-06-24,5769070000
2021-06-25,5804690000
2021-06-28,5547130000
2021-06-29,5480000000
2021-06-30,5561400000
2021-07-01,5598660000
2021-07-02,5558640000
2021-07-06,5438580000
2021-07-07,5318520000
2021-07-08,5244000000
2021-07-09,5366820000
2021-07-12,5226060000
2021-07-13,5064600000
2021-07-14,4966620000
2021-07-15,4999740000
2021-07-16,4868640000
2021-07-19,4729260000
2021-07-20,4907280000
2021-07-21,5056320000
2021-07-22,4976280000
2021-07-23,5003880000
2021-07-26,5333700000
2021-07-27,5244000000
2021-07-28,5275740000
2021-07-29,5284020000
2021-07-30,5237100000
2021-08-02,5282640000
2021-08-03,5114280000
2021-08-04,4974900000
2021-08-05,5237100000
2021-08-06,5139120000
2021-08-09,4970760000
2021-08-10,4947300000
2021-08-11,5052180000
2021-08-12,4899000000
2021-08-13,4823100000
2021-08-16,4629900000
2021-08-17,4567800000
2021-08-18,4629900000
2021-08-19,4500180000
2021-08-20,4507080000
2021-08-23,4654740000
2021-08-24,4828620000
2021-08-25,4969380000
2021-08-26,4914180000
2021-08-27,4990080000
2021-08-30,4755480000
2021-08-31,4830000000
2021-09-01,4770660000
2021-09-02,4766520000
2021-09-03,4683720000
2021-09-07,4791360000
2021-09-08,4737540000
2021-09-09,4796880000
2021-09-10,4772040000
2021-09-13,5012160000
2021-09-14,4893480000
2021-09-15,4944540000
2021-09-16,4930740000
2021-09-17,4939020000
2021-09-20,4563660000
2021-09-21,4472580000
2021-09-22,4620240000
2021-09-23,4879680000
2021-09-24,5053560000
2021-09-27,4995600000
2021-09-28,4821720000
2021-09-29,4700280000
2021-09-30,4649527036
2021-10-01,5080827329
2021-10-04,4947591251
2021-10-05,4917372759
2021-10-06,5002533964
2021-10-07,4939349844
2021-10-08,4948964819
2021-10-11,4933855573
2021-10-12,5002533964
2021-10-13,4947591251
2021-10-14,5127528634
2021-10-15,5200327728
2021-10-18,5112419388
2021-10-19,4980556879
2021-10-20,4806113767
2021-10-21,4748423919
2021-10-22,4675624825
2021-10-25,4731941105
2021-10-26,4666009850
2021-10-27,4545135883
2021-10-28,4576727942
2021-10-29,4528653069
2021-11-01,4505302416
2021-11-02,4421514780
2021-11-03,4509423120
2021-11-04,4461348246
2021-11-05,4812981606
2021-11-08,4789630953
2021-11-09,4303387948
2021-11-10,4245698100
2021-11-11,4214106041
2021-11-12,4229215286
2021-11-15,4325365033
2021-11-16,4196249659
2021-11-17,4123450565
2021-11-18,4090484938
2021-11-19,3976478809
2021-11-22,3869340520
2021-11-23,3900932580
2021-11-24,3874834792
2021-11-26,3674293891
2021-11-29,3650943238
2021-11-30,3552046356
2021-12-01,3440787364
2021-12-02,3524575000
2021-12-03,3399580329
2021-12-06,3701765247
2021-12-07,3692150273
2021-12-08,3734730875
2021-12-09,3675667459
2021-12-10,3630339721
2021-12-13,3484741533
2021-12-14,3453149474
2021-12-15,3416063143
2021-12-16,3308924854
2021-12-17,3527322136
2021-12-20,3394086058
2021-12-21,3660558213
2021-12-22,3671546756
2021-12-23,3744345850
2021-12-27,3741598714
2021-12-28,3759455095
2021-12-29,3737478011
2021-12-30,3791047155
2021-12-31,3789140000
2022-01-03,3954550000
2022-01-04,4033780000
2022-01-05,3929530000
2022-01-06,3893390000
2022-01-07,3923970000
2022-01-10,3967060000
2022-01-11,4051850000
2022-01-12,3992080000
2022-01-13,3997640000
2022-01-14,4025440000
2022-01-18,3911460000
2022-01-19,3890610000
2022-01-20,3889220000
2022-01-21,3821110000
2022-01-24,3708520000
2022-01-25,3705740000
2022-01-26,3620950000
2022-01-27,3488900000
2022-01-28,3593150000
2022-01-31,3773850000
2022-02-01,3844740000
2022-02-02,3847520000
2022-02-03,3689060000
2022-02-04,3759950000
2022-02-07,3873930000
2022-02-08,3892000000
2022-02-09,4086600000
2022-02-10,4078260000
2022-02-11,3976790000
2022-02-14,3943430000
2022-02-15,4179730000
2022-02-16,4062970000
2022-02-17,3961500000
2022-02-18,3887830000
2022-02-22,3769680000
2022-02-23,3694620000
2022-02-24,3709910000
2022-02-25,3668210000
2022-02-28,3536160000
2022-03-01,3291520000
2022-03-02,3440250000
2022-03-03,3226190000
2022-03-04,2999620000
2022-03-07,2870350000
2022-03-08,3208120000
2022-03-09,3309590000
2022-03-10,3338780000
2022-03-11,3273450000
2022-03-14,3298470000
2022-03-15,3347120000
2022-03-16,3538940000
2022-03-17,3463880000
2022-03-18,3527820000
2022-03-21,3465270000
2022-03-22,3601490000
2022-03-23,3551450000
2022-03-24,3647360000
2022-03-25,3652920000
2022-03-28,3644580000
2022-03-29,3846130000
2022-03-30,3764120000
2022-03-31,3788447040
2022-04-01,3827560800
2022-04-04,3922551360
2022-04-05,3785653200
2022-04-06,3637579680
2022-04-07,3590084400
2022-04-08,3534207600
2022-04-11,3495093840
2022-04-12,3447598560
2022-04-13,3659930400
2022-04-14,3747936360
2022-04-18,3733967160
2022-04-19,3890422200
2022-04-20,3729776400
2022-04-21,3671105760
2022-04-22,3594275160
2022-04-25,3644564280
2022-04-26,3483918480
2022-04-27,3567733680
2022-04-28,3682281120
2022-04-29,3585893640
2022-05-02,3531413760
2022-05-03,3462964680
2022-05-04,3429438600
2022-05-05,3604053600
2022-05-06,3194756040
2022-05-09,2962867320
2022-05-10,3159833040
2022-05-11,3190565280
2022-05-12,3186374520
2022-05-13,3460170840
2022-05-16,3380546400
2022-05-17,3543986040
2022-05-18,3476933880
2022-05-19,3497887680
2022-05-20,3443407800
2022-05-23,3285555840
2022-05-24,3088590120
2022-05-25,3275777400
2022-05-26,3516047640
2022-05-27,3574718280
2022-05-31,3469949280
2022-06-01,3384737160
2022-06-02,3510459960
2022-06-03,3429438600
2022-06-06,3474140040
2022-06-07,3440613960
2022-06-08,3412675560
2022-06-09,3259014360
2022-06-10,3088590120
2022-06-13,2756123160
2022-06-14,2728184760
2022-06-15,2793840000
2022-06-16,2554966680
2022-06-17,2710024800
2022-06-21,2623415760
2022-06-22,2570332800
2022-06-23,2556363600
2022-06-24,2698849440
2022-06-27,2704437120
2022-06-28,2641575720
2022-06-29,2570332800
2022-06-30,2492000000
2022-07-01,2585800000
2022-07-05,2634800000
2022-07-06,2543800000
2022-07-07,2619400000
2022-07-08,2576000000
2022-07-11,2466800000
2022-07-12,2485000000
2022-07-13,2492000000
2022-07-14,2409400000
2022-07-15,2427600000
2022-07-18,2534000000
2022-07-19,2665600000
2022-07-20,2704800000
2022-07-21,2629200000
2022-07-22,2587200000
2022-07-25,2636199999
2022-07-26,2517200000
2022-07-27,2688000000
2022-07-28,2662800000
2022-07-29,2661400000
2022-08-01,2648800000
2022-08-02,2720200000
2022-08-03,2823800000
2022-08-04,2808400000
2022-08-05,3340400000
2022-08-08,3477600000
2022-08-09,3493000000
2022-08-10,3649800000
2022-08-11,3647000000
2022-08-12,3827600000
2022-08-15,3816400000
2022-08-16,3920000000
2022-08-17,3824800000
2022-08-18,3801000000
2022-08-19,3690400000
2022-08-22,3544800000
2022-08-23,3519600000
2022-08-24,3522400000
2022-08-25,3585400000
2022-08-26,3505600000
2022-08-29,3441199999
2022-08-30,3316600000
2022-08-31,3332000000
2022-09-01,3291400000
2022-09-02,3276000000
2022-09-06,3285800000
2022-09-07,3371199999
2022-09-08,3432800000
2022-09-09,3536400000
2022-09-12,3592400000
2022-09-13,3535000000
2022-09-14,3614800000
2022-09-15,3620400000
2022-09-16,3414600000
2022-09-19,3404800000
2022-09-20,3446800000
2022-09-21,3294200000
2022-09-22,3144400000
2022-09-23,3088400000
2022-09-26,3057600000
2022-09-27,3120600000
2022-09-28,3218600000
2022-09-29,3131800000
2022-09-30,3113279999
2022-10-03,3102000000
2022-10-04,3330420000
2022-10-05,3286710000
2022-10-06,3279660000
2022-10-07,3226080000
2022-10-10,3145710000
2022-10-11,3125970000
2022-10-12,3234540000
2022-10-13,3196470000
2022-10-14,3131610000
2022-10-17,3285300000
2022-10-18,3438990000
2022-10-19,3329010000
2022-10-20,3338880000
2022-10-21,3446040000
2022-10-24,3382590000
2022-10-25,3385410000
2022-10-26,3320550000
2022-10-27,3303630000
2022-10-28,3312090000
2022-10-31,3330420000
2022-11-01,3374130000
2022-11-02,3206340000
2022-11-03,3266970000
2022-11-04,3344520000
2022-11-07,3355800000
2022-11-08,2774880000
2022-11-09,2807310000
2022-11-10,2941260000
2022-11-11,3125970000
2022-11-14,3034320000
2022-11-15,3007529999
2022-11-16,2867940000
2022-11-17,2856660000
2022-11-18,2807310000
2022-11-21,2691690000
2022-11-22,2755140000
2022-11-23,2769240000
2022-11-25,2796029999
2022-11-28,2742450000
2022-11-29,2760779999
2022-11-30,2874990000
2022-12-01,2907420000
2022-12-02,2863710000
2022-12-05,2760779999
2022-12-06,2681820000
2022-12-07,2509800000
2022-12-08,2628240000
2022-12-09,2607090000
2022-12-12,2616960000
2022-12-13,2669130000
2022-12-14,2633880000
2022-12-15,2560560000
2022-12-16,2538000000
2022-12-19,2433660000
2022-12-20,2466090000
2022-12-21,2509800000
2022-12-22,2464680000
2022-12-23,2516850000
2022-12-27,2483010000
2022-12-28,2433660000
2022-12-29,2518260000
2022-12-30,2535180000
2023-01-03,2589967810
2023-01-04,2717273710
2023-01-05,2741320380
2023-01-06,2778097640
2023-01-09,2860139220
2023-01-10,2911061579
2023-01-11,2918134130
2023-01-12,2974714530
2023-01-13,3019978850
2023-01-17,3068072190
2023-01-18,3066657680
2023-01-19,3082217290
2023-01-20,3206694170
2023-01-23,3247714960
2023-01-24,3216595740
2023-01-25,3250543980
2023-01-26,3264689079
2023-01-27,3305709870
2023-01-30,3242056920
2023-01-31,3295808300
2023-02-01,3366533800
2023-02-02,3481109110
2023-02-03,3384922430
2023-02-06,3353803210
2023-02-07,3418870670
2023-02-08,3549005590
2023-02-09,3581539320
2023-02-10,3403311060
2023-02-13,3454233420
2023-02-14,3554663630
2023-02-15,3564565200
2023-02-16,3192549070
2023-02-17,3096362390
2023-02-21,3143041220
2023-02-22,3145870240
2023-02-23,3167087890
2023-02-24,3053927090
2023-02-27,3070901210
2023-02-28,3051098070
2023-03-01,3027051400
2023-03-02,3007248260
2023-03-03,3021393360
2023-03-06,3015735320
2023-03-07,2981787079
2023-03-08,2946424329
2023-03-09,2834678040
2023-03-10,2773854110
2023-03-13,2656449780
2023-03-14,2705957630
2023-03-15,2612599970
2023-03-16,2690398020
2023-03-17,2616843500
2023-03-20,2656449780
2023-03-21,2728589790
2023-03-22,2672009390
2023-03-23,2649377230
2023-03-24,2609770950
2023-03-27,2621087030
2023-03-28,2643719190
2023-03-29,2667765860
2023-03-30,2731418810
2023-03-31,2778036660
2023-04-03,2772441420
2023-04-04,2733274740
2023-04-05,2677322340
2023-04-06,2661935430
2023-04-10,2653542570
2023-04-11,2629762800
2023-04-12,2517858000
2023-04-13,2576608020
2023-04-14,2583602070
2023-04-17,2605983030
2023-04-18,2661935430
2023-04-19,2677322340
2023-04-20,2552828250
2023-04-21,2519256810
2023-04-24,2523453240
2023-04-25,2445119880
2023-04-26,2418542490
2023-04-27,2439524640
2023-04-28,2480090130
2023-05-01,2547233010
2023-05-02,2554227060
2023-05-03,2391965100
2023-05-04,2186340030
2023-05-05,2198929320
2023-05-08,2259078150
2023-05-09,2224107900
2023-05-10,2208720990
2023-05-11,2210119800
2023-05-12,2179345980
2023-05-15,2233899570
2023-05-16,2183542410
2023-05-17,2215715040
2023-05-18,2264673390
2023-05-19,2221310280
2023-05-22,2252084100
2023-05-23,2189137650
2023-05-24,2144375730
2023-05-25,2159762640
2023-05-26,2141578110
2023-05-30,2124792390
2023-05-31,2176548360
2023-06-01,2172351930
2023-06-02,2271667440
2023-06-05,2278661490
2023-06-06,2315030550
2023-06-07,2313631740
2023-06-08,2281459110
2023-06-09,2309435310
2023-06-12,2344405560
2023-06-13,2372381760
2023-06-14,2334613890
2023-06-15,2341607940
2023-06-16,2347203180
2023-06-20,2309435310
2023-06-21,2253482910
2023-06-22,2358393660
2023-06-23,2280060300
2023-06-26,2264673390
2023-06-27,2324822220
2023-06-28,2324822220
2023-06-29,2316429360
2023-06-30,2278753100
2023-07-03,2328501500
2023-07-05,2260788400
2023-07-06,2222095200
2023-07-07,2302245400
2023-07-10,2303627300
2023-07-11,2400360300
2023-07-12,2418325000
2023-07-13,2404506000
2023-07-14,2379631800
2023-07-17,2423852600
2023-07-18,2480510500
2023-07-19,2454254400
2023-07-20,2410033600
2023-07-21,2411415500
2023-07-24,2401742200
2023-07-25,2387923200
2023-07-26,2444581100
2023-07-27,2405887900
2023-07-28,2502620900
2023-07-31,2577243500
2023-08-01,2539932200
2023-08-02,2434907800
2023-08-03,2219331400
2023-08-04,2260788400
2023-08-07,2223477100
2023-08-08,2230386600
2023-08-09,2269079800
2023-08-10,2258024600
2023-08-11,2264934100
2023-08-14,2201366700
2023-08-15,2075613800
2023-08-16,2117070800
2023-08-17,2122598400
2023-08-18,2121216500
2023-08-21,2137799300
2023-08-22,2106015600
2023-08-23,2119834600
2023-08-24,2071468100
2023-08-25,2072850000
2023-08-28,2096342300
2023-08-29,2128126000
2023-08-30,2093578500
2023-08-31,2088050900
2023-09-01,2155764000
2023-09-05,2209658100
2023-09-06,2153000200
2023-09-07,2139181200
2023-09-08,2165437300
2023-09-11,2135035500
2023-09-12,2140563100
2023-09-13,2125362200
2023-09-14,2179256300
2023-09-15,2208276200
2023-09-18,2231768500
2023-09-19,2249733200
2023-09-20,2231768500
2023-09-21,2194457200
2023-09-22,2220713300
2023-09-25,2197221000
2023-09-26,2165437300
2023-09-27,2220713300
2023-09-28,2292572100
2023-09-29,2291190200
2023-10-02,2277000000
2023-10-03,2176260000
2023-10-04,2209380000
2023-10-05,2191440000
2023-10-06,2203860000
2023-10-09,2140380000
2023-10-10,2196960000
2023-10-11,2232840000
2023-10-12,2173500000
2023-10-13,2172120000
2023-10-16,2248020000
2023-10-17,2265960000
2023-10-18,2180400000
2023-10-19,2140380000
2023-10-20,2058960000
2023-10-23,2052060000
2023-10-24,2104500000
2023-10-25,2028600000
2023-10-26,1999620000
2023-10-27,1974780000
2023-10-30,1998240000
2023-10-31,2036880000
2023-11-01,1972020000
2023-11-02,2023080000
2023-11-03,2173500000
2023-11-06,2223180000
2023-11-07,2467440000
2023-11-08,2409480000
2023-11-09,2344620000
2023-11-10,2397060000
2023-11-13,2362560000
2023-11-14,2457780000
2023-11-15,2634420000
2023-11-16,2591640000
2023-11-17,2634420000
2023-11-20,2648220000
2023-11-21,2627520000
2023-11-22,2631660000
2023-11-24,2610960000
2023-11-27,2617860000
2023-11-28,2565420000
2023-11-29,2471580000
2023-11-30,2460540000
2023-12-01,2497800000
2023-12-04,2499180000
2023-12-05,2452260000
2023-12-06,2435700000
2023-12-07,2463300000
2023-12-08,2471580000
2023-12-11,2539200000
2023-12-12,2501940000
2023-12-13,2493660000
2023-12-14,2656500000
2023-12-15,2660640000
2023-12-18,2750340000
2023-12-19,2978040000
2023-12-20,2922840000
2023-12-21,2958720000
2023-12-22,2942160000
2023-12-26,2962860000
2023-12-27,2946300000
2023-12-28,2943540000
2023-12-29,2971140000
2024-01-02,2906280000
2024-01-03,2816580000
2024-01-04,2917320000
2024-01-05,2895240000
2024-01-08,2947680000
2024-01-09,2753100000
2024-01-10,2801400000
2024-01-11,2737920000
2024-01-12,2697900000
2024-01-16,2692380000
2024-01-17,2743440000
2024-01-18,2797260000
2024-01-19,2903520000
2024-01-22,2917320000
2024-01-23,2944920000
2024-01-24,2924220000
2024-01-25,2975280000
2024-01-26,2995980000
2024-01-29,3055320000
2024-01-30,3044280000
2024-01-31,2980800000
2024-02-01,3033240000
2024-02-02,3015300000
2024-02-05,2998740000
2024-02-06,2972520000
2024-02-07,2991840000
2024-02-08,3111900000
2024-02-09,2995980000
2024-02-12,3087060000
2024-02-13,3513480000
2024-02-14,3494160000
2024-02-15,3817080000
2024-02-16,3691500000
2024-02-20,3714960000
2024-02-21,3659760000
2024-02-22,3726000000
2024-02-23,3770160000
2024-02-26,3734280000
2024-02-27,3754980000
2024-02-28,3699780000
2024-02-29,3701160000
2024-03-01,3748080000
2024-03-04,3730140000
2024-03-05,3679080000
2024-03-06,3694260000
2024-03-07,3632160000
2024-03-08,3665280000
2024-03-11,3670800000
2024-03-12,3692880000
2024-03-13,3679080000
2024-03-14,3710820000
2024-03-15,3772920000
2024-03-18,3839160000
2024-03-19,3819840000
2024-03-20,3870900000
2024-03-21,3910920000
2024-03-22,3941280000
2024-03-25,3886080000
2024-03-26,3862620000
2024-03-27,3843300000
2024-03-28,3835020000
2024-04-01,3821220000
2024-04-02,3825360000
2024-04-03,3818460000
2024-04-04,3734280000
2024-04-05,3759120000
2024-04-08,3732900000
2024-04-09,3714960000
2024-04-10,3651480000
2024-04-11,3727380000
2024-04-12,3690120000
2024-04-15,3516240000
2024-04-16,3478980000
2024-04-17,3505200000
2024-04-18,3484500000
2024-04-19,3455520000
2024-04-22,3527280000
2024-04-23,3604560000
2024-04-24,3608700000
2024-04-25,3621120000
2024-04-26,3788100000
2024-04-29,3726000000
2024-04-30,3633540000
2024-05-01,3632160000
2024-05-02,3663900000
2024-05-03,3559020000
2024-05-06,3519000000
2024-05-07,3516240000
2024-05-08,2506080000
2024-05-09,2526780000
2024-05-10,2516802840
2024-05-13,2580484320
2024-05-14,2664931500
2024-05-15,2615093820
2024-05-16,2587406220
2024-05-17,2505727800
2024-05-20,2554181100
2024-05-21,2518187220
2024-05-22,2544490440
2024-05-23,2460043260
2024-05-24,2476655820
2024-05-28,2480808960
2024-05-29,2482193340
2024-05-30,2482193340
2024-05-31,2540337300
2024-06-03,2527877880
2024-06-04,2494652760
2024-06-05,2466965160
2024-06-06,2554181100
2024-06-07,2572178040
2024-06-10,2556949860
2024-06-11,2541721680
2024-06-12,2590174980
2024-06-13,2540337300
2024-06-14,2508496560
2024-06-17,2504343420
2024-06-18,2491884000
2024-06-20,2483577720
2024-06-21,2458658880
2024-06-24,2439277560
2024-06-25,2433740040
2024-06-26,2432355660
2024-06-27,2418511860
2024-06-28,2465580780
2024-07-01,2433740040
2024-07-02,2454505740
2024-07-03,2433740040
2024-07-05,2436508800
2024-07-08,2479424580
2024-07-09,2426818140
2024-07-10,2435124420
2024-07-11,2483577720
2024-07-12,2473887060
2024-07-15,2493268380
2024-07-16,2497421520
2024-07-17,2494652760
2024-07-18,2460043260
2024-07-19,2446199460
2024-07-22,2483577720
2024-07-23,2519571600
2024-07-24,2412974340
2024-07-25,2437893180
2024-07-26,2478040200
2024-07-29,2487730860
2024-07-30,2494652760
2024-07-31,2440661940
2024-08-01,2332680300
2024-08-02,2245464360
2024-08-05,2198504860
2024-08-06,2272298880
2024-08-07,1894974740
2024-08-08,1953453020
2024-08-09,1888013040
