,WRK
2015-06-24,8045390000
2015-06-25,7857993000
2015-06-26,7857993000
2015-06-29,7718502000
2015-06-30,7731183000
2015-07-01,14448540000
2015-07-02,15047350000
2015-07-06,14762080000
2015-07-07,14463960000
2015-07-08,13826600000
2015-07-09,13780340000
2015-07-10,14217240000
2015-07-13,14384290000
2015-07-14,14399710000
2015-07-15,14268640000
2015-07-16,14430550000
2015-07-17,14299480000
2015-07-20,14253220000
2015-07-21,13857440000
2015-07-22,13926830000
2015-07-23,13857440000
2015-07-24,13641560000
2015-07-27,13474510000
2015-07-28,13739220000
2015-07-29,13752070000
2015-07-30,14548770000
2015-07-31,14602740000
2015-08-03,14628440000
2015-08-04,14487090000
2015-08-05,14530780000
2015-08-06,14296910000
2015-08-07,14487090000
2015-08-10,14582180000
2015-08-11,14679840000
2015-08-12,14659280000
2015-08-13,14618160000
2015-08-14,14641290000
2015-08-17,14666990000
2015-08-18,14625870000
2015-08-19,14371440000
2015-08-20,14050190000
2015-08-21,13664690000
2015-08-24,13073590000
2015-08-25,12850000000
2015-08-26,13071020000
2015-08-27,13713520000
2015-08-28,13952530000
2015-08-31,13741790000
2015-09-01,13528480000
2015-09-02,13469370000
2015-09-03,13597870000
2015-09-04,13279190000
2015-09-08,13569600000
2015-09-09,13487360000
2015-09-10,13600440000
2015-09-11,13603010000
2015-09-14,13795760000
2015-09-15,13818890000
2015-09-16,13613290000
2015-09-17,13366570000
2015-09-18,12896260000
2015-09-21,12934810000
2015-09-22,12490200000
2015-09-23,12222920000
2015-09-24,12112410000
2015-09-25,12030170000
2015-09-28,11570140000
2015-09-29,11708920000
2015-09-30,11911950000
2015-10-01,11946750000
2015-10-02,12178800000
2015-10-05,12428700000
2015-10-06,12477150000
2015-10-07,12421050000
2015-10-08,12449100000
2015-10-09,13226850000
2015-10-12,12941250000
2015-10-13,12760200000
2015-10-14,12811200000
2015-10-15,12867300000
2015-10-16,12818850000
2015-10-19,12469500000
2015-10-20,12352200000
2015-10-21,12076800000
2015-10-22,12061500000
2015-10-23,12262950000
2015-10-26,12237450000
2015-10-27,12194100000
2015-10-28,12500100000
2015-10-29,12421050000
2015-10-30,12352200000
2015-11-02,12428700000
2015-11-03,12227250000
2015-11-04,12234900000
2015-11-05,11803950000
2015-11-06,12329250000
2015-11-09,11923800000
2015-11-10,11793750000
2015-11-11,11844750000
2015-11-12,11319450000
2015-11-13,11153700000
2015-11-16,11010900000
2015-11-17,10970100000
2015-11-18,11388300000
2015-11-19,11528550000
2015-11-20,11513250000
2015-11-23,11579550000
2015-11-24,11602500000
2015-11-25,11551500000
2015-11-27,11582100000
2015-11-30,11633100000
2015-12-01,11722350000
2015-12-02,11571900000
2015-12-03,11610150000
2015-12-04,11584650000
2015-12-07,11248050000
2015-12-08,11028750000
2015-12-09,11038950000
2015-12-10,10778850000
2015-12-11,10513650000
2015-12-14,10143900000
2015-12-15,10011300000
2015-12-16,10319850000
2015-12-17,10309650000
2015-12-18,10128600000
2015-12-21,10220400000
2015-12-22,10118400000
2015-12-23,10455000000
2015-12-24,10455000000
2015-12-28,10483050000
2015-12-29,10539150000
2015-12-30,10513650000
2015-12-31,10480500000
2016-01-04,10350924000
2016-01-05,10345876000
2016-01-06,10058140000
2016-01-07,9957180000
2016-01-08,9535672000
2016-01-11,9040968000
2016-01-12,8720420000
2016-01-13,8632080000
2016-01-14,8755756000
2016-01-15,8425112000
2016-01-19,8291340000
2016-01-20,8197951999
2016-01-21,8278719999
2016-01-22,8581600000
2016-01-25,7301932000
2016-01-26,7294360000
2016-01-27,7412988000
2016-01-28,7198448000
2016-01-29,8023796000
2016-02-01,7960696000
2016-02-02,7587144000
2016-02-03,7574524000
2016-02-04,7829448000
2016-02-05,7594716000
2016-02-08,7319600000
2016-02-09,7433180000
2016-02-10,7130300000
2016-02-11,6809752000
2016-02-12,7057104000
2016-02-16,7165636000
2016-02-17,7438228000
2016-02-18,7443276000
2016-02-19,7175732000
2016-02-22,7357460000
2016-02-23,7407940000
2016-02-24,7347364000
2016-02-25,7372604000
2016-02-26,7632576000
2016-02-29,7680532000
2016-03-01,8049036000
2016-03-02,8392300000
2016-03-03,8568980000
2016-03-04,8359487999
2016-03-07,8240860000
2016-03-08,8041464000
2016-03-09,8094468000
2016-03-10,7968268000
2016-03-11,8404919999
2016-03-14,8647224000
2016-03-15,8417540000
2016-03-16,8639652000
2016-03-17,8957676000
2016-03-18,8967772000
2016-03-21,9121736000
2016-03-22,9139404000
2016-03-23,8914768000
2016-03-24,8760804000
2016-03-28,8745660000
2016-03-29,8859240000
2016-03-30,8697704000
2016-03-31,8876908000
2016-04-01,8882980000
2016-04-04,8573635000
2016-04-05,8264290000
2016-04-06,8462975000
2016-04-07,8385010000
2016-04-08,8427764999
2016-04-11,8435310000
2016-04-12,8596270000
2016-04-13,8862860000
2016-04-14,8681780000
2016-04-15,8752200000
2016-04-18,8840225000
2016-04-19,9016275000
2016-04-20,8960945000
2016-04-21,8930765000
2016-04-22,9232565000
2016-04-25,9006215000
2016-04-26,9245140000
2016-04-27,9433765000
2016-04-28,9461430000
2016-04-29,9484065000
2016-05-02,9363345000
2016-05-03,9048970000
2016-05-04,8827650000
2016-05-05,9106815000
2016-05-06,9267775000
2016-05-09,9418675000
2016-05-10,9614845000
2016-05-11,9692810000
2016-05-12,9632450000
2016-05-13,9645025000
2016-05-16,9966945000
2016-05-17,9549455000
2016-05-18,9406100000
2016-05-19,9305500000
2016-05-20,9531850000
2016-05-23,9569575000
2016-05-24,9730535000
2016-05-25,9909100000
2016-05-26,9888980000
2016-05-27,10004670000
2016-05-31,9961915000
2016-06-01,9956885000
2016-06-02,10027305000
2016-06-03,9994610000
2016-06-06,10120360000
2016-06-07,10100240000
2016-06-08,10178205000
2016-06-09,10135450000
2016-06-10,9808500000
2016-06-13,9549455000
2016-06-14,9516760000
2016-06-15,9650055000
2016-06-16,9793410000
2016-06-17,9992095000
2016-06-20,10248625000
2016-06-21,10286350000
2016-06-22,10175690000
2016-06-23,10439765000
2016-06-24,9705385000
2016-06-27,9021305000
2016-06-28,9373405000
2016-06-29,9551970000
2016-06-30,9775805000
2016-07-01,9801550000
2016-07-05,9297040000
2016-07-06,9392420000
2016-07-07,9327160000
2016-07-08,9676050000
2016-07-11,9756370000
2016-07-12,9974740000
2016-07-13,9942110000
2016-07-14,10092710000
2016-07-15,10670010000
2016-07-18,10855750000
2016-07-19,10772920000
2016-07-20,10938580000
2016-07-21,10865790000
2016-07-22,10825630000
2016-07-25,10752840000
2016-07-26,10951130000
2016-07-27,10853240000
2016-07-28,10735270000
2016-07-29,10770410000
2016-08-01,10521920000
2016-08-02,10293510000
2016-08-03,10529450000
2016-08-04,10973720000
2016-08-05,11064080000
2016-08-08,11046510000
2016-08-09,11001330000
2016-08-10,11008860000
2016-08-11,11362770000
2016-08-12,11161970000
2016-08-15,11044000000
2016-08-16,11259860000
2016-08-17,11417990000
2016-08-18,11438070000
2016-08-19,11397910000
2016-08-22,11131850000
2016-08-23,11214680000
2016-08-24,11161970000
2016-08-25,11814570000
2016-08-26,12060550000
2016-08-29,12196090000
2016-08-30,12183540000
2016-08-31,12022900000
2016-09-01,12176010000
2016-09-02,12186050000
2016-09-06,12256330000
2016-09-07,12319080000
2016-09-08,12095690000
2016-09-09,11668990000
2016-09-12,11869790000
2016-09-13,11686560000
2016-09-14,11538470000
2016-09-15,11679030000
2016-09-16,11977720000
2016-09-19,11965170000
2016-09-20,11857240000
2016-09-21,12120790000
2016-09-22,12138360000
2016-09-23,12148400000
2016-09-26,11970190000
2016-09-27,11947600000
2016-09-28,11982740000
2016-09-29,11874810000
2016-09-30,12168480000
2016-10-03,12057321000
2016-10-04,11972287000
2016-10-05,11639654000
2016-10-06,11867245000
2016-10-07,11629650000
2016-10-10,11749698000
2016-10-11,11419566000
2016-10-12,11504600000
2016-10-13,11267005000
2016-10-14,11682171000
2016-10-17,11902259000
2016-10-18,11954780000
2016-10-19,12167365000
2016-10-20,11732191000
2016-10-21,11614644000
2016-10-24,11807221000
2016-10-25,11744696000
2016-10-26,11742195000
2016-10-27,11587133000
2016-10-28,11544616000
2016-10-31,11552119000
2016-11-01,11332031000
2016-11-02,11462083000
2016-11-03,11409562000
2016-11-04,11592135000
2016-11-07,11322027000
2016-11-08,11427069000
2016-11-09,11927269000
2016-11-10,12099838000
2016-11-11,11992295000
2016-11-14,12359942000
2016-11-15,12417465000
2016-11-16,12515004000
2016-11-17,12449978000
2016-11-18,12572527000
2016-11-21,12620046000
2016-11-22,12687573000
2016-11-23,12720086000
2016-11-25,12782611000
2016-11-28,12735092000
2016-11-29,12727589000
2016-11-30,12805120000
2016-12-01,12735092000
2016-12-02,12757601000
2016-12-05,12885152000
2016-12-06,12947677000
2016-12-07,13202779000
2016-12-08,13187773000
2016-12-09,13117745000
2016-12-12,12772607000
2016-12-13,12785112000
2016-12-14,12872647000
2016-12-15,13095236000
2016-12-16,13185272000
2016-12-19,13082731000
2016-12-20,13125248000
2016-12-21,13085232000
2016-12-22,12887653000
2016-12-23,12977689000
2016-12-27,13072727000
2016-12-28,12887653000
2016-12-29,12907661000
2016-12-30,12697577000
2017-01-03,12856220000
2017-01-04,13049490000
2017-01-05,13109730000
2017-01-06,13174990000
2017-01-09,13102200000
2017-01-10,13072080000
2017-01-11,13159930000
2017-01-12,13104710000
2017-01-13,13139850000
2017-01-17,12916460000
2017-01-18,12971680000
2017-01-19,12871280000
2017-01-20,13104710000
2017-01-23,13343160000
2017-01-24,13566550000
2017-01-25,13960620000
2017-01-26,13659420000
2017-01-27,13531410000
2017-01-30,13493760000
2017-01-31,13393360000
2017-02-01,13355710000
2017-02-02,13468660000
2017-02-03,13636830000
2017-02-06,13604200000
2017-02-07,13528900000
2017-02-08,13559020000
2017-02-09,13129810000
2017-02-10,13172480000
2017-02-13,13227700000
2017-02-14,13433520000
2017-02-15,13518860000
2017-02-16,13636830000
2017-02-17,13217660000
2017-02-21,13511330000
2017-02-22,13350690000
2017-02-23,13388340000
2017-02-24,13410930000
2017-02-27,13486230000
2017-02-28,13483720000
2017-03-01,13694560000
2017-03-02,13566550000
2017-03-03,13564040000
2017-03-06,13092160000
2017-03-07,12775900000
2017-03-08,12876300000
2017-03-09,12783430000
2017-03-10,12861240000
2017-03-13,12881320000
2017-03-14,12768370000
2017-03-15,12999290000
2017-03-16,13164950000
2017-03-17,13147380000
2017-03-20,13325590000
2017-03-21,12921480000
2017-03-22,13167460000
2017-03-23,13280410000
2017-03-24,13152400000
2017-03-27,12951600000
2017-03-28,13267860000
2017-03-29,13059530000
2017-03-30,13192560000
2017-03-31,13059530000
2017-04-03,13007297000
2017-04-04,13088545000
2017-04-05,13101240000
2017-04-06,13169793000
2017-04-07,12969212000
2017-04-10,12997141000
2017-04-11,12946361000
2017-04-12,12651837000
2017-04-13,12527426000
2017-04-17,12733085000
2017-04-18,12854957000
2017-04-19,13431310000
2017-04-20,13477012000
2017-04-21,13461778000
2017-04-24,13715678000
2017-04-25,13802004000
2017-04-26,13621735000
2017-04-27,13784231000
2017-04-28,13598884000
2017-05-01,13738529000
2017-05-02,13758841000
2017-05-03,13708061000
2017-05-04,13738529000
2017-05-05,13969578000
2017-05-08,13865479000
2017-05-09,13560799000
2017-05-10,13738529000
2017-05-11,13781692000
2017-05-12,13629352000
2017-05-15,13710600000
2017-05-16,13657281000
2017-05-17,13238346000
2017-05-18,13098701000
2017-05-19,13200261000
2017-05-22,13281509000
2017-05-23,13380530000
2017-05-24,13789309000
2017-05-25,14038131000
2017-05-26,14002585000
2017-05-30,13977195000
2017-05-31,13817238000
2017-06-01,14033053000
2017-06-02,13989890000
2017-06-05,13875635000
2017-06-06,13741068000
2017-06-07,14152386000
2017-06-08,14081294000
2017-06-09,14548470000
2017-06-12,14540853000
2017-06-13,14594172000
2017-06-14,14421520000
2017-06-15,14563704000
2017-06-16,14596711000
2017-06-19,14713505000
2017-06-20,14533236000
2017-06-21,14467222000
2017-06-22,14434215000
2017-06-23,14551009000
2017-06-26,14479917000
2017-06-27,14401208000
2017-06-28,14393591000
2017-06-29,14297109000
2017-06-30,14385974000
2017-07-03,14537040000
2017-07-05,14537040000
2017-07-06,14356345000
2017-07-07,14585395000
2017-07-10,14834805000
2017-07-11,14727915000
2017-07-12,14921335000
2017-07-13,15191105000
2017-07-14,15180925000
2017-07-17,15201285000
2017-07-18,15046040000
2017-07-19,15142750000
2017-07-20,14992595000
2017-07-21,14939150000
2017-07-24,14918790000
2017-07-25,14972235000
2017-07-26,14799175000
2017-07-27,14944240000
2017-07-28,14587940000
2017-07-31,14613390000
2017-08-01,14702465000
2017-08-02,14671925000
2017-08-03,14402155000
2017-08-04,14590485000
2017-08-07,14547220000
2017-08-08,14394520000
2017-08-09,14287630000
2017-08-10,14056035000
2017-08-11,14152745000
2017-08-14,14389430000
2017-08-15,14330895000
2017-08-16,14582850000
2017-08-17,14269815000
2017-08-18,14325805000
2017-08-21,13826985000
2017-08-22,13954235000
2017-08-23,13895700000
2017-08-24,13916060000
2017-08-25,14056035000
2017-08-28,14040765000
2017-08-29,14063670000
2017-08-30,14287630000
2017-08-31,14483595000
2017-09-01,14743185000
2017-09-05,14465780000
2017-09-06,14453055000
2017-09-07,14371615000
2017-09-08,14371615000
2017-09-11,14697375000
2017-09-12,14753365000
2017-09-13,14590485000
2017-09-14,14613390000
2017-09-15,14649020000
2017-09-18,14694830000
2017-09-19,14593030000
2017-09-20,14824625000
2017-09-21,14661745000
2017-09-22,14168015000
2017-09-25,14050945000
2017-09-26,14150200000
2017-09-27,14335985000
2017-09-28,14450510000
2017-09-29,14437785000
2017-10-02,14802043000
2017-10-03,14799494000
2017-10-04,14832631000
2017-10-05,14756161000
2017-10-06,14827533000
2017-10-09,14921846000
2017-10-10,15031453000
2017-10-11,14929493000
2017-10-12,14965179000
2017-10-13,15003414000
2017-10-16,15072237000
2017-10-17,15192040000
2017-10-18,15192040000
2017-10-19,15192040000
2017-10-20,15429097000
2017-10-23,15487724000
2017-10-24,15566743000
2017-10-25,15541253000
2017-10-26,15413803000
2017-10-27,15505567000
2017-10-30,15375568000
2017-10-31,15633017000
2017-11-01,15633017000
2017-11-02,15248118000
2017-11-03,15281255000
2017-11-06,15107923000
2017-11-07,15026355000
2017-11-08,15125766000
2017-11-09,15046747000
2017-11-10,14952434000
2017-11-13,14998316000
2017-11-14,14952434000
2017-11-15,14977924000
2017-11-16,15077335000
2017-11-17,15166550000
2017-11-20,14898905000
2017-11-21,14952434000
2017-11-22,14985571000
2017-11-24,15003414000
2017-11-27,14960081000
2017-11-28,15110472000
2017-11-29,15360274000
2017-11-30,15908309000
2017-12-01,15905760000
2017-12-04,16178503000
2017-12-05,16137719000
2017-12-06,16165758000
2017-12-07,16201444000
2017-12-08,16420658000
2017-12-11,16420658000
2017-12-12,16298306000
2017-12-13,16390070000
2017-12-14,15943995000
2017-12-15,16086739000
2017-12-18,16277914000
2017-12-19,16160660000
2017-12-20,16244777000
2017-12-21,16272816000
2017-12-22,16244777000
2017-12-26,16122425000
2017-12-27,16079092000
2017-12-28,16109680000
2017-12-29,16112229000
2018-01-02,16591643999
2018-01-03,16768560000
2018-01-04,17189056000
2018-01-05,17258284000
2018-01-08,17373664000
2018-01-09,17281360000
2018-01-10,17283924000
2018-01-11,17501864000
2018-01-12,17742880000
2018-01-16,17612116000
2018-01-17,17760828000
2018-01-18,17442892000
2018-01-19,17732624000
2018-01-22,17635192000
2018-01-23,17540324000
2018-01-24,17627500000
2018-01-25,17714676000
2018-01-26,18017228000
2018-01-29,17540324000
2018-01-30,17476224000
2018-01-31,17083931999
2018-02-01,16994192000
2018-02-02,17240336000
2018-02-05,16399344000
2018-02-06,16550620000
2018-02-07,16517288000
2018-02-08,15622452000
2018-02-09,15981412000
2018-02-12,16222428000
2018-02-13,16263452000
2018-02-14,16486520000
2018-02-15,16642924000
2018-02-16,17004447999
2018-02-20,16694204000
2018-02-21,16699331999
2018-02-22,16737792000
2018-02-23,16950604000
2018-02-26,17263412000
2018-02-27,17091624000
2018-02-28,16860864000
2018-03-01,16658308000
2018-03-02,16768560000
2018-03-05,16922400000
2018-03-06,17024960000
2018-03-07,16973680000
2018-03-08,16935220000
2018-03-09,17196748000
2018-03-12,17191620000
2018-03-13,17181364000
2018-03-14,16973680000
2018-03-15,17053164000
2018-03-16,17017268000
2018-03-19,16619847999
2018-03-20,16558312000
2018-03-21,16624976000
2018-03-22,16086536000
2018-03-23,15650656000
2018-03-26,16366012000
2018-03-27,16268580000
2018-03-28,16194224000
2018-03-29,16453188000
2018-04-02,15803445000
2018-04-03,16114667000
2018-04-04,16290686000
2018-04-05,16441195000
2018-04-06,15982015000
2018-04-09,16071300000
2018-04-10,16469256000
2018-04-11,16390175000
2018-04-12,16540684000
2018-04-13,16581500000
2018-04-16,16673336000
2018-04-17,16862109999
2018-04-18,16928436000
2018-04-19,16992211000
2018-04-20,16905476999
2018-04-23,16930987000
2018-04-24,16504970000
2018-04-25,16607009999
2018-04-26,16415684999
2018-04-27,15507529000
2018-04-30,15091716000
2018-05-01,15260082000
2018-05-02,14938656000
2018-05-03,14902942000
2018-05-04,15155491000
2018-05-07,15306000000
2018-05-08,15334061000
2018-05-09,15428448000
2018-05-10,15446305000
2018-05-11,15568753000
2018-05-14,15614671000
2018-05-15,15525386000
2018-05-16,15788139000
2018-05-17,15887628000
2018-05-18,15839159000
2018-05-21,15660589000
2018-05-22,15652936000
2018-05-23,15502427000
2018-05-24,15474366000
2018-05-25,15295796000
2018-05-29,15058553000
2018-05-30,15244776000
2018-05-31,15020288000
2018-06-01,15336612000
2018-06-04,15479468000
2018-06-05,15502427000
2018-06-06,15538141000
2018-06-07,15448856000
2018-06-08,15550896000
2018-06-11,15673344000
2018-06-12,15770282000
2018-06-13,15433550000
2018-06-14,15433550000
2018-06-15,15257531000
2018-06-18,15152940000
2018-06-19,14920799000
2018-06-20,14913146000
2018-06-21,14652944000
2018-06-22,14788147000
2018-06-25,14854473000
2018-06-26,14864677000
2018-06-27,14670801000
2018-06-28,14550904000
2018-06-29,14545802000
2018-07-02,14431755000
2018-07-03,14345565000
2018-07-05,14375985000
2018-07-06,14429220000
2018-07-09,14624415000
2018-07-10,14730885000
2018-07-11,14525550000
2018-07-12,14675115000
2018-07-13,14561040000
2018-07-16,14459640000
2018-07-17,14523015000
2018-07-18,14611740000
2018-07-19,14649765000
2018-07-20,14576250000
2018-07-23,14495130000
2018-07-24,14566110000
2018-07-25,14507805000
2018-07-26,14294865000
2018-07-27,14226420000
2018-07-30,14523015000
2018-07-31,14697930000
2018-08-01,14479920000
2018-08-02,14046435000
2018-08-03,14150370000
2018-08-06,14269515000
2018-08-07,14378520000
2018-08-08,14239095000
2018-08-09,14084460000
2018-08-10,13942500000
2018-08-13,13868985000
2018-08-14,14170650000
2018-08-15,13932360000
2018-08-16,13972920000
2018-08-17,14023620000
2018-08-20,14094600000
2018-08-21,14069250000
2018-08-22,13901940000
2018-08-23,13896870000
2018-08-24,14043900000
2018-08-27,14218815000
2018-08-28,14122485000
2018-08-29,14180790000
2018-08-30,14076855000
2018-08-31,13962780000
2018-09-04,13724490000
2018-09-05,13988130000
2018-09-06,13912080000
2018-09-07,13937430000
2018-09-10,14089530000
2018-09-11,14013480000
2018-09-12,13965315000
2018-09-13,14071785000
2018-09-14,14150370000
2018-09-17,14183325000
2018-09-18,14236560000
2018-09-19,14350635000
2018-09-20,14408940000
2018-09-21,14279655000
2018-09-24,14056575000
2018-09-25,13732095000
2018-09-26,13610415000
2018-09-27,13569855000
2018-09-28,13547040000
2018-10-01,13678720000
2018-10-02,13620024000
2018-10-03,13219360000
2018-10-04,13165768000
2018-10-05,12902912000
2018-10-08,12537976000
2018-10-09,11547800000
2018-10-10,11134376000
2018-10-11,10705640000
2018-10-12,10874072000
2018-10-15,10807720000
2018-10-16,11001672000
2018-10-17,11011880000
2018-10-18,10894488000
2018-10-19,10840896000
2018-10-22,10276904000
2018-10-23,10616320000
2018-10-24,10215656000
2018-10-25,10603560000
2018-10-26,10603560000
2018-10-29,10447888000
2018-10-30,10932768000
2018-10-31,10965944000
2018-11-01,11422752000
2018-11-02,11399784000
2018-11-05,11578424000
2018-11-06,11925496000
2018-11-07,11943360000
2018-11-08,11828520000
2018-11-09,11690712000
2018-11-12,11430408000
2018-11-13,11568216000
2018-11-14,11626912000
2018-11-15,11593736000
2018-11-16,11777480000
2018-11-19,11757064000
2018-11-20,11670296000
2018-11-21,11624360000
2018-11-23,11565664000
2018-11-26,11848936000
2018-11-27,11882112000
2018-11-28,11854040000
2018-11-29,11828520000
2018-11-30,12022472000
2018-12-03,12063304000
2018-12-04,11869352000
2018-12-06,11792792000
2018-12-07,11558008000
2018-12-10,11282392000
2018-12-11,11279840000
2018-12-12,11333432000
2018-12-13,11193072000
2018-12-14,11323224000
2018-12-17,10256488000
2018-12-18,10271800000
2018-12-19,10044672000
2018-12-20,9769056000
2018-12-21,9427088000
2018-12-24,8993248000
2018-12-26,9521512000
2018-12-27,9679736000
2018-12-28,9511304000
2018-12-31,9689216000
2019-01-02,9979174000
2019-01-03,9809818000
2019-01-04,10233208000
2019-01-07,10251170000
2019-01-08,10222944000
2019-01-09,10007400000
2019-01-10,10338414000
2019-01-11,10507770000
2019-01-14,10315320000
2019-01-15,10361508000
2019-01-16,10346112000
2019-01-17,10410262000
2019-01-18,10628372000
2019-01-22,10587316000
2019-01-23,10528298000
2019-01-24,10733578000
2019-01-25,10851614000
2019-01-28,10695088000
2019-01-29,10636070000
2019-01-30,10638636000
2019-01-31,10446186000
2019-02-01,9930420000
2019-02-04,9750800000
2019-02-05,9817516000
2019-02-06,9915024000
2019-02-07,9725140000
2019-02-08,9702046000
2019-02-11,9666122000
2019-02-12,9932986000
2019-02-13,10043324000
2019-02-14,9848308000
2019-02-15,10020230000
2019-02-19,10074116000
2019-02-20,10346112000
2019-02-21,10074116000
2019-02-22,10076682000
2019-02-25,10179322000
2019-02-26,10066418000
2019-02-27,9904760000
2019-02-28,9591708000
2019-03-01,9635330000
2019-03-04,9830346000
2019-03-05,9886798000
2019-03-06,9722574000
2019-03-07,9599406000
2019-03-08,9673820000
2019-03-11,9953514000
2019-03-12,10148530000
2019-03-13,10156228000
2019-03-14,10048456000
2019-03-15,9635330000
2019-03-18,9822648000
2019-03-19,9868836000
2019-03-20,9660990000
2019-03-21,9776460000
2019-03-22,9430050000
2019-03-25,9394126000
2019-03-26,9663556000
2019-03-27,9637896000
2019-03-28,9745668000
2019-03-29,9840610000
2019-04-01,10232821000
2019-04-02,10021835000
2019-04-03,10245686000
2019-04-04,10081014000
2019-04-05,10263697000
2019-04-08,10178788000
2019-04-09,10014116000
2019-04-10,10032127000
2019-04-11,10034700000
2019-04-12,10173642000
2019-04-15,9965229000
2019-04-16,9489224000
2019-04-17,9134150000
2019-04-18,9131577000
2019-04-22,9211340000
2019-04-23,9391450000
2019-04-24,9476359000
2019-04-25,9419753000
2019-04-26,9548403000
2019-04-29,9532965000
2019-04-30,9875174000
2019-05-01,9774827000
2019-05-02,9911196000
2019-05-03,10109317000
2019-05-06,9877747000
2019-05-07,9854590000
2019-05-08,9808276000
2019-05-09,9558695000
2019-05-10,9579279000
2019-05-13,9293676000
2019-05-14,9568987000
2019-05-15,9633312000
2019-05-16,9628166000
2019-05-17,9432618000
2019-05-20,9044095000
2019-05-21,9247362000
2019-05-22,9062106000
2019-05-23,8923164000
2019-05-24,8964332000
2019-05-28,8753346000
2019-05-29,8652999000
2019-05-30,8532067999
2019-05-31,8387980000
2019-06-03,8552652000
2019-06-04,9159880000
2019-06-05,9231924000
2019-06-06,9430045000
2019-06-07,9370866000
2019-06-10,9373439000
2019-06-11,9394023000
2019-06-12,9339990000
2019-06-13,9561268000
2019-06-14,9275665000
2019-06-17,9098128000
2019-06-18,9257654000
2019-06-19,9224205000
2019-06-20,9391450000
2019-06-21,9448056000
2019-06-24,9051814000
2019-06-25,8915445000
2019-06-26,8938602000
2019-06-27,9198475000
2019-06-28,9383731000
2019-07-01,9654610000
2019-07-02,9597894000
2019-07-03,9827336000
2019-07-05,9814446000
2019-07-08,9739684000
2019-07-09,9646876000
2019-07-10,9641720000
2019-07-11,9329782000
2019-07-12,9525710000
2019-07-15,9242130000
2019-07-16,9231818000
2019-07-17,9110652000
2019-07-18,9084872000
2019-07-19,9340094000
2019-07-22,9200882000
2019-07-23,9479306000
2019-07-24,9484462000
2019-07-25,9566958000
2019-07-26,9445792000
2019-07-29,9474150000
2019-07-30,9577270000
2019-07-31,9293690000
2019-08-01,9605628000
2019-08-02,9499930000
2019-08-05,9066826000
2019-08-06,8976596000
2019-08-07,8968862000
2019-08-08,8976596000
2019-08-09,8847696000
2019-08-12,8564116000
2019-08-13,8932770000
2019-08-14,8569272000
2019-08-15,8404280000
2019-08-16,8597630000
2019-08-19,8760044000
2019-08-20,8571850000
2019-08-21,8654346000
2019-08-22,8669814000
2019-08-23,8337252000
2019-08-26,8476464000
2019-08-27,8329518000
2019-08-28,8631144000
2019-08-29,8793558000
2019-08-30,8811604000
2019-09-03,8509977999
2019-09-04,8762622000
2019-09-05,9004954000
2019-09-06,9053936000
2019-09-09,9267910000
2019-09-10,9760308000
2019-09-11,10074824000
2019-09-12,9909832000
2019-09-13,10077402000
2019-09-16,9775776000
2019-09-17,9600472000
2019-09-18,9487040000
2019-09-19,9252442000
2019-09-20,9257598000
2019-09-23,9322048000
2019-09-24,9252442000
2019-09-25,9383920000
2019-09-26,9365874000
2019-09-27,9404544000
2019-09-30,9411390000
2019-10-01,9000852000
2019-10-02,8760726000
2019-10-03,8641954000
2019-10-04,8796874000
2019-10-07,8781382000
2019-10-08,8667774000
2019-10-09,8778800000
2019-10-10,9142862000
2019-10-11,9442374000
2019-10-14,9302946000
2019-10-15,9359750000
2019-10-16,9375242000
2019-10-17,9346840000
2019-10-18,9475940000
2019-10-21,9584384000
2019-10-22,9721230000
2019-10-23,9876150000
2019-10-24,9708320000
2019-10-25,9814182000
2019-10-28,9925208000
2019-10-29,9803854000
2019-10-30,9723812000
2019-10-31,9648934000
2019-11-01,10018160000
2019-11-04,10113694000
2019-11-05,10229884000
2019-11-06,10131768000
2019-11-07,10080128000
2019-11-08,10263450000
2019-11-11,10170498000
2019-11-12,10493248000
2019-11-13,10423534000
2019-11-14,10457100000
2019-11-15,10317672000
2019-11-18,10333164000
2019-11-19,10312508000
2019-11-20,10002668000
2019-11-21,9894224000
2019-11-22,10020742000
2019-11-25,10260868000
2019-11-26,10454518000
2019-11-27,10498412000
2019-11-29,10413206000
2019-12-02,10431280000
2019-12-03,10198900000
2019-12-04,10167916000
2019-12-05,10322836000
2019-12-06,10645586000
2019-12-09,10557798000
2019-12-10,10346074000
2019-12-11,10433862000
2019-12-12,10648168000
2019-12-13,10557798000
2019-12-16,10560380000
2019-12-17,10846982000
2019-12-18,10880548000
2019-12-19,10906368000
2019-12-20,10968336000
2019-12-23,11149076000
2019-12-24,11040632000
2019-12-26,11094854000
2019-12-27,11009648000
2019-12-30,10999320000
2019-12-31,11113690000
2020-01-02,11253550000
2020-01-03,11054120000
2020-01-06,10885770000
2020-01-07,10764040000
2020-01-08,10810660000
2020-01-09,11025630000
2020-01-10,10919440000
2020-01-13,11015270000
2020-01-14,11023040000
2020-01-15,11046350000
2020-01-16,11250960000
2020-01-17,11313120000
2020-01-21,10774400000
2020-01-22,10789940000
2020-01-23,10890950000
2020-01-24,10603460000
2020-01-27,10378130000
2020-01-28,10489500000
2020-01-29,10517990000
2020-01-30,10365180000
2020-01-31,10101000000
2020-02-03,10222730000
2020-02-04,10282300000
2020-02-05,10810660000
2020-02-06,10792530000
2020-02-07,10675980000
2020-02-10,10606050000
2020-02-11,10872820000
2020-02-12,10862460000
2020-02-13,10554250000
2020-02-14,10497270000
2020-02-18,10598280000
2020-02-19,10481730000
2020-02-20,10502450000
2020-02-21,10580150000
2020-02-24,9730630000
2020-02-25,9052050000
2020-02-26,9028740000
2020-02-27,8474480000
2020-02-28,8611750000
2020-03-02,8855210000
2020-03-03,8438220000
2020-03-04,8699810000
2020-03-05,8096340000
2020-03-06,7790720000
2020-03-09,6891990000
2020-03-10,7500640000
2020-03-11,6793570000
2020-03-12,5718720000
2020-03-13,6700330000
2020-03-16,5830090000
2020-03-17,6759900000
2020-03-18,6073550000
2020-03-19,6516440000
2020-03-20,6609680000
2020-03-23,6425790000
2020-03-24,6796160000
2020-03-25,6824650000
2020-03-26,7353010000
2020-03-27,7223510000
2020-03-30,7511000000
2020-03-31,7330644000
2020-04-01,6928574000
2020-04-02,6949326000
2020-04-03,6661392000
2020-04-06,7514818000
2020-04-07,7507036000
2020-04-08,7960986000
2020-04-09,8342303999
2020-04-13,8414935999
2020-04-14,8277454000
2020-04-15,7862414000
2020-04-16,7475908000
2020-04-17,7960986000
2020-04-20,7693804000
2020-04-21,7540758000
2020-04-22,7385118000
2020-04-23,7491472000
2020-04-24,7491472000
2020-04-27,7909106000
2020-04-28,8534260000
2020-04-29,8858510000
2020-04-30,8350085999
2020-05-01,7999896000
2020-05-04,7862414000
2020-05-05,6500564000
2020-05-06,6407180000
2020-05-07,6508346000
2020-05-08,7003800000
2020-05-11,6736618000
2020-05-12,6536880000
2020-05-13,6267104000
2020-05-14,6544662000
2020-05-15,6280074000
2020-05-18,6713272000
2020-05-19,6477218000
2020-05-20,6596542000
2020-05-21,6523910000
2020-05-22,6575790000
2020-05-26,7003800000
2020-05-27,7564104000
2020-05-28,7488878000
2020-05-29,7278764000
2020-06-01,7413652000
2020-06-02,7356584000
2020-06-03,7748278000
2020-06-04,7960986000
2020-06-05,8313769999
2020-06-08,8560200000
2020-06-09,8277454000
2020-06-10,7880572000
2020-06-11,7169816000
2020-06-12,7317674000
2020-06-15,7330644000
2020-06-16,7504442000
2020-06-17,7462938000
2020-06-18,7353990000
2020-06-19,7346208000
2020-06-22,7102372000
2020-06-23,7125718000
2020-06-24,6796280000
2020-06-25,6902634000
2020-06-26,6931168000
2020-06-29,7198350000
2020-06-30,7350426000
2020-07-01,7194366000
2020-07-02,7334820000
2020-07-06,7485678000
2020-07-07,7298406000
2020-07-08,7144947000
2020-07-09,6819822000
2020-07-10,7217775000
2020-07-13,7243785000
2020-07-14,7581915000
2020-07-15,7842015000
2020-07-16,7990272000
2020-07-17,7795197000
2020-07-20,7639137000
2020-07-21,7730172000
2020-07-22,7766586000
2020-07-23,7842015000
2020-07-24,7857621000
2020-07-27,7857621000
2020-07-28,7665147000
2020-07-29,7870626000
2020-07-30,7350426000
2020-07-31,6986286000
2020-08-03,7235982000
2020-08-04,7613127000
2020-08-05,7761384000
2020-08-06,7670349000
2020-08-07,7561107000
2020-08-10,7972065000
2020-08-11,8037090000
2020-08-12,7881030000
2020-08-13,7722369000
2020-08-14,7878429000
2020-08-17,7740576000
2020-08-18,7568910000
2020-08-19,7607925000
2020-08-20,7488279000
2020-08-21,7402446000
2020-08-24,8135928000
2020-08-25,7956459000
2020-08-26,7943454000
2020-08-27,8021484000
2020-08-28,8078706000
2020-08-31,7888833000
2020-09-01,8341407000
2020-09-02,8500068000
2020-09-03,8297190000
2020-09-04,8463654000
2020-09-08,8307594000
2020-09-09,8427240000
2020-09-10,8289387000
2020-09-11,8453250000
2020-09-14,8931834000
2020-09-15,9350595000
2020-09-16,9454635000
2020-09-17,9790164000
2020-09-18,9418221000
2020-09-21,9152919000
2020-09-22,8942238000
2020-09-23,8539083000
2020-09-24,8598906000
2020-09-25,9314181000
2020-09-28,9098298000
2020-09-29,8908425000
2020-09-30,9126198000
2020-10-01,8947562000
2020-10-02,9199754000
2020-10-05,9659479000
2020-10-06,9486097000
2020-10-07,9769813000
2020-10-08,9922179000
2020-10-09,9930060000
2020-10-12,10240046000
2020-10-13,9961584000
2020-10-14,10008870000
2020-10-15,10413428000
2020-10-16,10765446000
2020-10-19,10791716000
2020-10-20,10539524000
2020-10-21,10592064000
2020-10-22,10613080000
2020-10-23,10571048000
2020-10-26,10169117000
2020-10-27,10061410000
2020-10-28,9648971000
2020-10-29,9832861000
2020-10-30,9864385000
2020-11-02,10274197000
2020-11-03,10444952000
2020-11-04,10116577000
2020-11-05,10305721000
2020-11-06,10250554000
2020-11-09,10597318000
2020-11-10,10962471000
2020-11-11,10828494000
2020-11-12,10229538000
2020-11-13,10626215000
2020-11-16,11177885000
2020-11-17,11456347000
2020-11-18,11501006000
2020-11-19,11188393000
2020-11-20,11088567000
2020-11-23,11327624000
2020-11-24,11934461000
2020-11-25,11574562000
2020-11-27,11574562000
2020-11-30,11088567000
2020-12-01,11319743000
2020-12-02,11419569000
2020-12-03,11259322000
2020-12-04,11684896000
2020-12-07,11695404000
2020-12-08,11850397000
2020-12-09,11792603000
2020-12-10,11535157000
2020-12-11,11435331000
2020-12-14,11301354000
2020-12-15,11674388000
2020-12-16,11624475000
2020-12-17,11816246000
2020-12-18,11721674000
2020-12-21,11564054000
2020-12-22,11514141000
2020-12-23,11677015000
2020-12-24,11684896000
2020-12-28,11535157000
2020-12-29,11314489000
2020-12-30,11409061000
2020-12-31,11531097000
2021-01-04,11245005000
2021-01-05,11525799000
2021-01-06,12251625000
2021-01-07,12140367000
2021-01-08,11981427000
2021-01-11,12304605000
2021-01-12,12516525000
2021-01-13,12434406000
2021-01-14,12418512000
2021-01-15,12100632000
2021-01-19,11830434000
2021-01-20,12052950000
2021-01-21,12346989000
2021-01-22,12362883000
2021-01-25,11687388000
2021-01-26,11613216000
2021-01-27,11075469000
2021-01-28,10781430000
2021-01-29,10974807000
2021-02-01,10969509000
2021-02-02,11096661000
2021-02-03,11268846000
2021-02-04,10972158000
2021-02-05,11411892000
2021-02-08,11316528000
2021-02-09,11589375000
2021-02-10,11570832000
2021-02-11,11414541000
2021-02-12,11719176000
2021-02-16,11592024000
2021-02-17,11655600000
2021-02-18,11374806000
2021-02-19,11642355000
2021-02-22,11613216000
2021-02-23,11946990000
2021-02-24,11886063000
2021-02-25,11711229000
2021-02-26,11546991000
2021-03-01,12230433000
2021-03-02,12389373000
2021-03-03,12691359000
2021-03-04,12818511000
2021-03-05,13425132000
2021-03-08,14087382000
2021-03-09,14026455000
2021-03-10,13962879000
2021-03-11,13613211000
2021-03-12,13660893000
2021-03-15,13528443000
2021-03-16,13398642000
2021-03-17,13788045000
2021-03-18,13841025000
2021-03-19,13719171000
2021-03-22,13313874000
2021-03-23,12802617000
2021-03-24,13091358000
2021-03-25,13737714000
2021-03-26,14193342000
2021-03-29,14018508000
2021-03-30,14097978000
2021-03-31,13871325000
2021-04-01,13908635000
2021-04-05,14089855000
2021-04-06,14292395000
2021-04-07,14068535000
2021-04-08,14057875000
2021-04-09,14071200000
2021-04-12,14468285000
2021-04-13,13975260000
2021-04-14,14177800000
2021-04-15,14289730000
2021-04-16,14558895000
2021-04-19,14436305000
2021-04-20,14228435000
2021-04-21,14311050000
2021-04-22,13991250000
2021-04-23,14204450000
2021-04-26,14281735000
2021-04-27,14529580000
2021-04-28,14630850000
2021-04-29,14937325000
2021-04-30,14857375000
2021-05-03,15289105000
2021-05-04,15411695000
2021-05-05,15544945000
2021-05-06,16024645000
2021-05-07,15920710000
2021-05-10,15904720000
2021-05-11,16181880000
2021-05-12,15571595000
2021-05-13,16109925000
2021-05-14,16141905000
2021-05-17,16472365000
2021-05-18,15915380000
2021-05-19,15576925000
2021-05-20,15414360000
2021-05-21,15441010000
2021-05-24,15526290000
2021-05-25,15323750000
2021-05-26,15321085000
2021-05-27,15472990000
2021-05-28,15542280000
2021-06-01,15843425000
2021-06-02,15662205000
2021-06-03,15675530000
2021-06-04,15715505000
2021-06-07,15430350000
2021-06-08,15515630000
2021-06-09,15169180000
2021-06-10,14963975000
2021-06-11,15281110000
2021-06-14,14729455000
2021-06-15,15043925000
2021-06-16,14726790000
2021-06-17,14065870000
2021-06-18,13865995000
2021-06-21,14348360000
2021-06-22,14284400000
2021-06-23,14167140000
2021-06-24,14220440000
2021-06-25,14199120000
2021-06-28,14116505000
2021-06-29,14009905000
2021-06-30,14103300000
2021-07-01,14135100000
2021-07-02,13965500000
2021-07-06,13589200000
2021-07-07,13840950000
2021-07-08,13708450000
2021-07-09,14010550000
2021-07-12,13992000000
2021-07-13,13668700000
2021-07-14,13583900000
2021-07-15,13326850000
2021-07-16,12987650000
2021-07-19,12717350000
2021-07-20,12852500000
2021-07-21,12918750000
2021-07-22,12709400000
2021-07-23,12765050000
2021-07-26,13043300000
2021-07-27,13173150000
2021-07-28,13186400000
2021-07-29,13114850000
2021-07-30,13040650000
2021-08-02,12886950000
2021-08-03,13178450000
2021-08-04,12916100000
2021-08-05,12839250000
2021-08-06,12934650000
2021-08-09,13091000000
2021-08-10,13528250000
2021-08-11,13817100000
2021-08-12,13703150000
2021-08-13,13573300000
2021-08-16,13575950000
2021-08-17,13316250000
2021-08-18,13165200000
2021-08-19,12929350000
2021-08-20,13098950000
2021-08-23,13149300000
2021-08-24,13440800000
2021-08-25,13578600000
2021-08-26,13377200000
2021-08-27,13766750000
2021-08-30,13594500000
2021-08-31,13790600000
2021-09-01,13713750000
2021-09-02,13917800000
2021-09-03,13939000000
2021-09-07,13639550000
2021-09-08,13628950000
2021-09-09,13721700000
2021-09-10,13745550000
2021-09-13,13681950000
2021-09-14,13398400000
2021-09-15,13491150000
2021-09-16,13422250000
2021-09-17,13173150000
2021-09-20,12894900000
2021-09-21,12770350000
2021-09-22,12945250000
2021-09-23,13305650000
2021-09-24,13369250000
2021-09-27,13705800000
2021-09-28,13774700000
2021-09-29,13748200000
2021-09-30,13185018000
2021-10-01,13476078000
2021-10-04,13566042000
2021-10-05,13661298000
2021-10-06,13386114000
2021-10-07,13473432000
2021-10-08,13304088000
2021-10-11,13547520000
2021-10-12,13558104000
2021-10-13,13192956000
2021-10-14,13050072000
2021-10-15,12322422000
2021-10-18,12637296000
2021-10-19,12753720000
2021-10-20,12957462000
2021-10-21,12854268000
2021-10-22,12856914000
2021-10-25,12851622000
2021-10-26,12957462000
2021-10-27,12621420000
2021-10-28,12949524000
2021-10-29,12727260000
2021-11-01,12645234000
2021-11-02,12473244000
2021-11-03,12811932000
2021-11-04,12692862000
2021-11-05,12901896000
2021-11-08,12997152000
2021-11-09,12811932000
2021-11-10,12973338000
2021-11-11,13147974000
2021-11-12,12965400000
2021-11-15,12999798000
2021-11-16,13015674000
2021-11-17,12968046000
2021-11-18,12700800000
2021-11-19,12375342000
2021-11-22,12737844000
2021-11-23,12698154000
2021-11-24,12393864000
2021-11-26,12261564000
2021-11-29,12203352000
2021-11-30,11480994000
2021-12-01,11515392000
2021-12-02,11899062000
2021-12-03,11843496000
2021-12-06,12034008000
2021-12-07,11957274000
2021-12-08,11795868000
2021-12-09,11652984000
2021-12-10,11541852000
2021-12-13,11383092000
2021-12-14,11459826000
2021-12-15,11525976000
2021-12-16,11912292000
2021-12-17,11626524000
2021-12-20,11240208000
2021-12-21,11462472000
2021-12-22,11340756000
2021-12-23,11377800000
2021-12-27,11578896000
2021-12-28,11692674000
2021-12-29,11716488000
2021-12-30,11700612000
2021-12-31,11684424000
2022-01-03,11639646000
2022-01-04,12055818000
2022-01-05,12163812000
2022-01-06,12150642000
2022-01-07,12363996000
2022-01-10,12005772000
2022-01-11,12100596000
2022-01-12,12116400000
2022-01-13,12445650000
2022-01-14,12356094000
2022-01-18,12045282000
2022-01-19,12187518000
2022-01-20,11916216000
2022-01-21,11557992000
2022-01-24,11850366000
2022-01-25,11615940000
2022-01-26,11428926000
2022-01-27,11552724000
2022-01-28,11700228000
2022-01-31,12158544000
2022-02-01,12200688000
2022-02-02,12079524000
2022-02-03,12150642000
2022-02-04,11950458000
2022-02-07,11929386000
2022-02-08,12411408000
2022-02-09,12485160000
2022-02-10,12292878000
2022-02-11,12237564000
2022-02-14,12061086000
2022-02-15,12495696000
2022-02-16,12421944000
2022-02-17,12250734000
2022-02-18,12287610000
2022-02-22,12240198000
2022-02-23,11858268000
2022-02-24,11723934000
2022-02-25,12179616000
2022-02-28,11924118000
2022-03-01,11428926000
2022-03-02,11584332000
2022-03-03,11676522000
2022-03-04,11513214000
2022-03-07,10933734000
2022-03-08,10741452000
2022-03-09,11191866000
2022-03-10,11223474000
2022-03-11,11405220000
2022-03-14,12040014000
2022-03-15,12126936000
2022-03-16,12469356000
2022-03-17,12595788000
2022-03-18,12532572000
2022-03-21,12356094000
2022-03-22,12469356000
2022-03-23,12148008000
2022-03-24,12411408000
2022-03-25,12632664000
2022-03-28,12514134000
2022-03-29,12640566000
2022-03-30,12469356000
2022-03-31,12020868000
2022-04-01,12061764000
2022-04-04,12038760000
2022-04-05,11951856000
2022-04-06,11913516000
2022-04-07,11834280000
2022-04-08,12059208000
2022-04-11,12166560000
2022-04-12,12238128000
2022-04-13,12647088000
2022-04-14,12762108000
2022-04-18,12854124000
2022-04-19,13117392000
2022-04-20,13342320000
2022-04-21,13342320000
2022-04-22,12887352000
2022-04-25,12713544000
2022-04-26,12483504000
2022-04-27,12608748000
2022-04-28,12774888000
2022-04-29,12659868000
2022-05-02,12777444000
2022-05-03,13079052000
2022-05-04,13485456000
2022-05-05,13850964000
2022-05-06,13649040000
2022-05-09,13114836000
2022-05-10,13119948000
2022-05-11,12846456000
2022-05-12,12130776000
2022-05-13,11811276000
2022-05-16,11836836000
2022-05-17,12302028000
2022-05-18,11565900000
2022-05-19,11473884000
2022-05-20,11287296000
2022-05-23,11670696000
2022-05-24,11563344000
2022-05-25,11783160000
2022-05-26,12115440000
2022-05-27,12534624000
2022-05-31,12394044000
2022-06-01,12304584000
2022-06-02,12636864000
2022-06-03,12593412000
2022-06-06,12419604000
2022-06-07,12664980000
2022-06-08,12424716000
2022-06-09,12092436000
2022-06-10,11532672000
2022-06-13,10791432000
2022-06-14,10932012000
2022-06-15,11093040000
2022-06-16,10553724000
2022-06-17,10505160000
2022-06-21,10264896000
2022-06-22,10042524000
2022-06-23,9935172000
2022-06-24,10387584000
2022-06-27,10477044000
2022-06-28,10305792000
2022-06-29,10277676000
2022-06-30,10135296000
2022-07-01,10209072000
2022-07-05,10112400000
2022-07-06,10242144000
2022-07-07,10438032000
2022-07-08,10265040000
2022-07-11,10193808000
2022-07-12,10303200000
2022-07-13,10036080000
2022-07-14,9906336000
2022-07-15,10020816000
2022-07-18,9934320000
2022-07-19,10277760000
2022-07-20,10430400000
2022-07-21,10552512000
2022-07-22,10514352000
2022-07-25,10598304000
2022-07-26,10356624000
2022-07-27,10621200000
2022-07-28,10722960000
2022-07-29,10776384000
2022-08-01,10730592000
2022-08-02,10628832000
2022-08-03,10702608000
2022-08-04,10280304000
2022-08-05,10224336000
2022-08-08,10346448000
2022-08-09,10394784000
2022-08-10,10600848000
2022-08-11,10677168000
2022-08-12,10903584000
2022-08-15,10763664000
2022-08-16,10929024000
2022-08-17,10702608000
2022-08-18,10839984000
2022-08-19,10580496000
2022-08-22,10343904000
2022-08-23,10542336000
2022-08-24,10478736000
2022-08-25,10974816000
2022-08-26,10486368000
2022-08-29,10496544000
2022-08-30,10547424000
2022-08-31,10326096000
2022-09-01,10122576000
2022-09-02,10084416000
2022-09-06,10041168000
2022-09-07,10290480000
2022-09-08,10300656000
2022-09-09,10382064000
2022-09-12,10534704000
2022-09-13,10005552000
2022-09-14,9763872000
2022-09-15,9814752000
2022-09-16,8687760000
2022-09-19,9163488000
2022-09-20,8751360000
2022-09-21,8550384000
2022-09-22,8351952000
2022-09-23,8166240000
2022-09-26,8031408000
2022-09-27,8016144000
2022-09-28,8242560000
2022-09-29,7983072000
2022-09-30,7867683000
2022-10-03,8130024000
2022-10-04,8417834999
2022-10-05,8338878000
2022-10-06,8160588000
2022-10-07,7984845000
2022-10-10,7989939000
2022-10-11,8000127000
2022-10-12,7941546000
2022-10-13,8173323000
2022-10-14,8061255000
2022-10-17,8247186000
2022-10-18,8461134000
2022-10-19,8270109000
2022-10-20,8147853000
2022-10-21,8369442000
2022-10-24,8430570000
2022-10-25,8527355999
2022-10-26,8494245000
2022-10-27,8583390000
2022-10-28,8728569000
2022-10-31,8675082000
2022-11-01,8672535000
2022-11-02,8550279000
2022-11-03,8517167999
2022-11-04,8817714000
2022-11-07,8932329000
2022-11-08,9006192000
2022-11-09,8797338000
2022-11-10,9411165000
2022-11-11,9592002000
2022-11-14,9436635000
2022-11-15,9327114000
2022-11-16,9230328000
2022-11-17,9194670000
2022-11-18,9299097000
2022-11-21,9431541000
2022-11-22,9561438000
2022-11-23,9581814000
2022-11-25,9553797000
2022-11-28,9225234000
2022-11-29,9352584000
2022-11-30,9658224000
2022-12-01,9683694000
2022-12-02,9640395000
2022-12-05,9334755000
2022-12-06,9283815000
2022-12-07,9153918000
2022-12-08,9169200000
2022-12-09,9138636000
2022-12-12,9334755000
2022-12-13,9395883000
2022-12-14,9367866000
2022-12-15,9115713000
2022-12-16,8932329000
2022-12-19,8863560000
2022-12-20,8858466000
2022-12-21,8978175000
2022-12-22,8871201000
2022-12-23,9031662000
2022-12-27,9067320000
2022-12-28,8886483000
2022-12-29,8988363000
2022-12-30,8955252000
2023-01-03,9068688000
2023-01-04,9298728000
2023-01-05,9045684000
2023-01-06,9388188000
2023-01-09,9367740000
2023-01-10,9383076000
2023-01-11,9431640000
2023-01-12,9554328000
2023-01-13,9602892000
2023-01-17,9482760000
2023-01-18,9296172000
2023-01-19,9316620000
2023-01-20,9492984000
2023-01-23,9454644000
2023-01-24,9331956000
2023-01-25,9375408000
2023-01-26,9725580000
2023-01-27,9717912000
2023-01-30,9559440000
2023-01-31,10029744000
2023-02-01,8759412000
2023-02-02,9066132000
2023-02-03,8917884000
2023-02-06,8731296000
2023-02-07,8544708000
2023-02-08,8409240000
2023-02-09,8342784000
2023-02-10,8450136000
2023-02-13,8445024000
2023-02-14,8434800000
2023-02-15,8534484000
2023-02-16,8457804000
2023-02-17,8319779999
2023-02-21,7910820000
2023-02-22,8064180000
2023-02-23,8117856000
2023-02-24,8089740000
2023-02-27,8087184000
2023-02-28,8025840000
2023-03-01,8163864000
2023-03-02,8260992000
2023-03-03,8429687999
2023-03-06,8163864000
2023-03-07,7987500000
2023-03-08,8038620000
2023-03-09,7849476000
2023-03-10,7619436000
2023-03-13,7266708000
2023-03-14,7243704000
2023-03-15,7036668000
2023-03-16,7103124000
2023-03-17,6919092000
2023-03-20,7251372000
2023-03-21,7299936000
2023-03-22,7292268000
2023-03-23,7261596000
2023-03-24,7312716000
2023-03-27,7368948000
2023-03-28,7435404000
2023-03-29,7604100000
2023-03-30,7627104000
2023-03-31,7809461000
2023-04-03,7822276000
2023-04-04,7689000000
2023-04-05,7699252000
2023-04-06,7704378000
2023-04-10,7719756000
2023-04-11,7817150000
2023-04-12,7735134000
2023-04-13,7783831000
2023-04-14,7735134000
2023-04-17,7858158000
2023-04-18,7860721000
2023-04-19,7901729000
2023-04-20,7963241000
2023-04-21,7891477000
2023-04-24,7909418000
2023-04-25,7565976000
2023-04-26,7455767000
2023-04-27,7522405000
2023-04-28,7671059000
2023-05-01,7722319000
2023-05-02,7514716000
2023-05-03,7407070000
2023-05-04,7263542000
2023-05-05,7291735000
2023-05-08,7222534000
2023-05-09,7094384000
2023-05-10,7148207000
2023-05-11,7079006000
2023-05-12,7076443000
2023-05-15,7140518000
2023-05-16,6889344000
2023-05-17,7032872000
2023-05-18,7071317000
2023-05-19,7120014000
2023-05-22,7181526000
2023-05-23,7222534000
2023-05-24,7161022000
2023-05-25,7117451000
2023-05-26,7296861000
2023-05-30,7332743000
2023-05-31,7178963000
2023-06-01,7053376000
2023-06-02,7396818000
2023-06-05,7330180000
2023-06-06,7499338000
2023-06-07,7786394000
2023-06-08,7637740000
2023-06-09,7589043000
2023-06-12,7496775000
2023-06-13,7609547000
2023-06-14,7491649000
2023-06-15,7476271000
2023-06-16,7555724000
2023-06-20,7327617000
2023-06-21,7219971000
2023-06-22,7079006000
2023-06-23,6979049000
2023-06-26,7281483000
2023-06-27,7355810000
2023-06-28,7235349000
2023-06-29,7350684000
2023-06-30,7453547970
2023-07-03,7515083970
2023-07-05,7281759971
2023-07-06,7294579971
2023-07-07,7435599971
2023-07-10,7376627971
2023-07-11,7576619970
2023-07-12,7620207970
2023-07-13,7656103970
2023-07-14,7622771970
2023-07-17,7540723970
2023-07-18,7630463970
2023-07-19,7748407969
2023-07-20,7781739969
2023-07-21,7784303969
2023-07-24,7886863969
2023-07-25,8220183967
2023-07-26,8276591967
2023-07-27,8330435967
2023-07-28,8461199967
2023-07-31,8535555966
2023-08-01,8402227967
2023-08-02,8343255967
2023-08-03,8858619965
2023-08-04,8689395966
2023-08-07,8825287965
2023-08-08,8920155965
2023-08-09,8774007965
2023-08-10,8722727965
2023-08-11,8676575966
2023-08-14,8576579966
2023-08-15,8404791967
2023-08-16,8307359967
2023-08-17,8322743967
2023-08-18,8233003967
2023-08-21,8081727968
2023-08-22,8115059968
2023-08-23,8222747967
2023-08-24,8117623968
2023-08-25,8145827968
2023-08-28,8284283967
2023-08-29,8399663967
2023-08-30,8330435967
2023-08-31,8386843967
2023-09-01,8422739967
2023-09-05,8217619967
2023-09-06,8174031968
2023-09-07,8520171966
2023-09-08,8863747965
2023-09-11,8732983965
2023-09-12,8973999965
2023-09-13,9171427964
2023-09-14,9440647963
2023-09-15,9366291963
2023-09-18,9368855963
2023-09-19,9458595963
2023-09-20,9109891964
2023-09-21,9012459964
2023-09-22,9035535964
2023-09-25,9215015964
2023-09-26,9140659964
2023-09-27,9166299964
2023-09-28,9279115963
2023-09-29,9179119964
2023-10-02,9151770000
2023-10-03,9144060000
2023-10-04,9357370000
2023-10-05,9218590000
2023-10-06,9267420000
2023-10-09,9357370000
2023-10-10,9503860000
2023-10-11,9580960000
2023-10-12,9455030000
2023-10-13,9493580000
2023-10-16,9516710000
2023-10-17,9547550000
2023-10-18,9544980000
2023-10-19,9082380000
2023-10-20,8820240000
2023-10-23,8678890000
2023-10-24,8923040000
2023-10-25,8899910000
2023-10-26,9056680000
2023-10-27,9046400000
2023-10-30,9105510000
2023-10-31,9234010000
2023-11-01,9300830000
2023-11-02,9496150000
2023-11-03,9727450000
2023-11-06,9722310000
2023-11-07,9637500000
2023-11-08,9619510000
2023-11-09,9868800000
2023-11-10,9825110000
2023-11-13,9642640000
2023-11-14,9886790000
2023-11-15,9945900000
2023-11-16,9660630000
2023-11-17,9742870000
2023-11-20,9429330000
2023-11-21,9334240000
2023-11-22,9485870000
2023-11-24,9686330000
2023-11-27,9742870000
2023-11-28,9871370000
2023-11-29,10305700000
2023-11-30,10580690000
2023-12-01,10724610000
2023-12-04,10678350000
2023-12-05,10395650000
2023-12-06,10472750000
2023-12-07,10529290000
2023-12-08,10578120000
2023-12-11,10624380000
2023-12-12,10465040000
2023-12-13,10729750000
2023-12-14,11089550000
2023-12-15,10932780000
2023-12-18,11002170000
2023-12-19,11122960000
2023-12-20,11030440000
2023-12-21,10770870000
2023-12-22,10729750000
2023-12-26,10827410000
2023-12-27,10986750000
2023-12-28,10824840000
2023-12-29,10670640000
2024-01-02,10779240000
2024-01-03,10735380000
2024-01-04,10877280000
2024-01-05,10812780000
2024-01-08,10993380000
2024-01-09,10882440000
2024-01-10,10799880000
2024-01-11,10717320000
2024-01-12,10756020000
2024-01-16,10639920000
2024-01-17,10446420000
2024-01-18,10446420000
2024-01-19,10317420000
2024-01-22,10309680000
2024-01-23,10430940000
2024-01-24,10526400000
2024-01-25,10946940000
2024-01-26,10936620000
2024-01-29,10786980000
2024-01-30,10678620000
2024-01-31,10387080000
2024-02-01,10121340000
2024-02-02,10018140000
2024-02-05,9974280000
2024-02-06,9899460000
2024-02-07,10299360000
2024-02-08,11047560000
2024-02-09,10965000000
2024-02-12,11006280000
2024-02-13,10910820000
2024-02-14,10995960000
2024-02-15,11173980000
2024-02-16,11277180000
2024-02-20,11295240000
2024-02-21,11287500000
2024-02-22,11336520000
2024-02-23,11328780000
2024-02-26,11279760000
2024-02-27,11524860000
2024-02-28,11617740000
2024-02-29,11684820000
2024-03-01,11615160000
2024-03-04,11602260000
2024-03-05,11630640000
2024-03-06,11413920000
2024-03-07,11695140000
2024-03-08,11754480000
2024-03-11,11955720000
2024-03-12,12102780000
2024-03-13,12100200000
2024-03-14,12365940000
2024-03-15,12538800000
2024-03-18,12484620000
2024-03-19,12654900000
2024-03-20,12755520000
2024-03-21,12598140000
2024-03-22,12440760000
2024-03-25,12562020000
2024-03-26,12729720000
2024-03-27,12693600000
2024-03-28,12758100000
2024-04-01,12729720000
2024-04-02,12711660000
2024-04-03,12616200000
2024-04-04,12600720000
2024-04-05,12616200000
2024-04-08,12706500000
2024-04-09,12680700000
2024-04-10,12667800000
2024-04-11,12678120000
2024-04-12,12381420000
2024-04-15,12255000000
2024-04-16,12180180000
2024-04-17,12185340000
2024-04-18,12273060000
2024-04-19,12381420000
2024-04-22,12402060000
2024-04-23,12151800000
2024-04-24,12249840000
2024-04-25,12076980000
2024-04-26,12190500000
2024-04-29,12523320000
2024-04-30,12373680000
2024-05-01,12358200000
2024-05-02,13186380000
2024-05-03,13199280000
2024-05-06,13261200000
2024-05-07,13317960000
2024-05-08,13366980000
2024-05-09,13338600000
2024-05-10,13323120000
2024-05-13,13183800000
2024-05-14,13328280000
2024-05-15,13643040000
2024-05-16,13506300000
2024-05-17,13658520000
2024-05-20,13542420000
2024-05-21,13604340000
2024-05-22,13661100000
2024-05-23,13679160000
2024-05-24,13965540000
2024-05-28,13756560000
2024-05-29,13784940000
2024-05-30,13993920000
2024-05-31,13839120000
2024-06-03,14122920000
2024-06-04,13934580000
2024-06-05,13828800000
2024-06-06,13477920000
2024-06-07,13379880000
2024-06-10,13029000000
2024-06-11,12936120000
2024-06-12,12737460000
2024-06-13,13013520000
2024-06-14,12812280000
2024-06-17,12897420000
2024-06-18,12822600000
2024-06-20,13465020000
2024-06-21,13083180000
2024-06-24,13181220000
2024-06-25,12954180000
2024-06-26,12822600000
2024-06-27,12832920000
2024-06-28,12967080000
2024-07-01,12789060000
2024-07-02,12587820000
2024-07-03,12835500000
2024-07-05,13289580000
